Country;Settlement;Repository;Shelfmark;manifest;IMPR
BE;Gent;Universiteitsbibliotheek;197;https://adore.ugent.be/IIIF/manifests/archive.ugent.be%3ACC0726BC-F6FA-11E7-8F64-7FDC0AD9BE4D;
BE;Gent;Universiteitsbibliotheek;234;https://adore.ugent.be/IIIF/manifests/archive.ugent.be%3A7F0C4994-C579-11E7-8646-155E6EE4309A;
BE;Tournai;Bibliothèque du Séminaire;015;https://bvmm.irht.cnrs.fr/iiif/21126/manifest;
BE;Tournai;Bibliothèque du Séminaire;016;https://bvmm.irht.cnrs.fr/iiif/21517/manifest;
CA;Vancouver;University of British Columbia Library;BX2080 A2 1430;https://iiif.library.ubc.ca/presentation/cdm.manuscripts.1-0224790/manifest;
CH;Basel;Universitätsbibliothek;AN VIII 45;https://www.e-codices.unifr.ch/metadata/iiif/ubb-AN-VIII-0045/manifest.json;
CH;Chavannes-près-Renens;Archives cantonales vaudoises;P Château de la Sarraz H 50;https://www.e-codices.unifr.ch/metadata/iiif/acv-P-Sarraz-H-0050/manifest.json;
CH;Genève;Bibliothèque de Genève;Comites Latentes 038;https://e-codices.unifr.ch/metadata/iiif/bge-cl0038/manifest.json;
CH;Genève;Bibliothèque de Genève;Comites Latentes 054;https://www.e-codices.unifr.ch/metadata/iiif/bge-cl0054/manifest.json;
CH;Genève;Bibliothèque de Genève;Comites Latentes 124;https://www.e-codices.unifr.ch/metadata/iiif/bge-cl0124/manifest.json;
CH;Genève;Bibliothèque de Genève;lat. 031;https://e-codices.unifr.ch/metadata/iiif/bge-lat0031/manifest.json;
CH;Genève;Bibliothèque de Genève;lat. 032;https://www.e-codices.unifr.ch/metadata/iiif/bge-lat0032/manifest.json;
CH;Genève;Bibliothèque de Genève;lat. 032a;https://www.e-codices.unifr.ch/metadata/iiif/bge-lat0032a/manifest.json;
CH;Genève;Bibliothèque de Genève;lat. 033;https://www.e-codices.unifr.ch/metadata/iiif/bge-lat0033/manifest.json;
CH;Genève;Bibliothèque de Genève;lat. 034;https://www.e-codices.unifr.ch/metadata/iiif/bge-lat0034/manifest.json;
CH;Genève;Bibliothèque de Genève;lat. 035;https://www.e-codices.unifr.ch/metadata/iiif/bge-lat0035/manifest.json;
CH;Genève;Bibliothèque de Genève;lat. 147;https://www.e-codices.unifr.ch/metadata/iiif/bge-lat0147/manifest.json;
CH;Genève;Bibliothèque de Genève;lat. 367;https://www.e-codices.unifr.ch/metadata/iiif/bge-lat0367/manifest.json;
CH;Hermetschwil;Benediktinerinnenkloster;Cod. chart. 139;https://www.e-codices.unifr.ch/metadata/iiif/hba-chart0139/manifest.json;
CH;Hermetschwil;Benediktinerinnenkloster;Cod. chart. 140;https://www.e-codices.unifr.ch/metadata/iiif/hba-chart0140/manifest.json;
CH;Hermetschwil;Benediktinerinnenkloster;Cod. chart. 195;https://www.e-codices.unifr.ch/metadata/iiif/hba-chart0195/manifest.json;
CH;Hermetschwil;Benediktinerinnenkloster;Cod. membr. 35;https://www.e-codices.unifr.ch/metadata/iiif/hba-membr0035/manifest.json;
CH;Hermetschwil;Benediktinerinnenkloster;Cod. membr. 61;https://www.e-codices.unifr.ch/metadata/iiif/hba-membr0061/manifest.json;
CH;Luzern;Zentral- und Hochschulbibliothek;P 6 4°;https://www.e-codices.unifr.ch/metadata/iiif/zhl-P0006-4/manifest.json;
CH;Neuchâtel;Bibliothèque publique et universitaire de Neuchâtel;AF A28;https://www.e-codices.unifr.ch/metadata/iiif/bpun-A0028/manifest.json;
CH;Porrentruy;Bibliothèque cantonale jurassienne;Ms. 9;https://www.e-codices.unifr.ch/metadata/iiif/bcj-0009/manifest.json;
CH;Sarnen;Benediktinerkollegium;Cod. membr. 64;https://www.e-codices.unifr.ch/metadata/iiif/bks-membr0064/manifest.json;
CH;St. Gallen;Stiftsbibliothek;Cod. Sang. 2107;https://www.e-codices.unifr.ch/metadata/iiif/csg-2107/manifest.json;
CH;St. Gallen;Stiftsbibliothek;Cod. Sang. 470;https://e-codices.unifr.ch/metadata/iiif/csg-0470/manifest.json;
CH;Trogen;Kantonsbibliothek Appenzell Ausserrhoden;CM Ms. 4;https://www.e-codices.unifr.ch/metadata/iiif/cea-0004/manifest.json;
CH;Trogen;Kantonsbibliothek Appenzell Ausserrhoden;CM Ms. 5;https://www.e-codices.unifr.ch/metadata/iiif/cea-0005/manifest.json;
CH;Trogen;Kantonsbibliothek Appenzell Ausserrhoden;CM Ms. 6;https://www.e-codices.unifr.ch/metadata/iiif/cea-0006/manifest.json;
CH;Trogen;Kantonsbibliothek Appenzell Ausserrhoden;CM Ms. 7;https://www.e-codices.unifr.ch/metadata/iiif/cea-0007/manifest.json;
CH;Trogen;Kantonsbibliothek Appenzell Ausserrhoden;CM Ms. 8;https://www.e-codices.unifr.ch/metadata/iiif/cea-0008/manifest.json;
CH;Utopia;Armarium codicum bibliophilorum;Cod. 100;https://www.e-codices.unifr.ch/metadata/iiif/utp-0100/manifest.json;
CH;Utopia;Armarium codicum bibliophilorum;Cod. 101;https://www.e-codices.unifr.ch/metadata/iiif/utp-0101/manifest.json;
CH;Utopia;Armarium codicum bibliophilorum;Cod. 102;https://www.e-codices.unifr.ch/metadata/iiif/utp-0102/manifest.json;
CH;Utopia;Armarium codicum bibliophilorum;Cod. 103;https://www.e-codices.unifr.ch/metadata/iiif/utp-0103/manifest.json;
CH;Utopia;Armarium codicum bibliophilorum;Cod. 104;https://www.e-codices.unifr.ch/metadata/iiif/utp-0104/manifest.json;
CH;Utopia;Armarium codicum bibliophilorum;Cod. 105;https://www.e-codices.unifr.ch/metadata/iiif/utp-0105/manifest.json;
CH;Utopia;Armarium codicum bibliophilorum;Cod. 106;https://www.e-codices.unifr.ch/metadata/iiif/utp-0106/manifest.json;
CH;Utopia;Armarium codicum bibliophilorum;Cod. 108;https://www.e-codices.unifr.ch/metadata/iiif/utp-0108/manifest.json;
CH;Utopia;Armarium codicum bibliophilorum;Cod. 109;https://www.e-codices.unifr.ch/metadata/iiif/utp-0109/manifest.json;
CH;Utopia;Armarium codicum bibliophilorum;Cod. 110;https://www.e-codices.unifr.ch/metadata/iiif/utp-0110/manifest.json;
CH;Utopia;Armarium codicum bibliophilorum;Cod. 111;https://www.e-codices.unifr.ch/metadata/iiif/utp-0111/manifest.json;
CH;Zürich;Schweizerisches Nationalmuseum;LM 1314;https://www.e-codices.unifr.ch/metadata/iiif/snm-LM001314/manifest.json;
CH;Zürich;Schweizerisches Nationalmuseum;LM 51690.1;https://www.e-codices.unifr.ch/metadata/iiif/snm-LM051690-1/manifest.json;
CH;Zürich;Schweizerisches Nationalmuseum;LM 51690.2;https://www.e-codices.unifr.ch/metadata/iiif/snm-LM051690-2/manifest.json;
CH;Zürich;Schweizerisches Nationalmuseum;LM 51690.3;https://www.e-codices.unifr.ch/metadata/iiif/snm-LM051690-3/manifest.json;
CH;Zürich;Schweizerisches Nationalmuseum;LM 51690.4;https://www.e-codices.unifr.ch/metadata/iiif/snm-LM051690-4/manifest.json;
CH;Zürich;Schweizerisches Nationalmuseum;LM 51690.5;https://www.e-codices.unifr.ch/metadata/iiif/snm-LM051690-5/manifest.json;
CH;Zürich;Schweizerisches Nationalmuseum;LM 51690.6;https://www.e-codices.unifr.ch/metadata/iiif/snm-LM051690-6/manifest.json;
CH;Zürich;Schweizerisches Nationalmuseum;LM 51702;https://www.e-codices.unifr.ch/metadata/iiif/snm-LM051702/manifest.json;
CH;Zürich;Zentralbibliothek;C 168;https://www.e-manuscripta.ch/i3f/v20/1657119/manifest;
CH;Zürich;Zentralbibliothek;Rheinau 169;https://www.e-manuscripta.ch/i3f/v20/2406069/manifest;
DE;Karlsruhe;Badische Landesbibliothek;Durlach 1;https://digital.blb-karlsruhe.de/i3f/v20/490655/manifest;
DE;Karlsruhe;Badische Landesbibliothek;Karlsruhe 1271;https://digital.blb-karlsruhe.de/i3f/v20/2271795/manifest;
DE;Karlsruhe;Badische Landesbibliothek;Karlsruhe 3118;https://digital.blb-karlsruhe.de/i3f/v20/2926713/manifest;
DE;Karlsruhe;Badische Landesbibliothek;Karlsruhe 3125;https://digital.blb-karlsruhe.de/i3f/v20/3087863/manifest;
DE;Karlsruhe;Badische Landesbibliothek;Karlsruhe 92;https://digital.blb-karlsruhe.de/i3f/v20/2936647/manifest;
DE;Karlsruhe;Badische Landesbibliothek;Karlsruhe 93;https://digital.blb-karlsruhe.de/i3f/v20/2936640/manifest;
DE;Karlsruhe;Badische Landesbibliothek;Lichtenthal 45;https://digital.blb-karlsruhe.de/i3f/v20/1158471/manifest;
DE;Karlsruhe;Badische Landesbibliothek;Lichtenthal 48;https://digital.blb-karlsruhe.de/i3f/v20/1158513/manifest;
DE;Karlsruhe;Badische Landesbibliothek;Lichtenthal 55;https://digital.blb-karlsruhe.de/i3f/v20/1158560/manifest;
DE;Karlsruhe;Badische Landesbibliothek;Rastatt 30;https://digital.blb-karlsruhe.de/i3f/v20/555510/manifest;
DE;Karlsruhe;Badische Landesbibliothek;St. Georgen 28;https://digital.blb-karlsruhe.de/i3f/v20/2271783/manifest;
DE;Karlsruhe;Badische Landesbibliothek;St. Peter perg. 100;https://digital.blb-karlsruhe.de/i3f/v20/574699/manifest;
DE;Karlsruhe;Badische Landesbibliothek;St. Peter perg. 101;https://digital.blb-karlsruhe.de/i3f/v20/574706/manifest;
DE;Karlsruhe;Badische Landesbibliothek;St. Peter perg. 106;https://digital.blb-karlsruhe.de/i3f/v20/575081/manifest;
DE;Karlsruhe;Badische Landesbibliothek;St. Peter perg. 107;https://digital.blb-karlsruhe.de/i3f/v20/408494/manifest;
DE;Karlsruhe;Badische Landesbibliothek;St. Peter perg. 118;https://digital.blb-karlsruhe.de/i3f/v20/532898/manifest;
DE;Karlsruhe;Badische Landesbibliothek;St. Peter perg. 38a;https://digital.blb-karlsruhe.de/i3f/v20/575155/manifest;
DE;Karlsruhe;Badische Landesbibliothek;St. Peter perg. 66;https://digital.blb-karlsruhe.de/i3f/v20/574742/manifest;
DE;Karlsruhe;Badische Landesbibliothek;St. Peter perg. 76;https://digital.blb-karlsruhe.de/i3f/v20/408601/manifest;
DE;Karlsruhe;Badische Landesbibliothek;St. Peter perg. 77;https://digital.blb-karlsruhe.de/i3f/v20/574763/manifest;
DE;Karlsruhe;Badische Landesbibliothek;St. Peter perg. 99;https://digital.blb-karlsruhe.de/i3f/v20/574692/manifest;
DE;München;Bayerische Staatsbibliothek;4 Inc.c.a. 756 g;https://api.digitale-sammlungen.de/iiif/presentation/v2/bsb00070331/manifest;Impr
DE;München;Bayerische Staatsbibliothek;Cgm 8346;https://api.digitale-sammlungen.de/iiif/presentation/v2/bsb00036276/manifest;
DE;München;Bayerische Staatsbibliothek;Clm 06116;https://api.digitale-sammlungen.de/iiif/presentation/v2/bsb00029188/manifest;
DE;München;Bayerische Staatsbibliothek;Clm 08713;https://api.digitale-sammlungen.de/iiif/presentation/v2/bsb00036252/manifest;
DE;München;Bayerische Staatsbibliothek;Clm 10103;https://api.digitale-sammlungen.de/iiif/presentation/v2/bsb00047854/manifest;
DE;München;Bayerische Staatsbibliothek;Clm 23634;https://api.digitale-sammlungen.de/iiif/presentation/v2/bsb00019607/manifest;
DE;München;Bayerische Staatsbibliothek;Clm 23637;https://api.digitale-sammlungen.de/iiif/presentation/v2/bsb00107615/manifest;
DE;München;Bayerische Staatsbibliothek;Clm 28244;https://api.digitale-sammlungen.de/iiif/presentation/v2/bsb00105800/manifest;
DE;München;Bayerische Staatsbibliothek;Clm 30147;https://api.digitale-sammlungen.de/iiif/presentation/v2/bsb00034958/manifest;
DE;München;Bayerische Staatsbibliothek;Cod. gall. 40;https://api.digitale-sammlungen.de/iiif/presentation/v2/bsb00095049/manifest;
DE;München;Bayerische Staatsbibliothek;Inc.s.a. 77;https://api.digitale-sammlungen.de/iiif/presentation/v2/bsb00036126/manifest;Impr
FR;Abbeville;Bibliothèque municipale;015;https://bvmm.irht.cnrs.fr/iiif/21537/manifest;
FR;Albi;Bibliothèque municipale;0052 (004);https://bvmm.irht.cnrs.fr/iiif/2801/manifest;
FR;Albi;Bibliothèque municipale;0053 (002);https://bvmm.irht.cnrs.fr/iiif/2804/manifest;
FR;Albi;Bibliothèque municipale;inc. Roch. 12429;https://bvmm.irht.cnrs.fr/iiif/2853/manifest;Impr
FR;Angers;Bibliothèque municipale;2047;https://bvmm.irht.cnrs.fr/iiif/4659/manifest;
FR;Angers;Bibliothèque municipale;2048;https://bvmm.irht.cnrs.fr/iiif/4660/manifest;
FR;Angers;Bibliothèque municipale;2104;https://bvmm.irht.cnrs.fr/iiif/1140/manifest;
FR;Angers;Bibliothèque municipale;2111;https://bvmm.irht.cnrs.fr/iiif/1141/manifest;
FR;Angers;Bibliothèque municipale;0134 (0126);https://bvmm.irht.cnrs.fr/iiif/4645/manifest;
FR;Angers;Bibliothèque municipale;0138 (0130);https://bvmm.irht.cnrs.fr/iiif/1069/manifest;
FR;Angers;Bibliothèque municipale;impr. Rés. T 1343;https://bvmm.irht.cnrs.fr/iiif/1147/manifest;Impr
FR;Angers;Musée des Beaux-Arts;2003.1.071;https://bvmm.irht.cnrs.fr/iiif/1383/manifest;
FR;Angers;Musée des Beaux-Arts;2003.1.072;https://bvmm.irht.cnrs.fr/iiif/2385/manifest;
FR;Angers;Musée des Beaux-Arts;2003.1.073;https://bvmm.irht.cnrs.fr/iiif/1385/manifest;
FR;Angers;Musée des Beaux-Arts;2003.1.074;https://bvmm.irht.cnrs.fr/iiif/1386/manifest;
FR;Angers;Musée des Beaux-Arts;2003.1.075;https://bvmm.irht.cnrs.fr/iiif/1387/manifest;
FR;Angers;Musée des Beaux-Arts;2003.1.076;https://bvmm.irht.cnrs.fr/iiif/1411/manifest;
FR;Angers;Musée des Beaux-Arts;2003.1.085;https://bvmm.irht.cnrs.fr/iiif/1388/manifest;
FR;Angers;Musée des Beaux-Arts;2003.1.784;https://bvmm.irht.cnrs.fr/iiif/1397/manifest;
FR;Angers;Musée des Beaux-Arts;2003.1.785;https://bvmm.irht.cnrs.fr/iiif/1399/manifest;
FR;Angers;Musée des Beaux-Arts;2003.1.786;https://bvmm.irht.cnrs.fr/iiif/1400/manifest;
FR;Angers;Musée des Beaux-Arts;2003.1.787;https://bvmm.irht.cnrs.fr/iiif/1398/manifest;
FR;Angers;Musée des Beaux-Arts;2003.1.788;https://bvmm.irht.cnrs.fr/iiif/1390/manifest;
FR;Angers;Musée des Beaux-Arts;2003.1.789;https://bvmm.irht.cnrs.fr/iiif/1389/manifest;
FR;Angers;Musée des Beaux-Arts;impr. 2003.1.078;https://bvmm.irht.cnrs.fr/iiif/1372/manifest;Impr
FR;Argentan;Bibliothèque municipale;0027;https://bvmm.irht.cnrs.fr/iiif/4257/manifest;
FR;Arras;Bibliothèque municipale;0366 (0212);https://bvmm.irht.cnrs.fr/iiif/23957/manifest;
FR;Arras;Bibliothèque municipale;0377 (0783);https://bvmm.irht.cnrs.fr/iiif/24316/manifest;
FR;Arras;Bibliothèque municipale;0384 (0232);https://bvmm.irht.cnrs.fr/iiif/23962/manifest;
FR;Arras;Bibliothèque municipale;0779 (0778);https://bvmm.irht.cnrs.fr/iiif/24217/manifest;
FR;Arras;Bibliothèque municipale;0898 (0226);https://bvmm.irht.cnrs.fr/iiif/23976/manifest;
FR;Arras;Bibliothèque municipale;0900 (0235);https://bvmm.irht.cnrs.fr/iiif/23977/manifest;
FR;Arras;Bibliothèque municipale;1051 (0233);https://bvmm.irht.cnrs.fr/iiif/24000/manifest;
FR;Arras;Bibliothèque municipale;1135 (0219);https://bvmm.irht.cnrs.fr/iiif/24001/manifest;
FR;Auch;Bibliothèque municipale;impr. 1064;https://bvmm.irht.cnrs.fr/iiif/1188/manifest;Impr
FR;Autun;Bibliothèque de la Société Eduenne;Album Bulliot, n° 05;https://bvmm.irht.cnrs.fr/iiif/22886/manifest;
FR;Autun;Bibliothèque de la Société Eduenne;Album Bulliot, n° 31;https://bvmm.irht.cnrs.fr/iiif/22909/manifest;
FR;Autun;Bibliothèque de la Société Eduenne;M 004;https://bvmm.irht.cnrs.fr/iiif/22834/manifest;
FR;Autun;Bibliothèque municipale;269;https://bvmm.irht.cnrs.fr/iiif/22734/manifest;
FR;Autun;Bibliothèque municipale;impr. SR 347;https://bvmm.irht.cnrs.fr/iiif/22744/manifest;Impr
FR;Autun;Bibliothèque municipale;Legs Chevalier n° 15;https://bvmm.irht.cnrs.fr/iiif/12718/manifest;
FR;Autun;Bibliothèque municipale;S 119 (099 A);https://bvmm.irht.cnrs.fr/iiif/22185/manifest;
FR;Autun;Bibliothèque municipale;S 190;https://bvmm.irht.cnrs.fr/iiif/22758/manifest;
FR;Autun;Bibliothèque municipale;S 191;https://bvmm.irht.cnrs.fr/iiif/22759/manifest;
FR;Autun;Bibliothèque municipale;S 192;https://bvmm.irht.cnrs.fr/iiif/22760/manifest;
FR;Autun;Bibliothèque municipale;S 196 (2);https://bvmm.irht.cnrs.fr/iiif/22772/manifest;
FR;Autun;Musée Rolin;SE 207;https://bvmm.irht.cnrs.fr/iiif/22993/manifest;
FR;Auxerre;Trésor de la cathédrale;n°010;https://bvmm.irht.cnrs.fr/iiif/24141/manifest;
FR;Auxerre;Trésor de la cathédrale;n°011;https://bvmm.irht.cnrs.fr/iiif/24147/manifest;
FR;Auxerre;Trésor de la cathédrale;n°012;https://bvmm.irht.cnrs.fr/iiif/24142/manifest;
FR;Auxerre;Trésor de la cathédrale;n°014;https://bvmm.irht.cnrs.fr/iiif/24144/manifest;
FR;Auxerre;Trésor de la cathédrale;n°015;https://bvmm.irht.cnrs.fr/iiif/24145/manifest;
FR;Auxerre;Trésor de la cathédrale;n°016;https://bvmm.irht.cnrs.fr/iiif/24153/manifest;
FR;Auxerre;Trésor de la cathédrale;n°017;https://bvmm.irht.cnrs.fr/iiif/24154/manifest;
FR;Auxerre;Trésor de la cathédrale;n°018;https://bvmm.irht.cnrs.fr/iiif/24155/manifest;
FR;Auxerre;Trésor de la cathédrale;n°019;https://bvmm.irht.cnrs.fr/iiif/24156/manifest;
FR;Auxerre;Trésor de la cathédrale;n°020;https://bvmm.irht.cnrs.fr/iiif/24148/manifest;
FR;Avranches;Bibliothèque municipale;FP ms. 0001;https://bvmm.irht.cnrs.fr/iiif/4387/manifest;
FR;Avranches;Bibliothèque municipale;FP ms. 0002;https://bvmm.irht.cnrs.fr/iiif/4385/manifest;
FR;Avranches;Bibliothèque municipale;FP ms. 0003;https://bvmm.irht.cnrs.fr/iiif/4386/manifest;
FR;Avranches;Bibliothèque municipale;inv. 094.1.1;https://bvmm.irht.cnrs.fr/iiif/17953/manifest;
FR;Bayeux;Bibliothèque du chapitre;0080;https://bvmm.irht.cnrs.fr/iiif/3468/manifest;
FR;Beaune;Archives hospitalières;impr. Layette 123, 07;https://bvmm.irht.cnrs.fr/iiif/23169/manifest;Impr
FR;Beaune;Archives hospitalières;impr. Layette 123, 08;https://bvmm.irht.cnrs.fr/iiif/23173/manifest;Impr
FR;Beaune;Archives hospitalières;Layette 122, 03;https://bvmm.irht.cnrs.fr/iiif/23191/manifest;
FR;Beaune;Archives hospitalières;Layette 122, 06;https://bvmm.irht.cnrs.fr/iiif/23172/manifest;
FR;Beaune;Archives hospitalières;Layette 122, 09;https://bvmm.irht.cnrs.fr/iiif/23167/manifest;
FR;Beaune;Archives hospitalières;Layette 123, 04;https://bvmm.irht.cnrs.fr/iiif/23168/manifest;
FR;Beaune;Archives hospitalières;Layette 123, 05;https://bvmm.irht.cnrs.fr/iiif/23171/manifest;
FR;Beaune;Archives hospitalières;Layette 123, 06;https://bvmm.irht.cnrs.fr/iiif/23170/manifest;
FR;Beaune;Bibliothèque municipale;039 (038);https://bvmm.irht.cnrs.fr/iiif/23069/manifest;
FR;Beaune;Bibliothèque municipale;045 (044);https://bvmm.irht.cnrs.fr/iiif/23094/manifest;
FR;Beaune;Bibliothèque municipale;053 (052);https://bvmm.irht.cnrs.fr/iiif/23077/manifest;
FR;Beaune;Bibliothèque municipale;054 (053);https://bvmm.irht.cnrs.fr/iiif/23082/manifest;
FR;Beaune;Bibliothèque municipale;055 (054);https://bvmm.irht.cnrs.fr/iiif/23083/manifest;
FR;Beaune;Bibliothèque municipale;059 (058);https://bvmm.irht.cnrs.fr/iiif/23084/manifest;
FR;Beaune;Bibliothèque municipale;060 (059);https://bvmm.irht.cnrs.fr/iiif/23085/manifest;
FR;Besançon;Bibliothèque municipale;0050;https://bvmm.irht.cnrs.fr/iiif/21534/manifest;
FR;Besançon;Bibliothèque municipale;0154;https://bvmm.irht.cnrs.fr/iiif/21535/manifest;
FR;Besançon;Bibliothèque municipale;0155;https://bvmm.irht.cnrs.fr/iiif/21536/manifest;
FR;Bordeaux;Bibliothèque municipale;0090;https://bvmm.irht.cnrs.fr/iiif/3902/manifest;
FR;Bordeaux;Bibliothèque municipale;0091;https://bvmm.irht.cnrs.fr/iiif/3901/manifest;
FR;Bordeaux;Bibliothèque municipale;0094;https://bvmm.irht.cnrs.fr/iiif/3898/manifest;
FR;Bordeaux;Bibliothèque municipale;1525;https://bvmm.irht.cnrs.fr/iiif/3391/manifest;
FR;Bordeaux;Bibliothèque municipale;1780;https://bvmm.irht.cnrs.fr/iiif/3386/manifest;
FR;Bordeaux;Bibliothèque municipale;Inc. 319;https://bvmm.irht.cnrs.fr/iiif/3039/manifest;Impr
FR;Boulogne-sur-Mer;Bibliothèque municipale;0089;https://bvmm.irht.cnrs.fr/iiif/88/manifest;
FR;Boulogne-sur-Mer;Bibliothèque municipale;0504;https://bvmm.irht.cnrs.fr/iiif/120/manifest;
FR;Boulogne-sur-Mer;Bibliothèque municipale;1154;https://bvmm.irht.cnrs.fr/iiif/122/manifest;
FR;Caen;Musée des Beaux-Arts;FMM.238;https://bvmm.irht.cnrs.fr/iiif/19763/manifest;
FR;Caen;Musée des Beaux-Arts;FMM.239;https://bvmm.irht.cnrs.fr/iiif/19755/manifest;
FR;Caen;Musée des Beaux-Arts;FMM.241;https://bvmm.irht.cnrs.fr/iiif/19745/manifest;
FR;Caen;Musée des Beaux-Arts;FMM.273;https://bvmm.irht.cnrs.fr/iiif/19749/manifest;
FR;Chalon-sur-Saône;Musée Denon;inv. 2005.0.3.16;https://bvmm.irht.cnrs.fr/iiif/19844/manifest;
FR;Chalon-sur-Saône;Musée Denon;inv. 2005.0.3.17;https://bvmm.irht.cnrs.fr/iiif/19845/manifest;
FR;Chalon-sur-Saône;Musée Denon;inv. 2005.0.3.18;https://bvmm.irht.cnrs.fr/iiif/19846/manifest;
FR;Chantilly;Bibliothèque et archives du musée Condé;0008 (1376);https://bvmm.irht.cnrs.fr/iiif/181/manifest;
FR;Chantilly;Bibliothèque et archives du musée Condé;0062 (1423);https://bvmm.irht.cnrs.fr/iiif/228/manifest;
FR;Chantilly;Bibliothèque et archives du musée Condé;0063 (1366);https://bvmm.irht.cnrs.fr/iiif/229/manifest;
FR;Chantilly;Bibliothèque et archives du musée Condé;0065 (1284);https://bvmm.irht.cnrs.fr/iiif/22470/manifest;
FR;Chantilly;Bibliothèque et archives du musée Condé;0066 (1383);https://bvmm.irht.cnrs.fr/iiif/201/manifest;
FR;Chantilly;Bibliothèque et archives du musée Condé;0067 (1371);https://bvmm.irht.cnrs.fr/iiif/226/manifest;
FR;Chantilly;Bibliothèque et archives du musée Condé;0068 (1141);https://bvmm.irht.cnrs.fr/iiif/227/manifest;
FR;Chantilly;Bibliothèque et archives du musée Condé;0069 (1456);https://bvmm.irht.cnrs.fr/iiif/203/manifest;
FR;Chantilly;Bibliothèque et archives du musée Condé;0070 (1457);https://bvmm.irht.cnrs.fr/iiif/202/manifest;
FR;Chantilly;Bibliothèque et archives du musée Condé;0073 (1355);https://bvmm.irht.cnrs.fr/iiif/233/manifest;
FR;Chantilly;Bibliothèque et archives du musée Condé;0077 (1595);https://bvmm.irht.cnrs.fr/iiif/232/manifest;
FR;Chantilly;Bibliothèque et archives du musée Condé;0078 (1567);https://bvmm.irht.cnrs.fr/iiif/204/manifest;
FR;Chantilly;Bibliothèque et archives du musée Condé;0079 (1397);https://bvmm.irht.cnrs.fr/iiif/234/manifest;
FR;Chantilly;Bibliothèque et archives du musée Condé;0080 (1399);https://bvmm.irht.cnrs.fr/iiif/235/manifest;
FR;Chantilly;Bibliothèque et archives du musée Condé;0081 (1057);https://bvmm.irht.cnrs.fr/iiif/237/manifest;
FR;Chantilly;Bibliothèque et archives du musée Condé;0082 (1400);https://bvmm.irht.cnrs.fr/iiif/238/manifest;
FR;Chantilly;Bibliothèque et archives du musée Condé;0083 (1385);https://bvmm.irht.cnrs.fr/iiif/239/manifest;
FR;Chantilly;Bibliothèque et archives du musée Condé;0084 (0071);https://bvmm.irht.cnrs.fr/iiif/240/manifest;
FR;Chantilly;Bibliothèque et archives du musée Condé;0085 (1175);https://bvmm.irht.cnrs.fr/iiif/241/manifest;
FR;Chantilly;Bibliothèque et archives du musée Condé;0086 (1178);https://bvmm.irht.cnrs.fr/iiif/22387/manifest;
FR;Chantilly;Bibliothèque et archives du musée Condé;0087 (1557);https://bvmm.irht.cnrs.fr/iiif/242/manifest;
FR;Chantilly;Bibliothèque et archives du musée Condé;0088 (1123);https://bvmm.irht.cnrs.fr/iiif/243/manifest;
FR;Chantilly;Bibliothèque et archives du musée Condé;0094 (1285);https://bvmm.irht.cnrs.fr/iiif/248/manifest;
FR;Chantilly;Bibliothèque et archives du musée Condé;0117 (1454);https://bvmm.irht.cnrs.fr/iiif/265/manifest;
FR;Chantilly;Bibliothèque et archives du musée Condé;0408 (1574);https://bvmm.irht.cnrs.fr/iiif/22264/manifest;
FR;Chantilly;Bibliothèque et archives du musée Condé;1476 (1943);https://bvmm.irht.cnrs.fr/iiif/460/manifest;
FR;Chantilly;Bibliothèque et archives du musée Condé;1480 (1966);https://bvmm.irht.cnrs.fr/iiif/459/manifest;
FR;Chantilly;Bibliothèque et archives du musée Condé;Bernier-I-C-028;https://bvmm.irht.cnrs.fr/iiif/22223/manifest;
FR;Chantilly;Bibliothèque et archives du musée Condé;Bernier-I-D-041;https://bvmm.irht.cnrs.fr/iiif/22233/manifest;
FR;Chantilly;Bibliothèque et archives du musée Condé;Bernier-I-E-009;https://bvmm.irht.cnrs.fr/iiif/22238/manifest;
FR;Chartres;Bibliothèque municipale;0929;https://bvmm.irht.cnrs.fr/iiif/23221/manifest;
FR;Château-Gontier;Bibliothèque municipale;0014;https://bvmm.irht.cnrs.fr/iiif/1231/manifest;
FR;Chaumont;Bibliothèque municipale;0034 (027);https://bvmm.irht.cnrs.fr/iiif/5092/manifest;
FR;Coutances;Bibliothèque municipale;0004;https://bvmm.irht.cnrs.fr/iiif/162/manifest;
FR;Dieppe;Château-Musée;inv. 0978.4.4;https://bvmm.irht.cnrs.fr/iiif/20455/manifest;
FR;Douai;Bibliothèque municipale;0178;https://bvmm.irht.cnrs.fr/iiif/21525/manifest;
FR;Douai;Bibliothèque municipale;0179;https://bvmm.irht.cnrs.fr/iiif/21524/manifest;
FR;Douai;Bibliothèque municipale;0182;https://bvmm.irht.cnrs.fr/iiif/21523/manifest;
FR;Douai;Bibliothèque municipale;0183;https://bvmm.irht.cnrs.fr/iiif/21522/manifest;
FR;Douai;Bibliothèque municipale;0184;https://bvmm.irht.cnrs.fr/iiif/21521/manifest;
FR;Douai;Bibliothèque municipale;0188;https://bvmm.irht.cnrs.fr/iiif/21520/manifest;
FR;Fécamp;Musée du Palais Bénédictine;A.10.002;https://bvmm.irht.cnrs.fr/iiif/20234/manifest;
FR;Fécamp;Musée du Palais Bénédictine;A.10.003;https://bvmm.irht.cnrs.fr/iiif/20269/manifest;
FR;Fécamp;Musée du Palais Bénédictine;A.10.004;https://bvmm.irht.cnrs.fr/iiif/20259/manifest;
FR;Fécamp;Musée du Palais Bénédictine;A.10.007;https://bvmm.irht.cnrs.fr/iiif/20235/manifest;
FR;Fécamp;Musée du Palais Bénédictine;A.10.009;https://bvmm.irht.cnrs.fr/iiif/20237/manifest;
FR;Fécamp;Musée du Palais Bénédictine;A.10.011;https://bvmm.irht.cnrs.fr/iiif/20239/manifest;
FR;Fécamp;Musée du Palais Bénédictine;A.10.012;https://bvmm.irht.cnrs.fr/iiif/20240/manifest;
FR;Fécamp;Musée du Palais Bénédictine;A.10.013;https://bvmm.irht.cnrs.fr/iiif/20241/manifest;
FR;Langres;Bibliothèque municipale;0273;https://bvmm.irht.cnrs.fr/iiif/35/manifest;
FR;Langres;Bibliothèque municipale;0360;https://bvmm.irht.cnrs.fr/iiif/36/manifest;
FR;Langres;Bibliothèque municipale;0004 (0030);https://bvmm.irht.cnrs.fr/iiif/4940/manifest;
FR;Le Mans;Bibliothèque municipale;0127;https://bvmm.irht.cnrs.fr/iiif/2937/manifest;
FR;Le Mans;Bibliothèque municipale;0186;https://bvmm.irht.cnrs.fr/iiif/2948/manifest;
FR;Le Mans;Bibliothèque municipale;0371;https://bvmm.irht.cnrs.fr/iiif/3121/manifest;
FR;Le Mans;Bibliothèque municipale;0519;https://bvmm.irht.cnrs.fr/iiif/3284/manifest;
FR;Le Mans;Bibliothèque municipale;0688;https://bvmm.irht.cnrs.fr/iiif/3287/manifest;
FR;Le Mans;Bibliothèque municipale;0700;https://bvmm.irht.cnrs.fr/iiif/3289/manifest;
FR;Le Mans;Bibliothèque municipale;inc. R.I.A. 063;https://bvmm.irht.cnrs.fr/iiif/3320/manifest;Impr
FR;Mâcon;Bibliothèque municipale;101;https://bvmm.irht.cnrs.fr/iiif/18815/manifest;
FR;Melun;Bibliothèque municipale;0010;https://bvmm.irht.cnrs.fr/iiif/4537/manifest;
FR;Melun;Musée Municipal;inv. 967.47;https://bvmm.irht.cnrs.fr/iiif/4531/manifest;
FR;Metz;Bibliothèque municipale;570;https://bvmm.irht.cnrs.fr/iiif/24280/manifest;
FR;Metz;Bibliothèque municipale;576;https://bvmm.irht.cnrs.fr/iiif/23148/manifest;
FR;Metz;Bibliothèque municipale;598;https://bvmm.irht.cnrs.fr/iiif/23193/manifest;
FR;Metz;Bibliothèque municipale;600;https://bvmm.irht.cnrs.fr/iiif/23198/manifest;
FR;Metz;Bibliothèque municipale;1484;https://bvmm.irht.cnrs.fr/iiif/23251/manifest;
FR;Metz;Bibliothèque municipale;1581;https://bvmm.irht.cnrs.fr/iiif/23380/manifest;
FR;Metz;Bibliothèque municipale;1588;https://bvmm.irht.cnrs.fr/iiif/23851/manifest;
FR;Metz;Bibliothèque municipale;1598;https://bvmm.irht.cnrs.fr/iiif/23852/manifest;
FR;Nantes;Bibliothèque municipale;3072;https://bvmm.irht.cnrs.fr/iiif/4297/manifest;
FR;Nantes;Bibliothèque municipale;3340;https://bvmm.irht.cnrs.fr/iiif/4408/manifest;
FR;Nantes;Bibliothèque municipale;0019 (lat. 0019);https://bvmm.irht.cnrs.fr/iiif/4204/manifest;
FR;Nantes;Bibliothèque municipale;0020 (lat. 0020);https://bvmm.irht.cnrs.fr/iiif/4203/manifest;
FR;Nantes;Bibliothèque municipale;0021 (lat. 0021);https://bvmm.irht.cnrs.fr/iiif/4202/manifest;
FR;Nantes;Bibliothèque municipale;0022 (lat. 0022);https://bvmm.irht.cnrs.fr/iiif/4201/manifest;
FR;Nantes;Musée Dobrée;0009;https://bvmm.irht.cnrs.fr/iiif/4318/manifest;
FR;Nantes;Musée Dobrée;0013;https://bvmm.irht.cnrs.fr/iiif/4323/manifest;
FR;Nantes;Musée Dobrée;0027;https://bvmm.irht.cnrs.fr/iiif/4328/manifest;
FR;Nantes;Musée Dobrée;0028;https://bvmm.irht.cnrs.fr/iiif/4329/manifest;
FR;Nantes;Musée Dobrée;0030;https://bvmm.irht.cnrs.fr/iiif/4331/manifest;
FR;Nantes;Musée Dobrée;0031;https://bvmm.irht.cnrs.fr/iiif/4332/manifest;
FR;Nantes;Musée Dobrée;0033;https://bvmm.irht.cnrs.fr/iiif/4334/manifest;
FR;Nantes;Musée Dobrée;0034;https://bvmm.irht.cnrs.fr/iiif/4335/manifest;
FR;Nantes;Musée Dobrée;0012, t. I;https://bvmm.irht.cnrs.fr/iiif/4321/manifest;
FR;Nantes;Musée Dobrée;0012, t. II;https://bvmm.irht.cnrs.fr/iiif/4322/manifest;
FR;Nantes;Musée Dobrée;2005.1.1;https://bvmm.irht.cnrs.fr/iiif/4337/manifest;
FR;Nantes;Musée Dobrée;impr. 0690.2776;https://bvmm.irht.cnrs.fr/iiif/4308/manifest;Impr
FR;Nîmes;Bibliothèque municipale;6;https://bvmm.irht.cnrs.fr/iiif/5294/manifest;
FR;Nîmes;Bibliothèque municipale;8;https://bvmm.irht.cnrs.fr/iiif/5295/manifest;
FR;Nîmes;Bibliothèque municipale;9;https://bvmm.irht.cnrs.fr/iiif/5296/manifest;
FR;Paris;Bibliothèque du Saulchoir;Rés. Ms. C 01;https://bvmm.irht.cnrs.fr/iiif/22140/manifest;
FR;Paris;Bibliothèque du Saulchoir;Rés. Ms. C 09;https://bvmm.irht.cnrs.fr/iiif/22139/manifest;
FR;Paris;Bibliothèque du Saulchoir;Rés. Ms. C 10;https://bvmm.irht.cnrs.fr/iiif/22141/manifest;
FR;Paris;Bibliothèque Historique de la Ville de Paris;impr. 8-RES-0105;https://bvmm.irht.cnrs.fr/iiif/5725/manifest;Impr
FR;Paris;Bibliothèque Historique de la Ville de Paris;impr. 8-RES-0106;https://bvmm.irht.cnrs.fr/iiif/5726/manifest;Impr
FR;Paris;Bibliothèque Historique de la Ville de Paris;impr. 8-RES-0107;https://bvmm.irht.cnrs.fr/iiif/5727/manifest;Impr
FR;Paris;Bibliothèque nationale de France, Bibliothèque de l'Arsenal;288;https://gallica.bnf.fr/iiif/ark:/12148/btv1b550008104/manifest.json;
FR;Paris;Bibliothèque nationale de France, Bibliothèque de l'Arsenal;290;https://gallica.bnf.fr/iiif/ark:/12148/btv1b525011578/manifest.json;
FR;Paris;Bibliothèque nationale de France, Bibliothèque de l'Arsenal;291;https://gallica.bnf.fr/iiif/ark:/12148/btv1b550103847/manifest.json;
FR;Paris;Bibliothèque nationale de France, Bibliothèque de l'Arsenal;424;https://gallica.bnf.fr/iiif/ark:/12148/btv1b550131995/manifest.json;
FR;Paris;Bibliothèque nationale de France, Bibliothèque de l'Arsenal;426;https://gallica.bnf.fr/iiif/ark:/12148/btv1b55013078h/manifest.json;
FR;Paris;Bibliothèque nationale de France, Bibliothèque de l'Arsenal;434;https://gallica.bnf.fr/iiif/ark:/12148/btv1b55011051v/manifest.json;
FR;Paris;Bibliothèque nationale de France, Bibliothèque de l'Arsenal;439;https://gallica.bnf.fr/iiif/ark:/12148/btv1b550130827/manifest.json;
FR;Paris;Bibliothèque nationale de France, Bibliothèque de l'Arsenal;557;https://gallica.bnf.fr/iiif/ark:/12148/btv1b55006457g/manifest.json;
FR;Paris;Bibliothèque nationale de France, Bibliothèque de l'Arsenal;562;https://gallica.bnf.fr/iiif/ark:/12148/btv1b52505805b/manifest.json;
FR;Paris;Bibliothèque nationale de France, Bibliothèque de l'Arsenal;565;https://gallica.bnf.fr/iiif/ark:/12148/btv1b550094367/manifest.json;
FR;Paris;Bibliothèque nationale de France, Bibliothèque de l'Arsenal;569;https://gallica.bnf.fr/iiif/ark:/12148/btv1b55009437p/manifest.json;
FR;Paris;Bibliothèque nationale de France, Bibliothèque de l'Arsenal;615;https://gallica.bnf.fr/iiif/ark:/12148/btv1b55010392r/manifest.json;
FR;Paris;Bibliothèque nationale de France, Bibliothèque de l'Arsenal;616;https://gallica.bnf.fr/iiif/ark:/12148/btv1b55012863j/manifest.json;
FR;Paris;Bibliothèque nationale de France, Bibliothèque de l'Arsenal;634;https://gallica.bnf.fr/iiif/ark:/12148/btv1b55010382b/manifest.json;
FR;Paris;Bibliothèque nationale de France, Bibliothèque de l'Arsenal;637;https://gallica.bnf.fr/iiif/ark:/12148/btv1b55010383s/manifest.json;
FR;Paris;Bibliothèque nationale de France, Bibliothèque de l'Arsenal;638;https://gallica.bnf.fr/iiif/ark:/12148/btv1b55008559f/manifest.json;
FR;Paris;Bibliothèque nationale de France, Bibliothèque de l'Arsenal;640;https://gallica.bnf.fr/iiif/ark:/12148/btv1b550057309/manifest.json;
FR;Paris;Bibliothèque nationale de France, Bibliothèque de l'Arsenal;641;https://gallica.bnf.fr/iiif/ark:/12148/btv1b55005731r/manifest.json;
FR;Paris;Bibliothèque nationale de France, Bibliothèque de l'Arsenal;644;https://gallica.bnf.fr/iiif/ark:/12148/btv1b55010380f/manifest.json;
FR;Paris;Bibliothèque nationale de France, Bibliothèque de l'Arsenal;645;https://gallica.bnf.fr/iiif/ark:/12148/btv1b55010116g/manifest.json;
FR;Paris;Bibliothèque nationale de France, Bibliothèque de l'Arsenal;647;https://gallica.bnf.fr/iiif/ark:/12148/btv1b55005889s/manifest.json;
FR;Paris;Bibliothèque nationale de France, Bibliothèque de l'Arsenal;648;https://gallica.bnf.fr/iiif/ark:/12148/btv1b55010381w/manifest.json;
FR;Paris;Bibliothèque nationale de France, Bibliothèque de l'Arsenal;650;https://gallica.bnf.fr/iiif/ark:/12148/btv1b8458140s/manifest.json;
FR;Paris;Bibliothèque nationale de France, Bibliothèque de l'Arsenal;651;https://gallica.bnf.fr/iiif/ark:/12148/btv1b52502553b/manifest.json;
FR;Paris;Bibliothèque nationale de France, Bibliothèque de l'Arsenal;652;https://gallica.bnf.fr/iiif/ark:/12148/btv1b550058850/manifest.json;
FR;Paris;Bibliothèque nationale de France, Bibliothèque de l'Arsenal;654;https://gallica.bnf.fr/iiif/ark:/12148/btv1b8596871g/manifest.json;
FR;Paris;Bibliothèque nationale de France, Bibliothèque de l'Arsenal;655;https://gallica.bnf.fr/iiif/ark:/12148/btv1b550085652/manifest.json;
FR;Paris;Bibliothèque nationale de France, Bibliothèque de l'Arsenal;656;https://gallica.bnf.fr/iiif/ark:/12148/btv1b550092764/manifest.json;
FR;Paris;Bibliothèque nationale de France, Bibliothèque de l'Arsenal;1174;https://gallica.bnf.fr/iiif/ark:/12148/btv1b55010385p/manifest.json;
FR;Paris;Bibliothèque nationale de France, Bibliothèque de l'Arsenal;1175;https://gallica.bnf.fr/iiif/ark:/12148/btv1b55008174h/manifest.json;
FR;Paris;Bibliothèque nationale de France, Bibliothèque de l'Arsenal;1185;https://gallica.bnf.fr/iiif/ark:/12148/btv1b55007801k/manifest.json;
FR;Paris;Bibliothèque nationale de France, Bibliothèque de l'Arsenal;1188;https://gallica.bnf.fr/iiif/ark:/12148/btv1b550098895/manifest.json;
FR;Paris;Bibliothèque nationale de France, Bibliothèque de l'Arsenal;1191;https://gallica.bnf.fr/iiif/ark:/12148/btv1b550101151/manifest.json;
FR;Paris;Bibliothèque nationale de France, Bibliothèque de l'Arsenal;1194;https://gallica.bnf.fr/iiif/ark:/12148/btv1b550103864/manifest.json;
FR;Paris;Bibliothèque nationale de France, Bibliothèque de l'Arsenal;2162;https://gallica.bnf.fr/iiif/ark:/12148/btv1b525068833/manifest.json;
FR;Paris;Bibliothèque nationale de France, Bibliothèque de l'Arsenal;0575 + Arsenal 0575 Bis réserve;https://gallica.bnf.fr/iiif/ark:/12148/btv1b55009271w/manifest.json + https://gallica.bnf.fr/iiif/ark:/12148/btv1b55009272b/manifest.json;
FR;Paris;Bibliothèque nationale de France, Bibliothèque de l'Arsenal;0639 (suite de 0638);https://gallica.bnf.fr/iiif/ark:/12148/btv1b55008564m/manifest.json;
FR;Paris;Bibliothèque nationale de France, Manuscrits;fr. 01170;https://gallica.bnf.fr/iiif/ark:/12148/btv1b9059314j/manifest.json;
FR;Paris;Bibliothèque nationale de France, Manuscrits;fr. 01869;https://gallica.bnf.fr/iiif/ark:/12148/btv1b52506271h ;
FR;Paris;Bibliothèque nationale de France, Manuscrits;fr. 01874;https://gallica.bnf.fr/iiif/ark:/12148/btv1b9007441s/manifest.json;
FR;Paris;Bibliothèque nationale de France, Manuscrits;fr. 02224;https://gallica.bnf.fr/iiif/ark:/12148/btv1b85397092/manifest.json;
FR;Paris;Bibliothèque nationale de France, Manuscrits;fr. 05661;https://gallica.bnf.fr/iiif/ark:/12148/btv1b9059265h/manifest.json;
FR;Paris;Bibliothèque nationale de France, Manuscrits;fr. 13167;https://gallica.bnf.fr/iiif/ark:/12148/btv1b9061586h/manifest.json;
FR;Paris;Bibliothèque nationale de France, Manuscrits;lat. 00757;https://gallica.bnf.fr/iiif/ark:/12148/btv1b8470209d/manifest.json;
FR;Paris;Bibliothèque nationale de France, Manuscrits;lat. 00774A;https://gallica.bnf.fr/iiif/ark:/12148/btv1b100361075/manifest.json;
FR;Paris;Bibliothèque nationale de France, Manuscrits;lat. 00774B;https://gallica.bnf.fr/iiif/ark:/12148/btv1b10036108m/manifest.json;
FR;Paris;Bibliothèque nationale de France, Manuscrits;lat. 00774C;https://gallica.bnf.fr/iiif/ark:/12148/btv1b10036012z/manifest.json;
FR;Paris;Bibliothèque nationale de France, Manuscrits;lat. 00919 + Paris, Musée du Louvre, Peintures, RF2835;https://gallica.bnf.fr/iiif/ark:/12148/btv1b520004510/manifest.json;
FR;Paris;Bibliothèque nationale de France, Manuscrits;lat. 00920;https://gallica.bnf.fr/iiif/ark:/12148/btv1b52501620s/manifest.json;
FR;Paris;Bibliothèque nationale de France, Manuscrits;lat. 00923;https://gallica.bnf.fr/iiif/ark:/12148/btv1b10537589m/manifest.json;
FR;Paris;Bibliothèque nationale de France, Manuscrits;lat. 00924;https://gallica.bnf.fr/iiif/ark:/12148/btv1b8496557x/manifest.json;
FR;Paris;Bibliothèque nationale de France, Manuscrits;lat. 01073A;https://gallica.bnf.fr/iiif/ark:/12148/btv1b90665847/manifest.json;
FR;Paris;Bibliothèque nationale de France, Manuscrits;lat. 01079;https://gallica.bnf.fr/iiif/ark:/12148/btv1b10036591q/manifest.json;
FR;Paris;Bibliothèque nationale de France, Manuscrits;lat. 01082;https://gallica.bnf.fr/iiif/ark:/12148/btv1b84516336/manifest.json;
FR;Paris;Bibliothèque nationale de France, Manuscrits;lat. 01156A;https://gallica.bnf.fr/iiif/ark:/12148/btv1b6000466t/manifest.json;
FR;Paris;Bibliothèque nationale de France, Manuscrits;lat. 01156B;https://gallica.bnf.fr/iiif/ark:/12148/btv1b52502614h/manifest.json;
FR;Paris;Bibliothèque nationale de France, Manuscrits;lat. 01158;https://gallica.bnf.fr/iiif/ark:/12148/btv1b10532608h/manifest.json;
FR;Paris;Bibliothèque nationale de France, Manuscrits;lat. 01159;https://gallica.bnf.fr/iiif/ark:/12148/btv1b100345449/manifest.json;
FR;Paris;Bibliothèque nationale de France, Manuscrits;lat. 01161;https://gallica.bnf.fr/iiif/ark:/12148/btv1b10515743q/manifest.json;
FR;Paris;Bibliothèque nationale de France, Manuscrits;lat. 01162;https://gallica.bnf.fr/iiif/ark:/12148/btv1b100386783/manifest.json;
FR;Paris;Bibliothèque nationale de France, Manuscrits;lat. 01166;https://gallica.bnf.fr/iiif/ark:/12148/btv1b100212547/manifest.json;
FR;Paris;Bibliothèque nationale de France, Manuscrits;lat. 01167;https://gallica.bnf.fr/iiif/ark:/12148/btv1b10021255p/manifest.json;
FR;Paris;Bibliothèque nationale de France, Manuscrits;lat. 01168;https://gallica.bnf.fr/iiif/ark:/12148/btv1b8496559r/manifest.json;
FR;Paris;Bibliothèque nationale de France, Manuscrits;lat. 01169;https://gallica.bnf.fr/iiif/ark:/12148/btv1b10038461s/manifest.json;
FR;Paris;Bibliothèque nationale de France, Manuscrits;lat. 01170 (cf. Tours 517);https://gallica.bnf.fr/iiif/ark:/12148/btv1b90764667/manifest.json;
FR;Paris;Bibliothèque nationale de France, Manuscrits;lat. 01171;https://gallica.bnf.fr/iiif/ark:/12148/btv1b8455949b/manifest.json;
FR;Paris;Bibliothèque nationale de France, Manuscrits;lat. 01172;https://gallica.bnf.fr/iiif/ark:/12148/btv1b10021262r/manifest.json;
FR;Paris;Bibliothèque nationale de France, Manuscrits;lat. 01173;https://gallica.bnf.fr/iiif/ark:/12148/btv1b52502694t/manifest.json;
FR;Paris;Bibliothèque nationale de France, Manuscrits;lat. 01175;https://gallica.bnf.fr/iiif/ark:/12148/btv1b10527644s/manifest.json;
FR;Paris;Bibliothèque nationale de France, Manuscrits;lat. 01176;https://gallica.bnf.fr/iiif/ark:/12148/btv1b8528584r/manifest.json;
FR;Paris;Bibliothèque nationale de France, Manuscrits;lat. 01178;https://gallica.bnf.fr/iiif/ark:/12148/btv1b55013036z/manifest.json;
FR;Paris;Bibliothèque nationale de France, Manuscrits;lat. 01179;https://gallica.bnf.fr/iiif/ark:/12148/btv1b8446945q/manifest.json;
FR;Paris;Bibliothèque nationale de France, Manuscrits;lat. 01181;https://gallica.bnf.fr/iiif/ark:/12148/btv1b8538808p/manifest.json;
FR;Paris;Bibliothèque nationale de France, Manuscrits;lat. 01182;https://gallica.bnf.fr/iiif/ark:/12148/btv1b10032288x/manifest.json;
FR;Paris;Bibliothèque nationale de France, Manuscrits;lat. 01183;https://gallica.bnf.fr/iiif/ark:/12148/btv1b105110980/manifest.json;
FR;Paris;Bibliothèque nationale de France, Manuscrits;lat. 01190;https://gallica.bnf.fr/iiif/ark:/12148/btv1b10538031d/manifest.json;
FR;Paris;Bibliothèque nationale de France, Manuscrits;lat. 01202;https://gallica.bnf.fr/iiif/ark:/12148/btv1b84469449/manifest.json;
FR;Paris;Bibliothèque nationale de France, Manuscrits;lat. 01352;https://gallica.bnf.fr/iiif/ark:/12148/btv1b10515833p/manifest.json;
FR;Paris;Bibliothèque nationale de France, Manuscrits;lat. 01363;https://gallica.bnf.fr/iiif/ark:/12148/btv1b10022329z/manifest.json;
FR;Paris;Bibliothèque nationale de France, Manuscrits;lat. 01368;https://gallica.bnf.fr/iiif/ark:/12148/btv1b53014820r/manifest.json;
FR;Paris;Bibliothèque nationale de France, Manuscrits;lat. 01369;https://gallica.bnf.fr/iiif/ark:/12148/btv1b52501939c/manifest.json;
FR;Paris;Bibliothèque nationale de France, Manuscrits;lat. 01370;https://gallica.bnf.fr/iiif/ark:/12148/btv1b8453974s/manifest.json;
FR;Paris;Bibliothèque nationale de France, Manuscrits;lat. 01375;https://gallica.bnf.fr/iiif/ark:/12148/btv1b10022331s/manifest.json;
FR;Paris;Bibliothèque nationale de France, Manuscrits;lat. 01380;https://gallica.bnf.fr/iiif/ark:/12148/btv1b100365942/manifest.json;
FR;Paris;Bibliothèque nationale de France, Manuscrits;lat. 01391;https://gallica.bnf.fr/iiif/ark:/12148/btv1b52507466f/manifest.json;
FR;Paris;Bibliothèque nationale de France, Manuscrits;lat. 01393;https://gallica.bnf.fr/iiif/ark:/12148/btv1b9078133f/manifest.json;
FR;Paris;Bibliothèque nationale de France, Manuscrits;lat. 01394;https://gallica.bnf.fr/iiif/ark:/12148/btv1b9066046t/manifest.json;
FR;Paris;Bibliothèque nationale de France, Manuscrits;lat. 01400;https://gallica.bnf.fr/iiif/ark:/12148/btv1b10032335w/manifest.json;
FR;Paris;Bibliothèque nationale de France, Manuscrits;lat. 01403;https://gallica.bnf.fr/iiif/ark:/12148/btv1b84522015/manifest.json;
FR;Paris;Bibliothèque nationale de France, Manuscrits;lat. 01405;https://gallica.bnf.fr/iiif/ark:/12148/btv1b105326072/manifest.json;
FR;Paris;Bibliothèque nationale de France, Manuscrits;lat. 01406;https://gallica.bnf.fr/iiif/ark:/12148/btv1b100223791/manifest.json;
FR;Paris;Bibliothèque nationale de France, Manuscrits;lat. 01408;https://gallica.bnf.fr/iiif/ark:/12148/btv1b9065943c/manifest.json;
FR;Paris;Bibliothèque nationale de France, Manuscrits;lat. 01412;https://gallica.bnf.fr/iiif/ark:/12148/btv1b100357501/manifest.json;
FR;Paris;Bibliothèque nationale de France, Manuscrits;lat. 01414;https://gallica.bnf.fr/iiif/ark:/12148/btv1b10020325g/manifest.json;
FR;Paris;Bibliothèque nationale de France, Manuscrits;lat. 01427;https://gallica.bnf.fr/iiif/ark:/12148/btv1b90680221/manifest.json;
FR;Paris;Bibliothèque nationale de France, Manuscrits;lat. 01429;https://gallica.bnf.fr/iiif/ark:/12148/btv1b8447767x/manifest.json;
FR;Paris;Bibliothèque nationale de France, Manuscrits;lat. 05371;https://gallica.bnf.fr/iiif/ark:/12148/btv1b10545022q/manifest.json;
FR;Paris;Bibliothèque nationale de France, Manuscrits;lat. 09471;https://gallica.bnf.fr/iiif/ark:/12148/btv1b10515749d/manifest.json;
FR;Paris;Bibliothèque nationale de France, Manuscrits;lat. 09472;https://gallica.bnf.fr/iiif/ark:/12148/btv1b54002414v/manifest.json;
FR;Paris;Bibliothèque nationale de France, Manuscrits;lat. 09473;https://gallica.bnf.fr/iiif/ark:/12148/btv1b105326055/manifest.json;
FR;Paris;Bibliothèque nationale de France, Manuscrits;lat. 09474;https://gallica.bnf.fr/iiif/ark:/12148/btv1b550093038/manifest.json;
FR;Paris;Bibliothèque nationale de France, Manuscrits;lat. 09476;https://gallica.bnf.fr/iiif/ark:/12148/btv1b52500984v/manifest.json;
FR;Paris;Bibliothèque nationale de France, Manuscrits;lat. 09477;https://gallica.bnf.fr/iiif/ark:/12148/btv1b52510074b/manifest.json;
FR;Paris;Bibliothèque nationale de France, Manuscrits;lat. 10433;https://gallica.bnf.fr/iiif/ark:/12148/btv1b85388041/manifest.json;
FR;Paris;Bibliothèque nationale de France, Manuscrits;lat. 10491;https://gallica.bnf.fr/iiif/ark:/12148/btv1b8427237h/manifest.json;
FR;Paris;Bibliothèque nationale de France, Manuscrits;lat. 10526;https://gallica.bnf.fr/iiif/ark:/12148/btv1b105157445/manifest.json;
FR;Paris;Bibliothèque nationale de France, Manuscrits;lat. 10527;https://gallica.bnf.fr/iiif/ark:/12148/btv1b9078403b/manifest.json;
FR;Paris;Bibliothèque nationale de France, Manuscrits;lat. 10532;https://gallica.bnf.fr/iiif/ark:/12148/btv1b8427228j/manifest.json;
FR;Paris;Bibliothèque nationale de France, Manuscrits;lat. 10533;https://gallica.bnf.fr/iiif/ark:/12148/btv1b10318624f/manifest.json;
FR;Paris;Bibliothèque nationale de France, Manuscrits;lat. 10536;https://gallica.bnf.fr/iiif/ark:/12148/btv1b9066070g/manifest.json;
FR;Paris;Bibliothèque nationale de France, Manuscrits;lat. 10538;https://gallica.bnf.fr/iiif/ark:/12148/btv1b10034277r/manifest.json;
FR;Paris;Bibliothèque nationale de France, Manuscrits;lat. 10539;https://gallica.bnf.fr/iiif/ark:/12148/btv1b10038211z/manifest.json;
FR;Paris;Bibliothèque nationale de France, Manuscrits;lat. 10548;https://gallica.bnf.fr/iiif/ark:/12148/btv1b10549444b/manifest.json;
FR;Paris;Bibliothèque nationale de France, Manuscrits;lat. 10558;https://gallica.bnf.fr/iiif/ark:/12148/btv1b8447764p/manifest.json;
FR;Paris;Bibliothèque nationale de France, Manuscrits;lat. 10561;https://gallica.bnf.fr/iiif/ark:/12148/btv1b10036304k/manifest.json;
FR;Paris;Bibliothèque nationale de France, Manuscrits;lat. 10565;https://gallica.bnf.fr/iiif/ark:/12148/btv1b10538047h/manifest.json;
FR;Paris;Bibliothèque nationale de France, Manuscrits;lat. 10567;https://gallica.bnf.fr/iiif/ark:/12148/btv1b105380373/manifest.json;
FR;Paris;Bibliothèque nationale de France, Manuscrits;lat. 10568 (suite de 10567);https://gallica.bnf.fr/iiif/ark:/12148/btv1b10538036n/manifest.json;
FR;Paris;Bibliothèque nationale de France, Manuscrits;lat. 13235;https://gallica.bnf.fr/iiif/ark:/12148/btv1b10036284h/manifest.json;
FR;Paris;Bibliothèque nationale de France, Manuscrits;lat. 13260;https://gallica.bnf.fr/iiif/ark:/12148/btv1b90658201/manifest.json;
FR;Paris;Bibliothèque nationale de France, Manuscrits;lat. 13261;https://gallica.bnf.fr/iiif/ark:/12148/btv1b10036640k/manifest.json;
FR;Paris;Bibliothèque nationale de France, Manuscrits;lat. 13263;https://gallica.bnf.fr/iiif/ark:/12148/btv1b9068094h/manifest.json;
FR;Paris;Bibliothèque nationale de France, Manuscrits;lat. 13268;https://gallica.bnf.fr/iiif/ark:/12148/btv1b10022283c/manifest.json;
FR;Paris;Bibliothèque nationale de France, Manuscrits;lat. 13269;https://gallica.bnf.fr/iiif/ark:/12148/btv1b10036619c/manifest.json;
FR;Paris;Bibliothèque nationale de France, Manuscrits;lat. 13277;https://gallica.bnf.fr/iiif/ark:/12148/btv1b10038638f/manifest.json;
FR;Paris;Bibliothèque nationale de France, Manuscrits;lat. 13279;https://gallica.bnf.fr/iiif/ark:/12148/btv1b10509406b/manifest.json;
FR;Paris;Bibliothèque nationale de France, Manuscrits;lat. 13283;https://gallica.bnf.fr/iiif/ark:/12148/btv1b10036620r/manifest.json;
FR;Paris;Bibliothèque nationale de France, Manuscrits;lat. 13294;https://gallica.bnf.fr/iiif/ark:/12148/btv1b10034543v/manifest.json;
FR;Paris;Bibliothèque nationale de France, Manuscrits;lat. 13295;https://gallica.bnf.fr/iiif/ark:/12148/btv1b10034545r/manifest.json;
FR;Paris;Bibliothèque nationale de France, Manuscrits;lat. 13298;https://gallica.bnf.fr/iiif/ark:/12148/btv1b90680933/manifest.json;
FR;Paris;Bibliothèque nationale de France, Manuscrits;lat. 13305;https://gallica.bnf.fr/iiif/ark:/12148/btv1b10537587q/manifest.json;
FR;Paris;Bibliothèque nationale de France, Manuscrits;lat. 14826;https://gallica.bnf.fr/iiif/ark:/12148/btv1b90778999/manifest.json;
FR;Paris;Bibliothèque nationale de France, Manuscrits;lat. 14830;https://gallica.bnf.fr/iiif/ark:/12148/btv1b10037191j/manifest.json;
FR;Paris;Bibliothèque nationale de France, Manuscrits;lat. 18014;https://gallica.bnf.fr/iiif/ark:/12148/btv1b8449684q/manifest.json;
FR;Paris;Bibliothèque nationale de France, Manuscrits;lat. 18015;https://gallica.bnf.fr/iiif/ark:/12148/btv1b105375885/manifest.json;
FR;Paris;Bibliothèque nationale de France, Manuscrits;lat. 18017;https://gallica.bnf.fr/iiif/ark:/12148/btv1b107213516/manifest.json;
FR;Paris;Bibliothèque nationale de France, Manuscrits;lat. 18021;https://gallica.bnf.fr/iiif/ark:/12148/btv1b6000515v/manifest.json;
FR;Paris;Bibliothèque nationale de France, Manuscrits;lat. 18022;https://gallica.bnf.fr/iiif/ark:/12148/btv1b10022328h/manifest.json;
FR;Paris;Bibliothèque nationale de France, Manuscrits;lat. 18025;https://gallica.bnf.fr/iiif/ark:/12148/btv1b9067961x/manifest.json;
FR;Paris;Bibliothèque nationale de France, Manuscrits;nouv. acq. fr. 28877;https://gallica.bnf.fr/iiif/ark:/12148/btv1b525070859/manifest.json;
FR;Paris;Bibliothèque nationale de France, Manuscrits;nouv. acq. lat. 0082;https://gallica.bnf.fr/iiif/ark:/12148/btv1b10035936n/manifest.json;
FR;Paris;Bibliothèque nationale de France, Manuscrits;nouv. acq. lat. 0083;https://gallica.bnf.fr/iiif/ark:/12148/btv1b105127516/manifest.json;
FR;Paris;Bibliothèque nationale de France, Manuscrits;nouv. acq. lat. 0215;https://gallica.bnf.fr/iiif/ark:/12148/btv1b10036821z/manifest.json;
FR;Paris;Bibliothèque nationale de France, Manuscrits;nouv. acq. lat. 0302;https://gallica.bnf.fr/iiif/ark:/12148/btv1b52502484n/manifest.json;
FR;Paris;Bibliothèque nationale de France, Manuscrits;nouv. acq. lat. 0385;https://gallica.bnf.fr/iiif/ark:/12148/btv1b10033580t/manifest.json;
FR;Paris;Bibliothèque nationale de France, Manuscrits;nouv. acq. lat. 0392;https://gallica.bnf.fr/iiif/ark:/12148/btv1b105326038/manifest.json;
FR;Paris;Bibliothèque nationale de France, Manuscrits;nouv. acq. lat. 0588;https://gallica.bnf.fr/iiif/ark:/12148/btv1b8555843r/manifest.json;
FR;Paris;Bibliothèque nationale de France, Manuscrits;nouv. acq. lat. 0592;https://gallica.bnf.fr/iiif/ark:/12148/btv1b10033268f/manifest.json;
FR;Paris;Bibliothèque nationale de France, Manuscrits;nouv. acq. lat. 0688;https://gallica.bnf.fr/iiif/ark:/12148/btv1b100383478/manifest.json;
FR;Paris;Bibliothèque nationale de France, Manuscrits;nouv. acq. lat. 0841;https://gallica.bnf.fr/iiif/ark:/12148/btv1b10038346t/manifest.json;
FR;Paris;Bibliothèque nationale de France, Manuscrits;nouv. acq. lat. 0894;https://gallica.bnf.fr/iiif/ark:/12148/btv1b10020246c/manifest.json;
FR;Paris;Bibliothèque nationale de France, Manuscrits;nouv. acq. lat. 1416 + London, British Library MS Add. 37421 + Paris Louvre, dép. Arts graphiques RF 1679 + M.I 1093;https://gallica.bnf.fr/iiif/ark:/12148/btv1b105094102/manifest.json;
FR;Paris;Bibliothèque nationale de France, Manuscrits;nouv. acq. lat. 3027;https://gallica.bnf.fr/iiif/ark:/12148/btv1b84328965/manifest.json;
FR;Paris;Bibliothèque nationale de France, Manuscrits;nouv. acq. lat. 3055;https://gallica.bnf.fr/iiif/ark:/12148/btv1b525095563/manifest.json;
FR;Paris;Bibliothèque nationale de France, Manuscrits;nouv. acq. lat. 3090;https://gallica.bnf.fr/iiif/ark:/12148/btv1b10515741t/manifest.json;
FR;Paris;Bibliothèque nationale de France, Manuscrits;nouv. acq. lat. 3093 + Paris, Musée du Louvre, Cab. Dessins RF2022, RF2024, RF2024, RF2025;https://gallica.bnf.fr/iiif/ark:/12148/btv1b84496839/manifest.json;
FR;Paris;Bibliothèque nationale de France, Manuscrits;nouv. acq. lat. 3107;https://gallica.bnf.fr/iiif/ark:/12148/btv1b10032954j/manifest.json;
FR;Paris;Bibliothèque nationale de France, Manuscrits;nouv. acq. lat. 3109;https://gallica.bnf.fr/iiif/ark:/12148/btv1b10035303s/manifest.json;
FR;Paris;Bibliothèque nationale de France, Manuscrits;nouv. acq. lat. 3110;https://gallica.bnf.fr/iiif/ark:/12148/btv1b52509634r/manifest.json;
FR;Paris;Bibliothèque nationale de France, Manuscrits;nouv. acq. lat. 3111;https://gallica.bnf.fr/iiif/ark:/12148/btv1b52509627p/manifest.json;
FR;Paris;Bibliothèque nationale de France, Manuscrits;nouv. acq. lat. 3112;https://gallica.bnf.fr/iiif/ark:/12148/btv1b8451104r/manifest.json;
FR;Paris;Bibliothèque nationale de France, Manuscrits;nouv. acq. lat. 3113;https://gallica.bnf.fr/iiif/ark:/12148/btv1b60005168/manifest.json;
FR;Paris;Bibliothèque nationale de France, Manuscrits;nouv. acq. lat. 3114;https://gallica.bnf.fr/iiif/ark:/12148/btv1b52509693s/manifest.json;
FR;Paris;Bibliothèque nationale de France, Manuscrits;nouv. acq. lat. 3115;https://gallica.bnf.fr/iiif/ark:/12148/btv1b550008032/manifest.json;
FR;Paris;Bibliothèque nationale de France, Manuscrits;nouv. acq. lat. 3116;https://gallica.bnf.fr/iiif/ark:/12148/btv1b52509697k/manifest.json;
FR;Paris;Bibliothèque nationale de France, Manuscrits;nouv. acq. lat. 3117;https://gallica.bnf.fr/iiif/ark:/12148/btv1b10037275w/manifest.json;
FR;Paris;Bibliothèque nationale de France, Manuscrits;nouv. acq. lat. 3118;https://gallica.bnf.fr/iiif/ark:/12148/btv1b10036467s/manifest.json;
FR;Paris;Bibliothèque nationale de France, Manuscrits;nouv. acq. lat. 3119;https://gallica.bnf.fr/iiif/ark:/12148/btv1b100373758/manifest.json;
FR;Paris;Bibliothèque nationale de France, Manuscrits;nouv. acq. lat. 3120;https://gallica.bnf.fr/iiif/ark:/12148/btv1b10515740c/manifest.json;
FR;Paris;Bibliothèque nationale de France, Manuscrits;nouv. acq. lat. 3134;https://gallica.bnf.fr/iiif/ark:/12148/btv1b6000424g/manifest.json;
FR;Paris;Bibliothèque nationale de France, Manuscrits;nouv. acq. lat. 3145;https://gallica.bnf.fr/iiif/ark:/12148/btv1b8452807q/manifest.json;
FR;Paris;Bibliothèque nationale de France, Manuscrits;nouv. acq. lat. 3187;https://gallica.bnf.fr/iiif/ark:/12148/btv1b8447775g/manifest.json;
FR;Paris;Bibliothèque nationale de France, Manuscrits;nouv. acq. lat. 3188;https://gallica.bnf.fr/iiif/ark:/12148/btv1b8452807q/manifest.json;
FR;Paris;Bibliothèque nationale de France, Manuscrits;nouv. acq. lat. 3190;https://gallica.bnf.fr/iiif/ark:/12148/btv1b84528084/manifest.json;
FR;Paris;Bibliothèque nationale de France, Manuscrits;nouv. acq. lat. 3191;https://gallica.bnf.fr/iiif/ark:/12148/btv1b6000442d/manifest.json;
FR;Paris;Bibliothèque nationale de France, Manuscrits;nouv. acq. lat. 3194;https://gallica.bnf.fr/iiif/ark:/12148/btv1b53000324z/manifest.json;
FR;Paris;Bibliothèque nationale de France, Manuscrits;nouv. acq. lat. 3196;https://gallica.bnf.fr/iiif/ark:/12148/btv1b10035924b/manifest.json;
FR;Paris;Bibliothèque nationale de France, Manuscrits;nouv. acq. lat. 3197;https://gallica.bnf.fr/iiif/ark:/12148/btv1b105154659/manifest.json + https://gallica.bnf.fr/iiif/ark:/12148/btv1b105154676/manifest.json;
FR;Paris;Bibliothèque nationale de France, Manuscrits;nouv. acq. lat. 3200;https://gallica.bnf.fr/iiif/ark:/12148/btv1b10037130m/manifest.json;
FR;Paris;Bibliothèque nationale de France, Manuscrits;nouv. acq. lat. 3201;https://gallica.bnf.fr/iiif/ark:/12148/btv1b53000319s/manifest.json;
FR;Paris;Bibliothèque nationale de France, Manuscrits;nouv. acq. lat. 3203;https://gallica.bnf.fr/iiif/ark:/12148/btv1b10038542s/manifest.json;
FR;Paris;Bibliothèque nationale de France, Manuscrits;nouv. acq. lat. 3204;https://gallica.bnf.fr/iiif/ark:/12148/btv1b60004499/manifest.json;
FR;Paris;Bibliothèque nationale de France, Manuscrits;nouv. acq. lat. 3208;https://gallica.bnf.fr/iiif/ark:/12148/btv1b8452814v/manifest.json;
FR;Paris;Bibliothèque nationale de France, Manuscrits;nouv. acq. lat. 3209;https://gallica.bnf.fr/iiif/ark:/12148/btv1b84528158/manifest.json;
FR;Paris;Bibliothèque nationale de France, Manuscrits;nouv. acq. lat. 3210;https://gallica.bnf.fr/iiif/ark:/12148/btv1b10532602t/manifest.json;
FR;Paris;Bibliothèque nationale de France, Manuscrits;nouv. acq. lat. 3213;https://gallica.bnf.fr/iiif/ark:/12148/btv1b84528173/manifest.json;
FR;Paris;Bibliothèque nationale de France, Manuscrits;nouv. acq. lat. 3214;https://gallica.bnf.fr/iiif/ark:/12148/btv1b8452837v/manifest.json;
FR;Paris;Bibliothèque nationale de France, Manuscrits;nouv. acq. lat. 3217;https://gallica.bnf.fr/iiif/ark:/12148/btv1b8452820k/manifest.json;
FR;Paris;Bibliothèque nationale de France, Manuscrits;nouv. acq. lat. 3226;https://gallica.bnf.fr/iiif/ark:/12148/btv1b10532604q/manifest.json;
FR;Paris;Bibliothèque nationale de France, Manuscrits;nouv. acq. lat. 3229;https://gallica.bnf.fr/iiif/ark:/12148/btv1b84528299/manifest.json;
FR;Paris;Bibliothèque nationale de France, Manuscrits;nouv. acq. lat. 3234;https://gallica.bnf.fr/iiif/ark:/12148/btv1b84528262/manifest.json;
FR;Paris;Bibliothèque nationale de France, Manuscrits;nouv. acq. lat. 3244;https://gallica.bnf.fr/iiif/ark:/12148/btv1b8571085n/manifest.json;
FR;Paris;Bibliothèque nationale de France, Manuscrits;nouv. acq. lat. 3248;https://gallica.bnf.fr/iiif/ark:/12148/btv1b10021257k/manifest.json;
FR;Paris;Bibliothèque nationale de France, Manuscrits;Smith-Lesouëf 21;https://gallica.bnf.fr/iiif/ark:/12148/btv1b10547048x/manifest.json;
FR;Paris;Bibliothèque nationale de France, Manuscrits;Smith-Lesouëf 24;https://gallica.bnf.fr/iiif/ark:/12148/btv1b105222685/manifest.json;
FR;Paris;Bibliothèque nationale de France, Manuscrits;Smith-Lesouëf 28;https://gallica.bnf.fr/iiif/ark:/12148/btv1b100223238/manifest.json;
FR;Paris;Bibliothèque nationale de France, Manuscrits;Smith-Lesouëf 42;https://gallica.bnf.fr/iiif/ark:/12148/btv1b550106099/manifest.json;
FR;Paris;IRHT, Collections privées;CP 0008;https://bvmm.irht.cnrs.fr/iiif/22221/manifest;
FR;Paris;IRHT, Collections privées;CP 0017;https://bvmm.irht.cnrs.fr/iiif/22371/manifest;
FR;Paris;IRHT, Collections privées;CP 0450;https://bvmm.irht.cnrs.fr/iiif/20202/manifest;
FR;Paris;IRHT, Collections privées;CP 0451;https://bvmm.irht.cnrs.fr/iiif/20203/manifest;
FR;Paris;IRHT, Collections privées;CP 0452;https://bvmm.irht.cnrs.fr/iiif/20204/manifest;
FR;Paris;IRHT, Collections privées;CP 0600;https://bvmm.irht.cnrs.fr/iiif/23555/manifest;
FR;Paris;Musée des Arts décoratifs;inv. 40342;https://bvmm.irht.cnrs.fr/iiif/18616/manifest;
FR;Paris;Musée des Arts décoratifs;inv. 40343;https://bvmm.irht.cnrs.fr/iiif/18617/manifest;
FR;Paris;Petit Palais, Musée des Beaux-Arts de la ville de Paris;LDUT 0035;https://bvmm.irht.cnrs.fr/iiif/19008/manifest;
FR;Paris;Petit Palais, Musée des Beaux-Arts de la ville de Paris;LDUT 0036;https://bvmm.irht.cnrs.fr/iiif/19009/manifest;
FR;Paris;Petit Palais, Musée des Beaux-Arts de la ville de Paris;LDUT 0037;https://bvmm.irht.cnrs.fr/iiif/19010/manifest;
FR;Poitiers;Bibliothèque municipale;1096;https://horae-pictavenses.fr/iiif/708/manifest;
FR;Poitiers;Bibliothèque municipale;1097;https://horae-pictavenses.fr/iiif/889/manifest;
FR;Poitiers;Bibliothèque municipale;1106;https://horae-pictavenses.fr/iiif/1084/manifest;
FR;Poitiers;Bibliothèque municipale;1110;https://horae-pictavenses.fr/iiif/1083/manifest;
FR;Poitiers;Bibliothèque municipale;1120;https://horae-pictavenses.fr/iiif/217/manifest;
FR;Poitiers;Bibliothèque municipale;1122;https://horae-pictavenses.fr/iiif/1598/manifest;
FR;Poitiers;Bibliothèque municipale;1327;https://horae-pictavenses.fr/iiif/1599/manifest;
FR;Poitiers;Bibliothèque municipale;0043 (214);https://horae-pictavenses.fr/iiif/3146/manifest;
FR;Poitiers;Bibliothèque municipale;0044 (267);https://horae-pictavenses.fr/iiif/6831/manifest;
FR;Poitiers;Bibliothèque municipale;0045 (291);https://horae-pictavenses.fr/iiif/7096/manifest;
FR;Poitiers;Bibliothèque municipale;0046 (304);https://horae-pictavenses.fr/iiif/7382/manifest;
FR;Poitiers;Bibliothèque municipale;0047 (308);https://horae-pictavenses.fr/iiif/7383/manifest;
FR;Poitiers;Bibliothèque municipale;0048 (309);https://horae-pictavenses.fr/iiif/7384/manifest;
FR;Poitiers;Bibliothèque municipale;0049 (311);https://horae-pictavenses.fr/iiif/7505/manifest;
FR;Poitiers;Bibliothèque municipale;0050 (324);https://horae-pictavenses.fr/iiif/8386/manifest;
FR;Poitiers;Bibliothèque municipale;0051 (332);https://horae-pictavenses.fr/iiif/8387/manifest;
FR;Poitiers;Bibliothèque municipale;0052 (333);https://horae-pictavenses.fr/iiif/8388/manifest;
FR;Poitiers;Bibliothèque municipale;0053 (292);https://horae-pictavenses.fr/iiif/8389/manifest;
FR;Poitiers;Bibliothèque municipale;0054 (293);https://horae-pictavenses.fr/iiif/8390/manifest;
FR;Poitiers;Bibliothèque municipale;0055 (334);https://horae-pictavenses.fr/iiif/2009/manifest;
FR;Poitiers;Bibliothèque municipale;0056 (268);https://horae-pictavenses.fr/iiif/2008/manifest;
FR;Poitiers;Bibliothèque municipale;0057 (269);https://horae-pictavenses.fr/iiif/2007/manifest;
FR;Poitiers;Bibliothèque municipale;0058 (310);https://horae-pictavenses.fr/iiif/2006/manifest;
FR;Poitiers;Bibliothèque municipale;Impr. CR048 bis;https://horae-pictavenses.fr/iiif/9599/manifest;Impr
FR;Poitiers;Bibliothèque municipale;Impr. CR049;https://horae-pictavenses.fr/iiif/9600/manifest;Impr
FR;Poitiers;Bibliothèque municipale;Impr. DP 558;https://horae-pictavenses.fr/iiif/4832/manifest;Impr
FR;Poitiers;Bibliothèque municipale;Impr. DR 69;https://horae-pictavenses.fr/iiif/3893/manifest;Impr
FR;Poitiers;Bibliothèque municipale;Impr. DR014;https://horae-pictavenses.fr/iiif/4811/manifest;Impr
FR;Poitiers;Bibliothèque municipale;Impr. DR025;https://horae-pictavenses.fr/iiif/4690/manifest;Impr
FR;Poitiers;Bibliothèque municipale;Impr. DR038;https://horae-pictavenses.fr/iiif/6033/manifest;Impr
FR;Poitiers;Bibliothèque municipale;Impr. DR246;https://horae-pictavenses.fr/iiif/3892/manifest;Impr
FR;Poitiers;Bibliothèque municipale;Impr. DR524;https://horae-pictavenses.fr/iiif/3623/manifest;Impr
FR;Poitiers;Bibliothèque municipale;Inc. D04;https://horae-pictavenses.fr/iiif/5764/manifest;Impr
FR;Poitiers;Bibliothèque municipale;Inc. D27;https://horae-pictavenses.fr/iiif/6254/manifest;Impr
FR;Poitiers;Bibliothèque municipale;Inc. D53;https://horae-pictavenses.fr/iiif/216/manifest;Impr
FR;Poitiers;Bibliothèque municipale;Inc. D54;https://horae-pictavenses.fr/iiif/5583/manifest;Impr
FR;Provins;Bibliothèque municipale;020;https://bvmm.irht.cnrs.fr/iiif/4243/manifest;
FR;Provins;Bibliothèque municipale;021;https://bvmm.irht.cnrs.fr/iiif/4244/manifest;
FR;Provins;Bibliothèque municipale;022;https://bvmm.irht.cnrs.fr/iiif/4281/manifest;
FR;Provins;Bibliothèque municipale;023;https://bvmm.irht.cnrs.fr/iiif/4247/manifest;
FR;Provins;Bibliothèque municipale;024;https://bvmm.irht.cnrs.fr/iiif/4249/manifest;
FR;Provins;Bibliothèque municipale;inc. 010;https://bvmm.irht.cnrs.fr/iiif/4265/manifest;Impr
FR;Reims;Bibliothèque municipale;2446;https://bvmm.irht.cnrs.fr/iiif/17975/manifest;
FR;Reims;Bibliothèque municipale;2788;https://bvmm.irht.cnrs.fr/iiif/5271/manifest;
FR;Reims;Bibliothèque municipale;0358 (C. 205);https://bvmm.irht.cnrs.fr/iiif/2406/manifest;
FR;Reims;Bibliothèque municipale;0359 (N. Fonds);https://bvmm.irht.cnrs.fr/iiif/2407/manifest;
FR;Rennes;Bibliothèque municipale;0027;https://bvmm.irht.cnrs.fr/iiif/5194/manifest;
FR;Rennes;Bibliothèque municipale;0028;https://bvmm.irht.cnrs.fr/iiif/5195/manifest;
FR;Rennes;Bibliothèque municipale;0029;https://bvmm.irht.cnrs.fr/iiif/5196/manifest;
FR;Rennes;Bibliothèque municipale;0030;https://bvmm.irht.cnrs.fr/iiif/5197/manifest;
FR;Rennes;Bibliothèque municipale;0031;https://bvmm.irht.cnrs.fr/iiif/5198/manifest;
FR;Rennes;Bibliothèque municipale;0032;https://bvmm.irht.cnrs.fr/iiif/5199/manifest;
FR;Rennes;Bibliothèque municipale;0035;https://bvmm.irht.cnrs.fr/iiif/5200/manifest;
FR;Rennes;Bibliothèque municipale;0036;https://bvmm.irht.cnrs.fr/iiif/5201/manifest;
FR;Rennes;Bibliothèque municipale;0037;https://bvmm.irht.cnrs.fr/iiif/5221/manifest;
FR;Rennes;Bibliothèque municipale;1219;https://bvmm.irht.cnrs.fr/iiif/5090/manifest;
FR;Rennes;Bibliothèque municipale;1277;https://bvmm.irht.cnrs.fr/iiif/5225/manifest;
FR;Rennes;Bibliothèque municipale;1334;https://bvmm.irht.cnrs.fr/iiif/5226/manifest;
FR;Rennes;Bibliothèque municipale;1335;https://bvmm.irht.cnrs.fr/iiif/5227/manifest;
FR;Rennes;Bibliothèque municipale;1509;https://bvmm.irht.cnrs.fr/iiif/5228/manifest;
FR;Rennes;Bibliothèque municipale;1510;https://bvmm.irht.cnrs.fr/iiif/5229/manifest;
FR;Rennes;Bibliothèque municipale;1512;https://bvmm.irht.cnrs.fr/iiif/5230/manifest;
FR;Rennes;Bibliothèque municipale;1557;https://bvmm.irht.cnrs.fr/iiif/5231/manifest;
FR;Rennes;Bibliothèque municipale;1558;https://bvmm.irht.cnrs.fr/iiif/5232/manifest;
FR;Rennes;Bibliothèque municipale;1588;https://bvmm.irht.cnrs.fr/iiif/5233/manifest;
FR;Rennes;Bibliothèque municipale;1637;https://bvmm.irht.cnrs.fr/iiif/5234/manifest;
FR;Rennes;Bibliothèque municipale;1685;https://bvmm.irht.cnrs.fr/iiif/5235/manifest;
FR;Rennes;Bibliothèque municipale;1696;https://bvmm.irht.cnrs.fr/iiif/5236/manifest;
FR;Rennes;Bibliothèque municipale;HP 0768;https://bvmm.irht.cnrs.fr/iiif/17667/manifest;
FR;Rodez;Bibliothèque de la Société des lettres de l'Aveyron;001;https://bvmm.irht.cnrs.fr/iiif/3579/manifest;
FR;Rodez;Bibliothèque municipale;0138;https://bvmm.irht.cnrs.fr/iiif/2868/manifest;
FR;Rouen;Musée des Beaux-Arts;AG.1975.4.5839;https://bvmm.irht.cnrs.fr/iiif/20463/manifest;
FR;Rouen;Musée des Beaux-Arts;AG.1975.4.5840;https://bvmm.irht.cnrs.fr/iiif/20464/manifest;
FR;Saumur;Château-Musée;0002;https://bvmm.irht.cnrs.fr/iiif/1377/manifest;
FR;Saumur;Château-Musée;inc. 0040;https://bvmm.irht.cnrs.fr/iiif/1373/manifest;Impr
FR;Sées;Archives diocésaines;026 (A-7);https://bvmm.irht.cnrs.fr/iiif/23919/manifest;
FR;Solesmes;Bibliothèque de l'abbaye Saint-Pierre;204;https://bvmm.irht.cnrs.fr/iiif/3650/manifest;
FR;Strasbourg;Bibliothèque du Grand Séminaire;739;https://bvmm.irht.cnrs.fr/iiif/2674/manifest;
FR;Tonnerre;Bibliothèque municipale;01 (01);https://bvmm.irht.cnrs.fr/iiif/24224/manifest;
FR;Toulouse;Bibliothèque municipale;0129;https://bvmm.irht.cnrs.fr/iiif/1554/manifest;
FR;Toulouse;Bibliothèque municipale;0130;https://bvmm.irht.cnrs.fr/iiif/511/manifest;
FR;Toulouse;Bibliothèque municipale;0131;https://bvmm.irht.cnrs.fr/iiif/1555/manifest;
FR;Toulouse;Bibliothèque municipale;0132;https://bvmm.irht.cnrs.fr/iiif/512/manifest;
FR;Toulouse;Bibliothèque municipale;0133;https://bvmm.irht.cnrs.fr/iiif/513/manifest;
FR;Toulouse;Bibliothèque municipale;0135;https://bvmm.irht.cnrs.fr/iiif/515/manifest;
FR;Toulouse;Bibliothèque municipale;0136;https://bvmm.irht.cnrs.fr/iiif/517/manifest;
FR;Toulouse;Bibliothèque municipale;0137;https://bvmm.irht.cnrs.fr/iiif/518/manifest;
FR;Toulouse;Bibliothèque municipale;0138;https://bvmm.irht.cnrs.fr/iiif/519/manifest;
FR;Toulouse;Bibliothèque municipale;0143;https://bvmm.irht.cnrs.fr/iiif/523/manifest;
FR;Toulouse;Bibliothèque municipale;2842;https://bvmm.irht.cnrs.fr/iiif/700/manifest;
FR;Toulouse;Bibliothèque municipale;2881;https://bvmm.irht.cnrs.fr/iiif/702/manifest;
FR;Toulouse;Bibliothèque municipale;2882;https://bvmm.irht.cnrs.fr/iiif/703/manifest;
FR;Toulouse;Bibliothèque municipale;inc. Paris 0149;https://bvmm.irht.cnrs.fr/iiif/1193/manifest;Impr
FR;Toulouse;Musée Saint-Raymond;PM31000783;https://bvmm.irht.cnrs.fr/iiif/1429/manifest;
FR;Tournus;Hôtel-Dieu - Musée Greuze;inv. 82.1206;https://bvmm.irht.cnrs.fr/iiif/19465/manifest;
FR;Tours;Bibliothèque municipale;2273 A;https://bvmm.irht.cnrs.fr/iiif/8550/manifest;
FR;Tours;Bibliothèque municipale;2273 B;https://bvmm.irht.cnrs.fr/iiif/8551/manifest;
FR;Versailles;Bibliothèque municipale;0845 (168 G);https://bvmm.irht.cnrs.fr/iiif/5672/manifest;
FR;Versailles;Bibliothèque municipale;1195 (171 M);https://bvmm.irht.cnrs.fr/iiif/5674/manifest;
FR;Versailles;Bibliothèque municipale;1399 (172 M);https://bvmm.irht.cnrs.fr/iiif/5685/manifest;
FR;Versailles;Bibliothèque municipale;1403 (173 M);https://bvmm.irht.cnrs.fr/iiif/5677/manifest;
FR;Versailles;Bibliothèque municipale;1454 (047 M);https://bvmm.irht.cnrs.fr/iiif/5679/manifest;
FR;Versailles;Bibliothèque municipale;1686 (139 M);https://bvmm.irht.cnrs.fr/iiif/5682/manifest;
FR;Versailles;Bibliothèque municipale;1687 (140 M);https://bvmm.irht.cnrs.fr/iiif/5683/manifest;
FR;Versailles;Bibliothèque municipale;1688 (141 M);https://bvmm.irht.cnrs.fr/iiif/5684/manifest;
GB;Cambridge;Corpus Christi College;540 (N 042);https://dms-data.stanford.edu/data/manifests/Parker/jd913tp1831/manifest.json;
GB;Cambridge;Trinity College;0246 (B.11.07);https://trin-sites-pub.trin.cam.ac.uk/manuscripts/B.11.7.json;
GB;Cambridge;Trinity College;0253 (B.11.14);https://trin-sites-pub.trin.cam.ac.uk/manuscripts/B.11.14.json;
GB;Cambridge;Trinity College;0257 (B.11.18);https://trin-sites-pub.trin.cam.ac.uk/manuscripts/B.11.18.json;
GB;Cambridge;Trinity College;0258 (B.11.19);https://trin-sites-pub.trin.cam.ac.uk/manuscripts/B.11.19.json;
GB;Cambridge;Trinity College;0259 (B.11.20);https://trin-sites-pub.trin.cam.ac.uk/manuscripts/B.11.20.json;
GB;Cambridge;Trinity College;0261 (B.11.22);https://trin-sites-pub.trin.cam.ac.uk/manuscripts/B.11.22.json;
GB;Cambridge;Trinity College;0269 (B.11.31);https://trin-sites-pub.trin.cam.ac.uk/manuscripts/B.11.31.json;
GB;Cambridge;Trinity College;0270 (B.11.32);https://trin-sites-pub.trin.cam.ac.uk/manuscripts/B.11.32.json;
GB;Cambridge;Trinity College;0278 (B.13.11);https://trin-sites-pub.trin.cam.ac.uk/manuscripts/B.13.11.json;
GB;Cambridge;Trinity College;0279 (B.13.12);https://trin-sites-pub.trin.cam.ac.uk/manuscripts/B.13.12.json;
GB;Cambridge;Trinity College;0282 (B.13.15);https://trin-sites-pub.trin.cam.ac.uk/manuscripts/B.13.15.json;
GB;Cambridge;Trinity College;0284 (B.13.17);https://trin-sites-pub.trin.cam.ac.uk/manuscripts/B.13.17.json;
GB;Cambridge;Trinity College;0286 (B.13.19);https://trin-sites-pub.trin.cam.ac.uk/manuscripts/B.13.19.json;
GB;Cambridge;Trinity College;B.1.46;https://trin-sites-pub.trin.cam.ac.uk/manuscripts/B.1.46.json;
GB;Cambridge;Trinity College;B.13.18;https://trin-sites-pub.trin.cam.ac.uk/manuscripts/B.13.18.json;
GB;Cambridge;University Library;Dd.4.17;https://cudl.lib.cam.ac.uk/iiif/MS-DD-00004-00017;
GB;Cambridge;University Library;Ff.6.8;https://cudl.lib.cam.ac.uk/iiif/MS-FF-00006-00008;
GB;Cambridge;University Library;Ii.6.2;https://cudl.lib.cam.ac.uk/iiif/MS-II-00006-00002;
GB;Oxford;Bodleian Library;Auct. D. inf. 2.11 (2857);https://iiif.bodleian.ox.ac.uk/iiif/manifest/c070934c-79ca-426c-a115-aee7d810579e.json;
GB;Oxford;Bodleian Library;Douce 062;https://iiif.bodleian.ox.ac.uk/iiif/manifest/8daf7bf8-31d8-474d-baf9-ddaf79eefb85.json;
GB;Oxford;Bodleian Library;Douce 093;https://iiif.bodleian.ox.ac.uk/iiif/manifest/8a9d30b9-81fa-4c70-a49b-c2037fc75d7b.json;
GB;Oxford;Bodleian Library;Douce 112;https://iiif.bodleian.ox.ac.uk/iiif/manifest/c7c245a6-a87e-43d0-b1b5-09b122c61fe0.json;
GB;Oxford;Bodleian Library;Douce 231 (21805);https://iiif.bodleian.ox.ac.uk/iiif/manifest/505e2c19-ce6e-4adc-8a05-e19c48faa249.json;
GB;Oxford;Bodleian Library;Douce 40;https://iiif.bodleian.ox.ac.uk/iiif/manifest/8cdecf59-a0e2-4ddb-b06a-ecb60a5e2d7f.json;
GB;Oxford;Bodleian Library;Lat. Lit. F 02 (29742);https://iiif.bodleian.ox.ac.uk/iiif/manifest/55dbf4b2-d614-4f46-80de-c7de81ab47b6.json;
GB;Oxford;Christ Church;93;https://iiif.bodleian.ox.ac.uk/iiif/manifest/66bad1a4-fd20-45f1-8fd8-1f6f3213ea3d.json;
GB;Oxford;Christ Church;100;https://iiif.bodleian.ox.ac.uk/iiif/manifest/a4b2100c-003f-4868-8587-bc39b685ee47.json;
US;Baltimore;The Walters Art Museum;W.0037;https://purl.stanford.edu/dn556rp6795/iiif/manifest;
US;Baltimore;The Walters Art Museum;W.0039;https://purl.stanford.edu/ww852nx4077/iiif/manifest;
US;Baltimore;The Walters Art Museum;W.0041;https://purl.stanford.edu/cq459jb8197/iiif/manifest;
US;Baltimore;The Walters Art Museum;W.0047;https://purl.stanford.edu/wq365zx5703/iiif/manifest;
US;Baltimore;The Walters Art Museum;W.0082;https://purl.stanford.edu/pj107mc7715/iiif/manifest;
US;Baltimore;The Walters Art Museum;W.0085;https://purl.stanford.edu/yy336hc7437/iiif/manifest;
US;Baltimore;The Walters Art Museum;W.0086;https://purl.stanford.edu/dg026mz7261/iiif/manifest;
US;Baltimore;The Walters Art Museum;W.0087;https://purl.stanford.edu/by124ph2402/iiif/manifest;
US;Baltimore;The Walters Art Museum;W.0088;https://purl.stanford.edu/fc287hx5962/iiif/manifest;
US;Baltimore;The Walters Art Museum;W.0089;https://purl.stanford.edu/kf436hc7882/iiif/manifest;
US;Baltimore;The Walters Art Museum;W.0090;https://purl.stanford.edu/dk442xf9851/iiif/manifest;
US;Baltimore;The Walters Art Museum;W.0095;https://purl.stanford.edu/yf686hv8184/iiif/manifest;
US;Baltimore;The Walters Art Museum;W.0096;https://purl.stanford.edu/vs511jt0099/iiif/manifest;
US;Baltimore;The Walters Art Museum;W.0099;https://purl.stanford.edu/wq809bf0102/iiif/manifest;
US;Baltimore;The Walters Art Museum;W.0102;https://purl.stanford.edu/xq443wf4818/iiif/manifest;
US;Baltimore;The Walters Art Museum;W.0104;https://purl.stanford.edu/hf206wb9742/iiif/manifest;
US;Baltimore;The Walters Art Museum;W.0105;https://purl.stanford.edu/sr994pm0975/iiif/manifest;
US;Baltimore;The Walters Art Museum;W.0113;https://purl.stanford.edu/gp528rw3198/iiif/manifest;
US;Baltimore;The Walters Art Museum;W.0166;https://purl.stanford.edu/ff688vm4417/iiif/manifest;
US;Baltimore;The Walters Art Museum;W.0168;https://purl.stanford.edu/qm670kv1873/iiif/manifest;
US;Baltimore;The Walters Art Museum;W.0169;https://purl.stanford.edu/vj053mn4619/iiif/manifest;
US;Baltimore;The Walters Art Museum;W.0170;https://purl.stanford.edu/qz701mh4428/iiif/manifest;
US;Baltimore;The Walters Art Museum;W.0172;https://purl.stanford.edu/yz920mm4360/iiif/manifest;
US;Baltimore;The Walters Art Museum;W.0173;https://purl.stanford.edu/td467pn7624/iiif/manifest;
US;Baltimore;The Walters Art Museum;W.0176;https://purl.stanford.edu/sh232js9131/iiif/manifest;
US;Baltimore;The Walters Art Museum;W.0177;https://purl.stanford.edu/sw741tz6027/iiif/manifest;
US;Baltimore;The Walters Art Museum;W.0178;https://purl.stanford.edu/yk435gb3262/iiif/manifest;
US;Baltimore;The Walters Art Museum;W.0180;https://purl.stanford.edu/qx197gr5341/iiif/manifest;
US;Baltimore;The Walters Art Museum;W.0181;https://purl.stanford.edu/gz912rc9711/iiif/manifest;
US;Baltimore;The Walters Art Museum;W.0183;https://purl.stanford.edu/xr480bs5669/iiif/manifest;
US;Baltimore;The Walters Art Museum;W.0184;https://purl.stanford.edu/kx876df8760/iiif/manifest;
US;Baltimore;The Walters Art Museum;W.0185;https://purl.stanford.edu/by397hw6027/iiif/manifest;
US;Baltimore;The Walters Art Museum;W.0186;https://purl.stanford.edu/fx476tb0662/iiif/manifest;
US;Baltimore;The Walters Art Museum;W.0189;https://purl.stanford.edu/kf205rk4807/iiif/manifest;
US;Baltimore;The Walters Art Museum;W.0190;https://purl.stanford.edu/pb462wj5265/iiif/manifest;
US;Baltimore;The Walters Art Museum;W.0193;https://purl.stanford.edu/kt794yq9040/iiif/manifest;
US;Baltimore;The Walters Art Museum;W.0194;https://purl.stanford.edu/bd845tn4821/iiif/manifest;
US;Baltimore;The Walters Art Museum;W.0195;https://purl.stanford.edu/vs234vd4916/iiif/manifest;
US;Baltimore;The Walters Art Museum;W.0196;https://purl.stanford.edu/np517xz5161/iiif/manifest;
US;Baltimore;The Walters Art Museum;W.0197;https://purl.stanford.edu/hw305bv4114/iiif/manifest;
US;Baltimore;The Walters Art Museum;W.0202;https://purl.stanford.edu/my189pm5441/iiif/manifest;
US;Baltimore;The Walters Art Museum;W.0204;https://purl.stanford.edu/wx114pq5623/iiif/manifest;
US;Baltimore;The Walters Art Museum;W.0206;https://purl.stanford.edu/dt765nv8976/iiif/manifest;
US;Baltimore;The Walters Art Museum;W.0208;https://purl.stanford.edu/jb119rn7623/iiif/manifest;
US;Baltimore;The Walters Art Museum;W.0211;https://purl.stanford.edu/yw595xk3647/iiif/manifest;
US;Baltimore;The Walters Art Museum;W.0215;https://purl.stanford.edu/kr986bn6539/iiif/manifest;
US;Baltimore;The Walters Art Museum;W.0218;https://purl.stanford.edu/rn123cy2229/iiif/manifest;
US;Baltimore;The Walters Art Museum;W.0220;https://purl.stanford.edu/zv762vd8005/iiif/manifest;
US;Baltimore;The Walters Art Museum;W.0229;https://purl.stanford.edu/dr952cm5469/iiif/manifest;
US;Baltimore;The Walters Art Museum;W.0239;https://purl.stanford.edu/cr603ff5962/iiif/manifest;
US;Baltimore;The Walters Art Museum;W.0240;https://purl.stanford.edu/zs503zt2162/iiif/manifest;
US;Baltimore;The Walters Art Museum;W.0246;https://purl.stanford.edu/gd972zf6050/iiif/manifest;
US;Baltimore;The Walters Art Museum;W.0262;https://purl.stanford.edu/wn505gm7074/iiif/manifest;
US;Baltimore;The Walters Art Museum;W.0263;https://purl.stanford.edu/wt195gt4247/iiif/manifest;
US;Baltimore;The Walters Art Museum;W.0266;https://purl.stanford.edu/mn936zn4099/iiif/manifest;
US;Baltimore;The Walters Art Museum;W.0267;https://purl.stanford.edu/qr056bk8287/iiif/manifest;
US;Baltimore;The Walters Art Museum;W.0269;https://purl.stanford.edu/hh228zr1239/iiif/manifest;
US;Baltimore;The Walters Art Museum;W.0270;https://purl.stanford.edu/bs390xv5099/iiif/manifest;
US;Baltimore;The Walters Art Museum;W.0277;https://purl.stanford.edu/nm106gm5236/iiif/manifest;
US;Baltimore;The Walters Art Museum;W.0279;https://purl.stanford.edu/hr678ct7683/iiif/manifest;
US;Baltimore;The Walters Art Museum;W.0281;https://purl.stanford.edu/jt399mb8580/iiif/manifest;
US;Baltimore;The Walters Art Museum;W.0282;https://purl.stanford.edu/xj035pj4779/iiif/manifest;
US;Baltimore;The Walters Art Museum;W.0284;https://purl.stanford.edu/xz282wc8447/iiif/manifest;
US;Baltimore;The Walters Art Museum;W.0289;https://purl.stanford.edu/jt855sc2143/iiif/manifest;
US;Baltimore;The Walters Art Museum;W.0292;https://purl.stanford.edu/pr444bb2006/iiif/manifest;
US;Baltimore;The Walters Art Museum;W.0420;https://purl.stanford.edu/fx508wc9951/iiif/manifest;
US;Baltimore;The Walters Art Museum;W.0423;https://purl.stanford.edu/wy652xv2461/iiif/manifest;
US;Baltimore;The Walters Art Museum;W.0427;https://purl.stanford.edu/vc281hf3102/iiif/manifest;
US;Baltimore;The Walters Art Museum;W.0428;https://purl.stanford.edu/kz860yq2596/iiif/manifest;
US;Baltimore;The Walters Art Museum;W.0429;https://purl.stanford.edu/xz419dn0625/iiif/manifest;
US;Baltimore;The Walters Art Museum;W.0431;https://purl.stanford.edu/my769dn6747/iiif/manifest;
US;Baltimore;The Walters Art Museum;W.0433;https://purl.stanford.edu/fq804fm0409/iiif/manifest;
US;Baltimore;The Walters Art Museum;W.0434;https://purl.stanford.edu/mv404mn8568/iiif/manifest;
US;Baltimore;The Walters Art Museum;W.0435;https://purl.stanford.edu/br791wh6450/iiif/manifest;
US;Baltimore;The Walters Art Museum;W.0437;https://purl.stanford.edu/vn362wg6218/iiif/manifest;
US;Baltimore;The Walters Art Museum;W.0439;https://purl.stanford.edu/xb915nd9363/iiif/manifest;
US;Baltimore;The Walters Art Museum;W.0440;https://purl.stanford.edu/gh974by5078/iiif/manifest;
US;Baltimore;The Walters Art Museum;W.0441;https://purl.stanford.edu/xw613th3364/iiif/manifest;
US;Baltimore;The Walters Art Museum;W.0719;https://purl.stanford.edu/tc762gc0596/iiif/manifest;
US;Baltimore;The Walters Art Museum;W.0721;https://purl.stanford.edu/zx896jf6359/iiif/manifest;
US;Cambridge;Harvard College Library;Lat. 017;https://iiif.lib.harvard.edu/manifests/drs:10840328;
US;Cambridge;Harvard College Library;Lat. 133;https://iiif.lib.harvard.edu/manifests/drs:10614144;
US;Cambridge;Harvard College Library;Lat. 159;https://iiif.lib.harvard.edu/manifests/drs:4771822;
US;Cambridge;Harvard College Library;Lat. 160;https://iiif.lib.harvard.edu/manifests/drs:15963247;
US;Cambridge;Harvard College Library;Lat. 161;https://iiif.lib.harvard.edu/manifests/drs:47957493;
US;Cambridge;Harvard College Library;Lat. 249;https://iiif.lib.harvard.edu/manifests/drs:26120881;
US;Cambridge;Harvard College Library;Lat. 250 (Sum. 59);https://iiif.lib.harvard.edu/manifests/drs:10148946;
US;Cambridge;Harvard College Library;Lat. 251 (Sum. 60);https://iiif.lib.harvard.edu/manifests/drs:10908606;
US;Cambridge;Harvard College Library;Lat. 253 (Sum. 62);https://iiif.lib.harvard.edu/manifests/drs:10643868;
US;Cambridge;Harvard College Library;Richardson 05;https://iiif.lib.harvard.edu/manifests/drs:17695424;
US;Cambridge;Harvard College Library;Richardson 06;https://iiif.lib.harvard.edu/manifests/drs:15917855;
US;Cambridge;Harvard College Library;Richardson 07;https://iiif.lib.harvard.edu/manifests/drs:5981093;
US;Cambridge;Harvard College Library;Richardson 09;https://iiif.lib.harvard.edu/manifests/drs:16031964;
US;Cambridge;Harvard College Library;Richardson 34;https://iiif.lib.harvard.edu/manifests/drs:6135067;
US;Cambridge;Harvard College Library;Richardson 42;https://iiif.lib.harvard.edu/manifests/drs:9827622;
US;Cambridge;Harvard College Library;Richardson 45;https://iiif.lib.harvard.edu/manifests/drs:47899293;
US;Cambridge;Harvard College Library;Typ 032;https://iiif.lib.harvard.edu/manifests/drs:48463951;
US;Cambridge;Harvard College Library;Typ 1000;https://iiif.lib.harvard.edu/manifests/drs:10309732;
US;Cambridge;Harvard College Library;Typ 1005;https://iiif.lib.harvard.edu/manifests/drs:11676290;
US;Cambridge;Harvard College Library;Typ 1006;https://iiif.lib.harvard.edu/manifests/drs:11676291;
US;Cambridge;Harvard College Library;Typ 1008;https://iiif.lib.harvard.edu/manifests/drs:11676293;
US;Cambridge;Harvard College Library;Typ 1012;https://iiif.lib.harvard.edu/manifests/drs:11676296;
US;Cambridge;Harvard College Library;Typ 253;https://iiif.lib.harvard.edu/manifests/drs:49309022;
US;Cambridge;Harvard College Library;Typ 302;https://iiif.lib.harvard.edu/manifests/drs:49592873;
US;Cambridge;Harvard College Library;Typ 443;https://iiif.lib.harvard.edu/manifests/drs:49314349;
US;Cambridge;Harvard College Library;Typ 443.1;https://iiif.lib.harvard.edu/manifests/drs:48280898;
US;Cambridge;Harvard College Library;Typ 463;https://iiif.lib.harvard.edu/manifests/drs:422676207;
US;Cambridge;Harvard College Library;Typ 464;https://iiif.lib.harvard.edu/manifests/drs:49756151;
US;Cambridge;Harvard College Library;Typ 957;https://iiif.lib.harvard.edu/manifests/drs:6522890;
US;Cambridge;Harvard College Library;Typ 958;https://iiif.lib.harvard.edu/manifests/drs:6522891;
US;Cambridge;Harvard College Library;Typ 999;https://iiif.lib.harvard.edu/manifests/drs:9899749;
US;Cambridge;Harvard College Library;Widener 02;https://iiif.lib.harvard.edu/manifests/drs:47779375;
VA;Vaticano;Biblioteca Apostolica Vaticana;Barb. lat. 00387;https://digi.vatlib.it/iiif/MSS_Barb.lat.387/manifest.json;
VA;Vaticano;Biblioteca Apostolica Vaticana;Barb. lat. 00443;https://digi.vatlib.it/iiif/MSS_Barb.lat.443/manifest.json;
VA;Vaticano;Biblioteca Apostolica Vaticana;Barb. lat. 00444;https://digi.vatlib.it/iiif/MSS_Barb.lat.444/manifest.json;
VA;Vaticano;Biblioteca Apostolica Vaticana;Barb. lat. 00487;https://digi.vatlib.it/iiif/MSS_Barb.lat.487/manifest.json;
VA;Vaticano;Biblioteca Apostolica Vaticana;Barb. lat. 0393 (XI 36);https://digi.vatlib.it/iiif/MSS_Barb.lat.393/manifest.json;
VA;Vaticano;Biblioteca Apostolica Vaticana;Borg. lat. 355;https://digi.vatlib.it/iiif/MSS_Borg.lat.355/manifest.json;
VA;Vaticano;Biblioteca Apostolica Vaticana;Borg. lat. 356;https://digi.vatlib.it/iiif/MSS_Borg.lat.356/manifest.json;
VA;Vaticano;Biblioteca Apostolica Vaticana;Borgh. 183;https://digi.vatlib.it/iiif/MSS_Borgh.183/manifest.json;
VA;Vaticano;Biblioteca Apostolica Vaticana;Cappon. 199;https://digi.vatlib.it/iiif/MSS_Cappon.199/manifest.json;
VA;Vaticano;Biblioteca Apostolica Vaticana;Cappon. 218;https://digi.vatlib.it/iiif/MSS_Cappon.218/manifest.json;
VA;Vaticano;Biblioteca Apostolica Vaticana;Chig. C.IV.109;https://digi.vatlib.it/iiif/MSS_Chig.C.IV.109/manifest.json;
VA;Vaticano;Biblioteca Apostolica Vaticana;Chig. C.IV.111;https://digi.vatlib.it/iiif/MSS_Chig.C.IV.111/manifest.json;
VA;Vaticano;Biblioteca Apostolica Vaticana;Chig. C.IV.113;https://digi.vatlib.it/iiif/MSS_Chig.C.IV.113/manifest.json;
VA;Vaticano;Biblioteca Apostolica Vaticana;Chig. D.V.71;https://digi.vatlib.it/iiif/MSS_Chig.D.V.71/manifest.json;
VA;Vaticano;Biblioteca Apostolica Vaticana;Ott. lat. 0548;https://digi.vatlib.it/iiif/MSS_Ott.lat.548/manifest.json;
VA;Vaticano;Biblioteca Apostolica Vaticana;Ott. lat. 2919;https://digi.vatlib.it/iiif/MSS_Ott.lat.2919/manifest.json;
VA;Vaticano;Biblioteca Apostolica Vaticana;Pal. lat. 537;https://digi.vatlib.it/iiif/MSS_Pal.lat.537/manifest.json;
VA;Vaticano;Biblioteca Apostolica Vaticana;Reg. lat. 0121;https://digi.vatlib.it/iiif/MSS_Reg.lat.121/manifest.json;
VA;Vaticano;Biblioteca Apostolica Vaticana;Reg. lat. 0156;https://digi.vatlib.it/iiif/MSS_Reg.lat.156/manifest.json;
VA;Vaticano;Biblioteca Apostolica Vaticana;Reg. lat. 0162;https://digi.vatlib.it/iiif/MSS_Reg.lat.162/manifest.json;
VA;Vaticano;Biblioteca Apostolica Vaticana;Reg. lat. 0165;https://digi.vatlib.it/iiif/MSS_Reg.lat.165/manifest.json;
VA;Vaticano;Biblioteca Apostolica Vaticana;Reg. lat. 0180;https://digi.vatlib.it/iiif/MSS_Reg.lat.180/manifest.json;
VA;Vaticano;Biblioteca Apostolica Vaticana;Reg. lat. 0212;https://digi.vatlib.it/iiif/MSS_Reg.lat.212/manifest.json;
VA;Vaticano;Biblioteca Apostolica Vaticana;Rossi 0061;https://digi.vatlib.it/iiif/MSS_Ross.61/manifest.json;
VA;Vaticano;Biblioteca Apostolica Vaticana;Rossi 0062;https://digi.vatlib.it/iiif/MSS_Ross.62/manifest.json;
VA;Vaticano;Biblioteca Apostolica Vaticana;Rossi 0065 (VIII 7);https://digi.vatlib.it/iiif/MSS_Ross.65/manifest.json;
VA;Vaticano;Biblioteca Apostolica Vaticana;Rossi 0066;https://digi.vatlib.it/iiif/MSS_Ross.66/manifest.json;
VA;Vaticano;Biblioteca Apostolica Vaticana;Rossi 0067;https://digi.vatlib.it/iiif/MSS_Ross.67/manifest.json;
VA;Vaticano;Biblioteca Apostolica Vaticana;Rossi 0074 (VIII 16);https://digi.vatlib.it/iiif/MSS_Ross.74/manifest.json;
VA;Vaticano;Biblioteca Apostolica Vaticana;Rossi 0089;https://digi.vatlib.it/iiif/MSS_Ross.89/manifest.json;
VA;Vaticano;Biblioteca Apostolica Vaticana;Rossi 0091 (VIII 33);https://digi.vatlib.it/iiif/MSS_Ross.91/manifest.json;
VA;Vaticano;Biblioteca Apostolica Vaticana;Rossi 0094;https://digi.vatlib.it/iiif/MSS_Ross.94/manifest.json;
VA;Vaticano;Biblioteca Apostolica Vaticana;Rossi 0098 (VIII 40);https://digi.vatlib.it/iiif/MSS_Ross.98/manifest.json;
VA;Vaticano;Biblioteca Apostolica Vaticana;Rossi 0099 (VIII 41);https://digi.vatlib.it/iiif/MSS_Ross.99/manifest.json;
VA;Vaticano;Biblioteca Apostolica Vaticana;Rossi 0100;https://digi.vatlib.it/iiif/MSS_Ross.100/manifest.json;
VA;Vaticano;Biblioteca Apostolica Vaticana;Rossi 0101;https://digi.vatlib.it/iiif/MSS_Ross.101/manifest.json;
VA;Vaticano;Biblioteca Apostolica Vaticana;Rossi 0102;https://digi.vatlib.it/iiif/MSS_Ross.102/manifest.json;
VA;Vaticano;Biblioteca Apostolica Vaticana;Rossi 0107;https://digi.vatlib.it/iiif/MSS_Ross.107/manifest.json;
VA;Vaticano;Biblioteca Apostolica Vaticana;Rossi 0111 (VIII 53);https://digi.vatlib.it/iiif/MSS_Ross.111/manifest.json;
VA;Vaticano;Biblioteca Apostolica Vaticana;Rossi 0114;https://digi.vatlib.it/iiif/MSS_Ross.114/manifest.json;
VA;Vaticano;Biblioteca Apostolica Vaticana;Rossi 0118;https://digi.vatlib.it/iiif/MSS_Ross.118/manifest.json;
VA;Vaticano;Biblioteca Apostolica Vaticana;Rossi 0119;https://digi.vatlib.it/iiif/MSS_Ross.119/manifest.json;
VA;Vaticano;Biblioteca Apostolica Vaticana;Rossi 0120;https://digi.vatlib.it/iiif/MSS_Ross.120/manifest.json;
VA;Vaticano;Biblioteca Apostolica Vaticana;Rossi 0198;https://digi.vatlib.it/iiif/MSS_Ross.198/manifest.json;
VA;Vaticano;Biblioteca Apostolica Vaticana;Urb. lat. 0477;https://digi.vatlib.it/iiif/MSS_Urb.lat.477/manifest.json;
VA;Vaticano;Biblioteca Apostolica Vaticana;Vat. lat. 03769;https://digi.vatlib.it/iiif/MSS_Vat.lat.3769/manifest.json;
VA;Vaticano;Biblioteca Apostolica Vaticana;Vat. lat. 03770;https://digi.vatlib.it/iiif/MSS_Vat.lat.3770/manifest.json;
VA;Vaticano;Biblioteca Apostolica Vaticana;Vat. lat. 03779;https://digi.vatlib.it/iiif/MSS_Vat.lat.3779/manifest.json;
VA;Vaticano;Biblioteca Apostolica Vaticana;Vat. lat. 03780;https://digi.vatlib.it/iiif/MSS_Vat.lat.3780/manifest.json;
VA;Vaticano;Biblioteca Apostolica Vaticana;Vat. lat. 03781;https://digi.vatlib.it/iiif/MSS_Vat.lat.3781/manifest.json;
VA;Vaticano;Biblioteca Apostolica Vaticana;Vat. lat. 09488;https://digi.vatlib.it/iiif/MSS_Vat.lat.9488/manifest.json;
VA;Vaticano;Biblioteca Apostolica Vaticana;Vat. lat. 09490;https://digi.vatlib.it/iiif/MSS_Vat.lat.9490/manifest.json;
VA;Vaticano;Biblioteca Apostolica Vaticana;Vat. lat. 09495;https://digi.vatlib.it/iiif/MSS_Vat.lat.9495/manifest.json;
VA;Vaticano;Biblioteca Apostolica Vaticana;Vat. lat. 10293;https://digi.vatlib.it/iiif/MSS_Vat.lat.10293/manifest.json;
VA;Vaticano;Biblioteca Apostolica Vaticana;Vat. lat. 13985;https://digi.vatlib.it/iiif/MSS_Vat.lat.13985/manifest.json;
VA;Vaticano;Biblioteca Apostolica Vaticana;Vat. lat. 14935;https://digi.vatlib.it/iiif/MSS_Vat.lat.14935/manifest.json;
VA;Vaticano;Biblioteca Apostolica Vaticana;Vat. lat. 14936;https://digi.vatlib.it/iiif/MSS_Vat.lat.14936/manifest.json;
VA;Vaticano;Biblioteca Apostolica Vaticana;Arch. Cap. S. Pietro E.15;https://digi.vatlib.it/iiif/MSS_Arch.Cap.S.Pietro.E.15/manifest.json;
