"Manuscript H-ID","repository_key (Organisation) H-ID","Short name / acronym",Country(ies),idno,"iiif manifest",Digitization-type
163,739655,"Brugge, Openbare Bibliotheek Brugge (Biekorf)",Belgium,"Ms. 321",https://sharedcanvas.be/IIIF/manifests/B_OB_SVC_MS012,
164,739655,"Brugge, Openbare Bibliotheek Brugge (Biekorf)",Belgium,"Ms. 329",https://sharedcanvas.be/IIIF/manifests/B_OB_MS329,
625,740266,"Praha, Klášter premonstrátů na Strahově","Czech Republic","DG IV 01",https://collectiones.manuscriptorium.com/assorted/AIPDIG/KKPS__/6/AIPDIG-KKPS__DG_IV_1_____3Z3XO66-cs/,
631,740277,"Praha, Knihovna Národního muzea","Czech Republic",XIII.G.54,https://collectiones.manuscriptorium.com/assorted/AIPDIG/NMP___/8/AIPDIG-NMP___XIII_G_54___39LGU58-cs/,
633,740277,"Praha, Knihovna Národního muzea","Czech Republic",XVI.G.77,https://collectiones.manuscriptorium.com/assorted/AIPDIG/NMP___/D/AIPDIG-NMP___XVI_G_77____2H3QQHD-cs/,
847,739468,"Köln, Kolumba Kunstmuseum des Erzbistums Köln",Germany,"König-Hs. 15",https://digital.dombibliothek-koeln.de/i3f/v20/548112/manifest,
1093,739502,"Madrid, Biblioteca Nacional de España",Spain,"Vitr. 24-01",https://collectiones.manuscriptorium.com/assorted/BNE___/NLS___/6/BNE___-NLS___VITR_024_0014CO1ZM6-es/,
1107,739503,"Madrid, Real Biblioteca",Spain,II/2099,https://collectiones.manuscriptorium.com/assorted/PNES__/PNES__/A/PNES__-PNES__II_2099_____1SFA4YA-es/,
1109,739503,"Madrid, Real Biblioteca",Spain,II/2101,https://collectiones.manuscriptorium.com/assorted/PNES__/PNES__/6/PNES__-PNES__II_2101_____382A9Y6-es/,
1111,739503,"Madrid, Real Biblioteca",Spain,II/2100,https://collectiones.manuscriptorium.com/assorted/PNES__/PNES__/0/PNES__-PNES__II_2100_____3L6PHR0-es/,
1112,739503,"Madrid, Real Biblioteca",Spain,II/Tesoro,https://rbdigital.realbiblioteca.es/files/manifests/II-Tesoro.json?manifest=https://rbdigital.realbiblioteca.es/files/manifests/II-Tesoro.json,
1190,739519,"Ambierle, Musée Alice Taverne",France,"inv. AR 501.01",https://bvmm.irht.cnrs.fr/iiif/35490/manifest,
1221,739521,"Angers, Bibliothèque municipale",France,"0125 (0117)",https://api.irht.cnrs.fr/ark:/63955/fmda103awmlf/manifest.json,
1222,739521,"Angers, Bibliothèque municipale",France,"0126 (0118)",https://api.irht.cnrs.fr/ark:/63955/f6jyt2xsy11a/manifest.json,
1225,739521,"Angers, Bibliothèque municipale",France,"0129 (0121)",https://api.irht.cnrs.fr/ark:/63955/fd1albaqhuqb/manifest.json,
1226,739521,"Angers, Bibliothèque municipale",France,"0130 (0122)",https://api.irht.cnrs.fr/ark:/63955/f5xedb1ak5h1/manifest.json,
1227,739521,"Angers, Bibliothèque municipale",France,"0131 (0123)",https://api.irht.cnrs.fr/ark:/63955/f901kx41vx7z/manifest.json,
1228,739521,"Angers, Bibliothèque municipale",France,"0132 (0124)",https://api.irht.cnrs.fr/ark:/63955/fsmeqwtphaqf/manifest.json,
1273,739528,"Arras, Bibliothèque municipale",France,"0782 (1023)",https://bvmm.irht.cnrs.fr/iiif/34421/manifest,
1276,739528,"Arras, Bibliothèque municipale",France,"0786 (imprimé)",https://api.irht.cnrs.fr/ark:/63955/fwxxkb50yi4m/manifest.json,
1277,739528,"Arras, Bibliothèque municipale",France,"0787 (0521)",https://bvmm.irht.cnrs.fr/iiif/35425/manifest,
1278,739528,"Arras, Bibliothèque municipale",France,"0789 (0515)",https://bvmm.irht.cnrs.fr/iiif/35429/manifest,
1280,739528,"Arras, Bibliothèque municipale",France,"0791 (0536)",https://bvmm.irht.cnrs.fr/iiif/35430/manifest,
1281,739528,"Arras, Bibliothèque municipale",France,"0792 (0533)",https://bvmm.irht.cnrs.fr/iiif/35431/manifest,
1282,739528,"Arras, Bibliothèque municipale",France,"0793 (0540)",https://bvmm.irht.cnrs.fr/iiif/35446/manifest,
1284,739528,"Arras, Bibliothèque municipale",France,"0795 (0545)",https://bvmm.irht.cnrs.fr/iiif/35447/manifest,
1287,739528,"Arras, Bibliothèque municipale",France,"0892 (0767)",https://bvmm.irht.cnrs.fr/iiif/35471/manifest,
1291,739528,"Arras, Bibliothèque municipale",France,"0904 (0231)",https://bvmm.irht.cnrs.fr/iiif/34460/manifest,
1292,739528,"Arras, Bibliothèque municipale",France,"0906 (0240)",https://bvmm.irht.cnrs.fr/iiif/34483/manifest,
1293,739528,"Arras, Bibliothèque municipale",France,"0915 (0249)",https://bvmm.irht.cnrs.fr/iiif/34462/manifest,
1307,739529,"Arras, Musée diocésain",France,601,https://bvmm.irht.cnrs.fr/iiif/35127/manifest,
1363,739540,"Bailleul, Musée Benoît de Puydt",France,"Inv. 992.7.1",https://api.irht.cnrs.fr/ark:/63955/fvn9ir4r2b50/manifest.json,
1364,739540,"Bailleul, Musée Benoît de Puydt",France,"Inv. 992.7.3",https://api.irht.cnrs.fr/ark:/63955/foyi2ng1rcnk/manifest.json,
1397,739547,"Beaune, Archives hospitalières",France,"non coté [9]",https://bvmm.irht.cnrs.fr/iiif/23188/manifest,
1408,739551,"Besançon, Archives départementales du Doubs",France,MS4,https://api.irht.cnrs.fr/ark:/63955/fx5fcbrrd91n/manifest.json,
1414,739552,"Besançon, Bibliothèque municipale",France,125,https://api.irht.cnrs.fr/ark:/63955/fw69vriwss0q/manifest.json,
1417,739552,"Besançon, Bibliothèque municipale",France,136,https://api.irht.cnrs.fr/ark:/63955/fk19qd9ya3m1/manifest.json,
1421,739552,"Besançon, Bibliothèque municipale",France,144,https://api.irht.cnrs.fr/ark:/63955/fv2stajibrle/manifest.json,
1423,739552,"Besançon, Bibliothèque municipale",France,147,https://api.irht.cnrs.fr/ark:/63955/ffetzmpt57r9/manifest.json,
1426,739552,"Besançon, Bibliothèque municipale",France,151,https://api.irht.cnrs.fr/ark:/63955/f5z0k3m4y6da/manifest.json,
1449,739558,"Bordeaux, Bibliothèque municipale",France,92,https://bvmm.irht.cnrs.fr/iiif/3900/manifest,"double page"
1450,739558,"Bordeaux, Bibliothèque municipale",France,93,https://bvmm.irht.cnrs.fr/iiif/3899/manifest,"double page"
1452,739558,"Bordeaux, Bibliothèque municipale",France,95,https://bvmm.irht.cnrs.fr/iiif/3897/manifest,"double page"
1478,739564,"Brest, Bibliothèque municipale",France,1,https://api.irht.cnrs.fr/ark:/63955/f56tdegsebif/manifest.json,
1493,739569,"Caen, Musée des Beaux-Arts",France,FMM.240,https://api.irht.cnrs.fr/ark:/63955/fal36xrgmew4/manifest.json,
1500,739571,"Cambrai, Archives diocésaines",France,"ms. non côté [1]",https://api.irht.cnrs.fr/ark:/63955/fbmmpiwpsviu/manifest.json,
1568,739579,"Chambéry, Bibliothèque municipale",France,1,https://bvmm.irht.cnrs.fr/iiif/34187/manifest,"double page"
1569,739579,"Chambéry, Bibliothèque municipale",France,3,https://bvmm.irht.cnrs.fr/iiif/34189/manifest,"double page"
1570,739580,"Chambéry, Musée savoisien",France,"inv. 977-1-1",https://bvmm.irht.cnrs.fr/iiif/35396/manifest,
1571,739580,"Chambéry, Musée savoisien",France,"inv. D. 241",https://bvmm.irht.cnrs.fr/iiif/35397/manifest,
1577,739581,"Chantilly, Bibliothèque et archives du musée Condé",France,"0064 (1671)",https://api.irht.cnrs.fr/ark:/63955/f710atcmknze/manifest.json,
1584,739581,"Chantilly, Bibliothèque et archives du musée Condé",France,"0072 (1119)",https://api.irht.cnrs.fr/ark:/63955/fkfag1fua19c/manifest.json,
1586,739581,"Chantilly, Bibliothèque et archives du musée Condé",France,"0074 (1088)",https://api.irht.cnrs.fr/ark:/63955/fp139oc9m6k9/manifest.json,
1587,739581,"Chantilly, Bibliothèque et archives du musée Condé",France,"0075 (1140)",https://api.irht.cnrs.fr/ark:/63955/frdw7702qowd/manifest.json,
1588,739581,"Chantilly, Bibliothèque et archives du musée Condé",France,"0076 (1362)",https://api.irht.cnrs.fr/ark:/63955/flv2davjkwc7/manifest.json,
1626,739584,"Chartres, Bibliothèque municipale",France,1720,https://api.irht.cnrs.fr/ark:/63955/fe5gi07zwl88/manifest.json,
1653,739590,"Cherbourg, Bibliothèque municipale",France,5,https://api.irht.cnrs.fr/ark:/63955/fq1m6hnks59z/manifest.json,
1679,739594,"Colmar, Bibliothèque municipale",France,"0350 (713)",https://api.irht.cnrs.fr/ark:/63955/f6ofbe3u19od/manifest.json,
1742,739604,"Dreux, Musée Marcel Dessal",France,"non coté 03",https://api.irht.cnrs.fr/ark:/63955/fsfgik8tb489/manifest.json,
1820,739620,"Le Mans, Bibliothèque municipale",France,129,https://api.irht.cnrs.fr/ark:/63955/fjmkbaqk4cz9/manifest.json,
1821,739620,"Le Mans, Bibliothèque municipale",France,131,https://api.irht.cnrs.fr/ark:/63955/fxx0jovib10p/manifest.json,
1822,739620,"Le Mans, Bibliothèque municipale",France,135,https://api.irht.cnrs.fr/ark:/63955/foa0nk35zrrx/manifest.json,
1823,739620,"Le Mans, Bibliothèque municipale",France,138,https://api.irht.cnrs.fr/ark:/63955/fmjv3b5qu52f/manifest.json,
1824,739620,"Le Mans, Bibliothèque municipale",France,139,https://api.irht.cnrs.fr/ark:/63955/fa9pi39155po/manifest.json,
1825,739620,"Le Mans, Bibliothèque municipale",France,140,https://api.irht.cnrs.fr/ark:/63955/favsmsyl80ui/manifest.json,
1826,739620,"Le Mans, Bibliothèque municipale",France,145,https://api.irht.cnrs.fr/ark:/63955/fb3a9l8yb7hb/manifest.json,
1827,739620,"Le Mans, Bibliothèque municipale",France,150,https://api.irht.cnrs.fr/ark:/63955/fhy18mv4cts3/manifest.json,
1828,739620,"Le Mans, Bibliothèque municipale",France,159,https://api.irht.cnrs.fr/ark:/63955/fzusdqfk0nlk/manifest.json,
1830,739620,"Le Mans, Bibliothèque municipale",France,363,https://api.irht.cnrs.fr/ark:/63955/f4vei6zsu99q/manifest.json,
1965,739647,"Meaux, Bibliothèque municipale",France,134,https://api.irht.cnrs.fr/ark:/63955/fuue6jk90hda/manifest.json,
1991,739653,"Montbrison, Musée d'Allard",France,"ms. A",https://bvmm.irht.cnrs.fr/iiif/34936/manifest,
1992,739653,"Montbrison, Musée d'Allard",France,"ms. B",https://bvmm.irht.cnrs.fr/iiif/34951/manifest,
1993,739653,"Montbrison, Musée d'Allard",France,"ms. C",https://bvmm.irht.cnrs.fr/iiif/34952/manifest,
1994,739653,"Montbrison, Musée d'Allard",France,"ms. D",https://bvmm.irht.cnrs.fr/iiif/34953/manifest,
2021,739660,"Moûtiers, Musée de l'académie de la Val d'Isère",France,2,https://api.irht.cnrs.fr/ark:/63955/f87grozudi7a/manifest.json,
2022,739661,"Mulhouse, Bibliothèque municipale",France,AW02,https://api.irht.cnrs.fr/ark:/63955/f9gyma9hvfws/manifest.json,
2023,739661,"Mulhouse, Bibliothèque municipale",France,AW03,https://api.irht.cnrs.fr/ark:/63955/fmikse3w4xam/manifest.json,
2044,739668,"Nantes, Bibliothèque municipale",France,"0018 (lat. 0018)",https://bvmm.irht.cnrs.fr/iiif/4394/manifest,
2097,739681,"Paris, Bibliothèque de l'Assemblée Nationale",France,11,https://api.irht.cnrs.fr/ark:/63955/fk5xajks1num/manifest.json,
2105,739682,"Paris, Bibliothèque de l'Ecole des Beaux-Arts",France,"Mn.Mas 0001",https://api.irht.cnrs.fr/ark:/63955/fiqjdxvppyn7/manifest.json,
2106,739682,"Paris, Bibliothèque de l'Ecole des Beaux-Arts",France,"Mn.Mas 0003",https://api.irht.cnrs.fr/ark:/63955/fgn5q71eyjzs/manifest.json,
2107,739682,"Paris, Bibliothèque de l'Ecole des Beaux-Arts",France,"Mn.Mas 0055",https://api.irht.cnrs.fr/ark:/63955/fjwepxnmsf1r/manifest.json,
2108,739682,"Paris, Bibliothèque de l'Ecole des Beaux-Arts",France,"Mn.Mas 0056",https://api.irht.cnrs.fr/ark:/63955/f48ey0naraqn/manifest.json,
2109,739682,"Paris, Bibliothèque de l'Ecole des Beaux-Arts",France,"Mn.Mas 0057",https://api.irht.cnrs.fr/ark:/63955/fg569gnq1om4/manifest.json,
2110,739682,"Paris, Bibliothèque de l'Ecole des Beaux-Arts",France,"Mn.Mas 0058",https://api.irht.cnrs.fr/ark:/63955/fl7dlm7q2r13/manifest.json,
2111,739682,"Paris, Bibliothèque de l'Ecole des Beaux-Arts",France,"Mn.Mas 0059",https://api.irht.cnrs.fr/ark:/63955/f1wbjlzwcy4q/manifest.json,
2112,739682,"Paris, Bibliothèque de l'Ecole des Beaux-Arts",France,"Mn.Mas 0060",https://api.irht.cnrs.fr/ark:/63955/ff7sinho1gr9/manifest.json,
2113,739682,"Paris, Bibliothèque de l'Ecole des Beaux-Arts",France,"Mn.Mas 0061",https://api.irht.cnrs.fr/ark:/63955/f52nsitpr2qp/manifest.json,
2114,739682,"Paris, Bibliothèque de l'Ecole des Beaux-Arts",France,"Mn.Mas 0062",https://api.irht.cnrs.fr/ark:/63955/f6o5lx34ft3j/manifest.json,
2115,739682,"Paris, Bibliothèque de l'Ecole des Beaux-Arts",France,"Mn.Mas 0063",https://api.irht.cnrs.fr/ark:/63955/fhpr64au12j0/manifest.json,
2116,739682,"Paris, Bibliothèque de l'Ecole des Beaux-Arts",France,"Mn.Mas 0064",https://api.irht.cnrs.fr/ark:/63955/ferdsmq78dwy/manifest.json,
2117,739682,"Paris, Bibliothèque de l'Ecole des Beaux-Arts",France,"Mn.Mas 0065",https://api.irht.cnrs.fr/ark:/63955/ftbnkk4ds2l1/manifest.json,
2118,739682,"Paris, Bibliothèque de l'Ecole des Beaux-Arts",France,"Mn.Mas 0066",https://api.irht.cnrs.fr/ark:/63955/fovorb6v8tov/manifest.json,
2119,739682,"Paris, Bibliothèque de l'Ecole des Beaux-Arts",France,"Mn.Mas 0067",https://api.irht.cnrs.fr/ark:/63955/fzi5y7y1zbmc/manifest.json,
2120,739682,"Paris, Bibliothèque de l'Ecole des Beaux-Arts",France,"Mn.Mas 0068",https://api.irht.cnrs.fr/ark:/63955/fnau6bws27yf/manifest.json,
2121,739682,"Paris, Bibliothèque de l'Ecole des Beaux-Arts",France,"Mn.Mas 0069",https://api.irht.cnrs.fr/ark:/63955/ffhdocdb9wcp/manifest.json,
2122,739682,"Paris, Bibliothèque de l'Ecole des Beaux-Arts",France,"Mn.Mas 0070",https://api.irht.cnrs.fr/ark:/63955/fv0zocihijxg/manifest.json,
2123,739682,"Paris, Bibliothèque de l'Ecole des Beaux-Arts",France,"Mn.Mas 0071",https://api.irht.cnrs.fr/ark:/63955/f992f3w4td0c/manifest.json,
2124,739682,"Paris, Bibliothèque de l'Ecole des Beaux-Arts",France,"Mn.Mas 0072",https://api.irht.cnrs.fr/ark:/63955/fcbi9duqy0ok/manifest.json,
2125,739682,"Paris, Bibliothèque de l'Ecole des Beaux-Arts",France,"Mn.Mas 0073",https://api.irht.cnrs.fr/ark:/63955/fqkmyfgk73x5/manifest.json,
2126,739682,"Paris, Bibliothèque de l'Ecole des Beaux-Arts",France,"Mn.Mas 0082",https://api.irht.cnrs.fr/ark:/63955/fm7tia5f07i3/manifest.json,
2127,739682,"Paris, Bibliothèque de l'Ecole des Beaux-Arts",France,"Mn.Mas 0085",https://api.irht.cnrs.fr/ark:/63955/f7eli7j5ox29/manifest.json,
2128,739682,"Paris, Bibliothèque de l'Ecole des Beaux-Arts",France,"Mn.Mas 0094",https://api.irht.cnrs.fr/ark:/63955/fzni7lqgohpg/manifest.json,
2129,739682,"Paris, Bibliothèque de l'Ecole des Beaux-Arts",France,"Mn.Mas 0095",https://api.irht.cnrs.fr/ark:/63955/fazadmeeqdhk/manifest.json,
2130,739682,"Paris, Bibliothèque de l'Ecole des Beaux-Arts",France,"Mn.Mas 0130",https://api.irht.cnrs.fr/ark:/63955/fe8ikf55gj35/manifest.json,
2131,739682,"Paris, Bibliothèque de l'Ecole des Beaux-Arts",France,"Mn.Mas 0136",https://api.irht.cnrs.fr/ark:/63955/fixaqkp61uvx/manifest.json,
2132,739682,"Paris, Bibliothèque de l'Ecole des Beaux-Arts",France,"Mn.Mas 0137",https://api.irht.cnrs.fr/ark:/63955/f3s3jusk4b4j/manifest.json,
2133,739682,"Paris, Bibliothèque de l'Ecole des Beaux-Arts",France,"Mn.Mas 0138",https://api.irht.cnrs.fr/ark:/63955/ftzur4m7euu3/manifest.json,
2134,739682,"Paris, Bibliothèque de l'Ecole des Beaux-Arts",France,"Mn.Mas 0150",https://api.irht.cnrs.fr/ark:/63955/faylxqfawb9t/manifest.json,
2135,739682,"Paris, Bibliothèque de l'Ecole des Beaux-Arts",France,"Mn.Mas 0158",https://api.irht.cnrs.fr/ark:/63955/f870m4utw1w1/manifest.json,
2136,739682,"Paris, Bibliothèque de l'Ecole des Beaux-Arts",France,"Mn.Mas 0159",https://api.irht.cnrs.fr/ark:/63955/f1bvycbwlr9d/manifest.json,
2137,739682,"Paris, Bibliothèque de l'Ecole des Beaux-Arts",France,"Mn.Mas 0160",https://api.irht.cnrs.fr/ark:/63955/f7kdkt02kfva/manifest.json,
2138,739682,"Paris, Bibliothèque de l'Ecole des Beaux-Arts",France,"Mn.Mas 0161",https://api.irht.cnrs.fr/ark:/63955/fl6y5j3p8jq5/manifest.json,
2139,739682,"Paris, Bibliothèque de l'Ecole des Beaux-Arts",France,"Mn.Mas 0162",https://api.irht.cnrs.fr/ark:/63955/fc9vkhpmc2hx/manifest.json,
2140,739682,"Paris, Bibliothèque de l'Ecole des Beaux-Arts",France,"Mn.Mas 0165",https://api.irht.cnrs.fr/ark:/63955/f9w6227pj0x9/manifest.json,
2141,739682,"Paris, Bibliothèque de l'Ecole des Beaux-Arts",France,"Mn.Mas 0167",https://api.irht.cnrs.fr/ark:/63955/fljl1vn8hc51/manifest.json,
2142,739682,"Paris, Bibliothèque de l'Ecole des Beaux-Arts",France,"Mn.Mas 0170",https://api.irht.cnrs.fr/ark:/63955/f5rta8lpi3il/manifest.json,
2143,739682,"Paris, Bibliothèque de l'Ecole des Beaux-Arts",France,"Mn.Mas 0171",https://api.irht.cnrs.fr/ark:/63955/fa8zl5enqvij/manifest.json,
2144,739682,"Paris, Bibliothèque de l'Ecole des Beaux-Arts",France,"Ms. 0478",https://api.irht.cnrs.fr/ark:/63955/f2j2o6ibo3am/manifest.json,
2145,739682,"Paris, Bibliothèque de l'Ecole des Beaux-Arts",France,"Ms. 0479",https://api.irht.cnrs.fr/ark:/63955/fxhm93jgrdu5/manifest.json,
2146,739682,"Paris, Bibliothèque de l'Ecole des Beaux-Arts",France,"Ms. 0480",https://api.irht.cnrs.fr/ark:/63955/flar1smunhn5/manifest.json,
2147,739682,"Paris, Bibliothèque de l'Ecole des Beaux-Arts",France,"Ms. 0481",https://api.irht.cnrs.fr/ark:/63955/f58mi7jru380/manifest.json,
2148,739682,"Paris, Bibliothèque de l'Ecole des Beaux-Arts",France,"Ms. 0482",https://api.irht.cnrs.fr/ark:/63955/fzbx45x3e3vb/manifest.json,
2149,739682,"Paris, Bibliothèque de l'Ecole des Beaux-Arts",France,"Ms. 0483",https://api.irht.cnrs.fr/ark:/63955/f44x7ouvbm9f/manifest.json,
2150,739682,"Paris, Bibliothèque de l'Ecole des Beaux-Arts",France,"Ms. 0484",https://api.irht.cnrs.fr/ark:/63955/ftx8go9x3chl/manifest.json,
2151,739682,"Paris, Bibliothèque de l'Ecole des Beaux-Arts",France,"Ms. 0485",https://api.irht.cnrs.fr/ark:/63955/fvau7uyp3z9h/manifest.json,
2152,739682,"Paris, Bibliothèque de l'Ecole des Beaux-Arts",France,"Ms. 0486",https://api.irht.cnrs.fr/ark:/63955/fx4y698cuby7/manifest.json,
2153,739682,"Paris, Bibliothèque de l'Ecole des Beaux-Arts",France,"Ms. 0488",https://api.irht.cnrs.fr/ark:/63955/f1h9gh6c9l13/manifest.json,
2154,739682,"Paris, Bibliothèque de l'Ecole des Beaux-Arts",France,"Ms. 0727",https://api.irht.cnrs.fr/ark:/63955/fyqorv0rbhrx/manifest.json,
2155,739682,"Paris, Bibliothèque de l'Ecole des Beaux-Arts",France,"Ms.Mas 0004",https://api.irht.cnrs.fr/ark:/63955/f79hajuwbbgb/manifest.json,
2156,739682,"Paris, Bibliothèque de l'Ecole des Beaux-Arts",France,"Ms.Mas 0012",https://api.irht.cnrs.fr/ark:/63955/fa1kyauwyk3s/manifest.json,
2157,739682,"Paris, Bibliothèque de l'Ecole des Beaux-Arts",France,"Ms.Mas 0017",https://api.irht.cnrs.fr/ark:/63955/f77v4v0pjzde/manifest.json,
2158,739682,"Paris, Bibliothèque de l'Ecole des Beaux-Arts",France,"Ms.Mas 0019",https://api.irht.cnrs.fr/ark:/63955/fn5qv1mqnjvc/manifest.json,
2159,739682,"Paris, Bibliothèque de l'Ecole des Beaux-Arts",France,"Ms.Mas 0020",https://api.irht.cnrs.fr/ark:/63955/f4jz0isz7vxp/manifest.json,
2160,739682,"Paris, Bibliothèque de l'Ecole des Beaux-Arts",France,"Ms.Mas 0022",https://api.irht.cnrs.fr/ark:/63955/fdw5dzik3jdo/manifest.json,
2161,739682,"Paris, Bibliothèque de l'Ecole des Beaux-Arts",France,"Ms.Mas 0054",https://api.irht.cnrs.fr/ark:/63955/fw8yyljbzc0q/manifest.json,
2162,739682,"Paris, Bibliothèque de l'Ecole des Beaux-Arts",France,"Ms.Mas 0137",https://api.irht.cnrs.fr/ark:/63955/fe1d7q7d1zn3/manifest.json,
2163,739682,"Paris, Bibliothèque de l'Ecole des Beaux-Arts",France,"Ms.Mas 0139",https://api.irht.cnrs.fr/ark:/63955/feqfm41m3dyo/manifest.json,
2164,739682,"Paris, Bibliothèque de l'Ecole des Beaux-Arts",France,"Ms.Mas 0140",https://api.irht.cnrs.fr/ark:/63955/f2nwf3zad2mu/manifest.json,
2207,739686,"Paris, Bibliothèque Mazarine",France,502,https://mazarinum.bibliotheque-mazarine.fr/iiif/2572/manifest,"single page"
2209,739686,"Paris, Bibliothèque Mazarine",France,504,https://mazarinum.bibliotheque-mazarine.fr/iiif/4150/manifest,"single page"
2244,739687,"Paris, Bibliothèque nationale de France, Bibliothèque de l'Arsenal",France,286,https://gallica.bnf.fr/iiif/ark:/12148/btv1b550132123/manifest.json,
2514,739690,"Paris, Bibliothèque nationale de France, Manuscrits",France,"lat. 09476",https://gallica.bnf.fr/iiif/ark:/12148/btv1b100254496/manifest.json,"single page"
2828,739691,"Paris, Bibliothèque Sainte-Geneviève",France,1278,https://api.irht.cnrs.fr/ark:/63955/flp45bsvhgup/manifest.json,
2831,739691,"Paris, Bibliothèque Sainte-Geneviève",France,2678,https://api.irht.cnrs.fr/ark:/63955/fp0m9ic41k2o/manifest.json,
2832,739691,"Paris, Bibliothèque Sainte-Geneviève",France,2679,https://api.irht.cnrs.fr/ark:/63955/fsowdra7rncr/manifest.json,
2835,739691,"Paris, Bibliothèque Sainte-Geneviève",France,2682,https://api.irht.cnrs.fr/ark:/63955/fc12zv9n1wjg/manifest.json,
2836,739691,"Paris, Bibliothèque Sainte-Geneviève",France,2683,https://api.irht.cnrs.fr/ark:/63955/fq4ov8w254vn/manifest.json,
2840,739691,"Paris, Bibliothèque Sainte-Geneviève",France,2687,https://api.irht.cnrs.fr/ark:/63955/fjrssc2wsjdv/manifest.json,
2841,739691,"Paris, Bibliothèque Sainte-Geneviève",France,2688,https://api.irht.cnrs.fr/ark:/63955/fck3tdtk7jto/manifest.json,
2843,739691,"Paris, Bibliothèque Sainte-Geneviève",France,2695,https://iiif.archivelab.org/iiif/MS2695/manifest.json,"single page"
2844,739691,"Paris, Bibliothèque Sainte-Geneviève",France,2696,https://api.irht.cnrs.fr/ark:/63955/fz3b9f1on20d/manifest.json,
2845,739691,"Paris, Bibliothèque Sainte-Geneviève",France,2697,https://api.irht.cnrs.fr/ark:/63955/f5elgki07bvx/manifest.json,
2846,739691,"Paris, Bibliothèque Sainte-Geneviève",France,2698,https://api.irht.cnrs.fr/ark:/63955/fuc11tu73l1o/manifest.json,
2847,739691,"Paris, Bibliothèque Sainte-Geneviève",France,2699,https://api.irht.cnrs.fr/ark:/63955/fyh8zi9f7zj8/manifest.json,
2849,739691,"Paris, Bibliothèque Sainte-Geneviève",France,2701,https://api.irht.cnrs.fr/ark:/63955/fk2hvgktvxqa/manifest.json,
2850,739691,"Paris, Bibliothèque Sainte-Geneviève",France,2702,https://api.irht.cnrs.fr/ark:/63955/f2a8kr7nvpli/manifest.json,
2851,739691,"Paris, Bibliothèque Sainte-Geneviève",France,2703,https://api.irht.cnrs.fr/ark:/63955/fylhwia2dmhy/manifest.json,
2852,739691,"Paris, Bibliothèque Sainte-Geneviève",France,2704,https://api.irht.cnrs.fr/ark:/63955/fwlohkwfse8n/manifest.json,
2853,739691,"Paris, Bibliothèque Sainte-Geneviève",France,2705,https://api.irht.cnrs.fr/ark:/63955/fnbc0zmy59qv/manifest.json,
2858,739691,"Paris, Bibliothèque Sainte-Geneviève",France,2710,https://api.irht.cnrs.fr/ark:/63955/fd92swtw7zsg/manifest.json,
2859,739691,"Paris, Bibliothèque Sainte-Geneviève",France,2711,https://api.irht.cnrs.fr/ark:/63955/f8i29fdduf8s/manifest.json,
2860,739691,"Paris, Bibliothèque Sainte-Geneviève",France,2712,https://api.irht.cnrs.fr/ark:/63955/fov5zsg7x3tn/manifest.json,
2861,739691,"Paris, Bibliothèque Sainte-Geneviève",France,2713,https://api.irht.cnrs.fr/ark:/63955/fi8e24h2j271/manifest.json,
2903,739695,"Paris, Musée de Cluny",France,"Cl. 01246",https://api.irht.cnrs.fr/ark:/63955/ftj4uo4vw3qu/manifest.json,
2904,739695,"Paris, Musée de Cluny",France,"Cl. 01249",https://api.irht.cnrs.fr/ark:/63955/figp28q4pcpf/manifest.json,
2905,739695,"Paris, Musée de Cluny",France,"Cl. 01250",https://api.irht.cnrs.fr/ark:/63955/f830y8019pg8/manifest.json,
2906,739695,"Paris, Musée de Cluny",France,"Cl. 01252",https://api.irht.cnrs.fr/ark:/63955/fi6k874j6q07/manifest.json,
2907,739695,"Paris, Musée de Cluny",France,"Cl. 01254",https://api.irht.cnrs.fr/ark:/63955/fazykz7p4tae/manifest.json,
2911,739695,"Paris, Musée de Cluny",France,"Cl. 10955",https://api.irht.cnrs.fr/ark:/63955/f4dclinp2k51/manifest.json,
2924,739695,"Paris, Musée de Cluny",France,"Cl. 13966",https://api.irht.cnrs.fr/ark:/63955/fxp6xq9qp6jv/manifest.json,
2925,739695,"Paris, Musée de Cluny",France,"Cl. 14268",https://api.irht.cnrs.fr/ark:/63955/f2h8dlnrsifw/manifest.json,
3123,739710,"Quimper, Bibliothèque municipale",France,42,https://api.irht.cnrs.fr/ark:/63955/f04zmla9kvn5/manifest.json,
3138,739713,"Rennes, Bibliothèque municipale",France,33,https://api.irht.cnrs.fr/ark:/63955/fc113zlpm40b/manifest.json,
3139,739713,"Rennes, Bibliothèque municipale",France,34,https://api.irht.cnrs.fr/ark:/63955/fowhc4bjhgjv/manifest.json,
3149,739713,"Rennes, Bibliothèque municipale",France,1511,https://api.irht.cnrs.fr/ark:/63955/fszk4f1tzs80/manifest.json,
3157,739713,"Rennes, Bibliothèque municipale",France,1834,https://api.irht.cnrs.fr/ark:/63955/f2mpqri8gfen/manifest.json,
3158,739713,"Rennes, Bibliothèque municipale",France,2044,https://api.irht.cnrs.fr/ark:/63955/f6nw9pi0h1i6/manifest.json,
3161,739713,"Rennes, Bibliothèque municipale",France,"0034 bis",https://api.irht.cnrs.fr/ark:/63955/f4qdm5byam88/manifest.json,
3162,739713,"Rennes, Bibliothèque municipale",France,"0034 ter",https://api.irht.cnrs.fr/ark:/63955/f7is0v142wjx/manifest.json,
3245,739725,"Saint-Brieuc, Bibliothèque municipale",France,1,https://api.irht.cnrs.fr/ark:/63955/f635yq99q9b3/manifest.json,
3246,739725,"Saint-Brieuc, Bibliothèque municipale",France,2,https://api.irht.cnrs.fr/ark:/63955/fa0qswq6n7e7/manifest.json,
3247,739725,"Saint-Brieuc, Bibliothèque municipale",France,4,https://api.irht.cnrs.fr/ark:/63955/fin3gzj40hba/manifest.json,
3248,739725,"Saint-Brieuc, Bibliothèque municipale",France,5,https://api.irht.cnrs.fr/ark:/63955/f9h8ctr1u6u6/manifest.json,
3249,739726,"Saint-Calais, Bibliothèque municipale",France,"01 (4473)",https://api.irht.cnrs.fr/ark:/63955/fjv18rblvla6/manifest.json,
3310,739747,"Toulouse, Bibliothèque municipale",France,128,https://api.irht.cnrs.fr/ark:/63955/fbkqi616jy5l/manifest.json,
3316,739747,"Toulouse, Bibliothèque municipale",France,134,https://api.irht.cnrs.fr/ark:/63955/f874uzde6dnk/manifest.json,
3321,739747,"Toulouse, Bibliothèque municipale",France,139,https://api.irht.cnrs.fr/ark:/63955/foyv1lhah3d3/manifest.json,
3323,739747,"Toulouse, Bibliothèque municipale",France,141,https://api.irht.cnrs.fr/ark:/63955/fy65pyiewsak/manifest.json,
3324,739747,"Toulouse, Bibliothèque municipale",France,142,https://api.irht.cnrs.fr/ark:/63955/fb3rf8743y47/manifest.json,
3383,739757,"Valenciennes, Bibliothèque municipale",France,"0837 (619)",https://api.irht.cnrs.fr/ark:/63955/f259y335s1fy/manifest.json,
3411,739765,"Vire, Bibliothèque municipale",France,"A 0507",https://api.irht.cnrs.fr/ark:/63955/ftfvv3rfcp68/manifest.json,
5998,740086,"Kraków, Muzeum Narodowe, Biblioteka Czartoryskich",Poland,"3025 I Rkps.",https://polona.pl/iiif/item/NDI1MzcyMTg/manifest.json,
6670,740173,"Los Angeles, University of California Los Angeles Library, Department of Special Collections, Charles E. Young Research Library",USA,"Coll. 170 Ms. 050",https://iiif.library.ucla.edu/ark%3A%2F21198%2Fzz0009vj21/manifest,
6671,740173,"Los Angeles, University of California Los Angeles Library, Department of Special Collections, Charles E. Young Research Library",USA,"Coll. 170 Ms. 685",https://iiif.library.ucla.edu/ark%3A%2F21198%2Fzz000s0t51/manifest,
6672,740173,"Los Angeles, University of California Los Angeles Library, Department of Special Collections, Charles E. Young Research Library",USA,"Coll. 170 Ms. 686",https://iiif.library.ucla.edu/ark%3A%2F21198%2Fzz000s39xh/manifest,
6673,740173,"Los Angeles, University of California Los Angeles Library, Department of Special Collections, Charles E. Young Research Library",USA,"Coll. 170 Ms. 692",https://iiif.library.ucla.edu/ark%3A%2F21198%2Fzz000s75h5/manifest,
7156,740203,"Philadelphia, Philadelphia Museum of Art, Department of Prints, Drawings, and Photographs",USA,1945‑65‑8,https://iiif.archivelab.org/iiif/1945_65_8/manifest.json,"single page"
7161,740203,"Philadelphia, Philadelphia Museum of Art, Department of Prints, Drawings, and Photographs",USA,1945‑65‑6,https://iiif.archivelab.org/iiif/1945_65_6/manifest.json,"single page"
7162,740203,"Philadelphia, Philadelphia Museum of Art, Department of Prints, Drawings, and Photographs",USA,1945‑65‑9,https://iiif.archivelab.org/iiif/1945_65_9/manifest.json,single
7168,740203,"Philadelphia, Philadelphia Museum of Art, Department of Prints, Drawings, and Photographs",USA,1949‑83‑1,https://iiif.archivelab.org/iiif/1949_83_1/manifest.json,single
7172,740204,"Philadelphia, University of Pennsylvania, Kislak Center for Special Collections, Rare Books and Manuscripts",USA,"Ms. Codex 1056",https://colenda.library.upenn.edu/phalt/iiif/2/81431-p3b853k0m/manifest,"single page"
693311,740204,"Philadelphia, University of Pennsylvania, Kislak Center for Special Collections, Rare Books and Manuscripts",USA,"Ms. Codex 1063",https://colenda.library.upenn.edu/phalt/iiif/2/81431-p37p8td0d/manifest,"single page"
723894,740241,"Saint-Denis, Bibliothèque municipale",France,"E (449)",https://bvmm.irht.cnrs.fr/iiif/34144/manifest,"single page"
725111,740086,"Kraków, Muzeum Narodowe, Biblioteka Czartoryskich",Poland,"2948 I Rkps.",https://polona.pl/iiif/item/NDI1MzcyMDc/manifest.json,
733271,740264,"Philadelphia, Temple University Library, Special Collections Research Center",USA,"(SPC) MSS 133",https://colenda.library.upenn.edu/phalt/iiif/2/81431-p3qj7821c/manifest,single
733308,740203,"Philadelphia, Philadelphia Museum of Art, Department of Prints, Drawings, and Photographs",USA,1967‑30‑120,https://iiif.archivelab.org/iiif/1967_30_120/manifest.json,single
733309,740203,"Philadelphia, Philadelphia Museum of Art, Department of Prints, Drawings, and Photographs",USA,1967‑30‑121,https://iiif.archivelab.org/iiif/1967_30_121/manifest.json,single
733310,740203,"Philadelphia, Philadelphia Museum of Art, Department of Prints, Drawings, and Photographs",USA,1967‑30‑122,https://iiif.archivelab.org/iiif/1967_30_122/manifest.json,single
733311,740204,"Philadelphia, University of Pennsylvania, Kislak Center for Special Collections, Rare Books and Manuscripts",USA,"Ms. Codex 1566",https://colenda.library.upenn.edu/phalt/iiif/2/81431-p3rv0d30r/manifest,"single page"
733312,740204,"Philadelphia, University of Pennsylvania, Kislak Center for Special Collections, Rare Books and Manuscripts",USA,"Ms. Codex 1625",https://colenda.library.upenn.edu/phalt/iiif/2/81431-p36d4h/manifest,single
733313,740204,"Philadelphia, University of Pennsylvania, Kislak Center for Special Collections, Rare Books and Manuscripts",USA,"Ms. Codex 674",https://colenda.library.upenn.edu/phalt/iiif/2/81431-p3cg54/manifest,"single page"
733314,740204,"Philadelphia, University of Pennsylvania, Kislak Center for Special Collections, Rare Books and Manuscripts",USA,"Ms. Codex 681",https://colenda.library.upenn.edu/phalt/iiif/2/81431-p31p2z/manifest,"single page"
733316,740204,"Philadelphia, University of Pennsylvania, Kislak Center for Special Collections, Rare Books and Manuscripts",USA,"Ms. Codex 688",https://colenda.library.upenn.edu/phalt/iiif/2/81431-p3vt1gr02/manifest,"single page"
733317,740204,"Philadelphia, University of Pennsylvania, Kislak Center for Special Collections, Rare Books and Manuscripts",USA,"Ms. Codex 738",https://colenda.library.upenn.edu/phalt/iiif/2/81431-p3pv6b80t/manifest,"single page"
733318,740204,"Philadelphia, University of Pennsylvania, Kislak Center for Special Collections, Rare Books and Manuscripts",USA,"Ms. Coll. 591 Folder 23",https://colenda.library.upenn.edu/phalt/iiif/2/81431-p3808h/manifest,"single page"
733319,740204,"Philadelphia, University of Pennsylvania, Kislak Center for Special Collections, Rare Books and Manuscripts",USA,"Ms. Coll. 591 Folder 24",https://colenda.library.upenn.edu/phalt/iiif/2/81431-p3466k/manifest,"single page"
733320,740204,"Philadelphia, University of Pennsylvania, Kislak Center for Special Collections, Rare Books and Manuscripts",USA,"Ms. Coll. 591 Folder 27",https://colenda.library.upenn.edu/phalt/iiif/2/81431-p3r07g/manifest,"single page"
733322,740270,"Philadelphia, University of Pennsylvania, Library at the Herbert D. Katz Center for Advanced Judaic Studies",USA,"CAJS Rar Ms 416",https://colenda.library.upenn.edu/phalt/iiif/2/81431-p33j9v/manifest,"single page"
733805,740276,"New York, Fordham University, Walsh Library, Archives and Special Collections",USA,"MS 03",https://iiif.archivelab.org/iiif/bookofhoursuseof00cath/manifest.json,
733806,740276,"New York, Fordham University, Walsh Library, Archives and Special Collections",USA,"MS 04",https://iiif.archivelab.org/iiif/bookofhours00cath/manifest.json,
733842,740204,"Philadelphia, University of Pennsylvania, Kislak Center for Special Collections, Rare Books and Manuscripts",USA,"Ms. Coll. 591 Folder 32",https://colenda.library.upenn.edu/phalt/iiif/2/81431-p3348gr9b/manifest,"single page"
733856,740283,"Sacramento, California State Library",USA,"CSL v096 C3631",https://iiif.archivelab.org/iiif/images_CSLv096C3631_9/manifest.json,
733858,740285,"San Francisco, California State Library, Sutro Library",USA,"Sutro Library Vault M000102",https://iiif.archivelab.org/iiif/images_SutroCollectionMS06_12/manifest.json,
734351,740204,"Philadelphia, University of Pennsylvania, Kislak Center for Special Collections, Rare Books and Manuscripts",USA,"Ms. Codex 2030",https://colenda.library.upenn.edu/phalt/iiif/2/81431-p3th8bt7x/manifest,"single page"
734356,740204,"Philadelphia, University of Pennsylvania, Kislak Center for Special Collections, Rare Books and Manuscripts",USA,"Ms. Codex 1869",https://colenda.library.upenn.edu/phalt/iiif/2/81431-p30863c06/manifest,"single page"
734360,739528,"Arras, Bibliothèque municipale",France,1968,https://bvmm.irht.cnrs.fr/iiif/33902/manifest,"double page"
734367,739668,"Nantes, Bibliothèque municipale",France,3718,https://bvmm.irht.cnrs.fr/iiif/34455/manifest,"double page"
734371,740294,"Aubervilliers, IRHT, Manuscrits",France,"fragm. 5",https://bvmm.irht.cnrs.fr/iiif/34426/manifest,
737981,740368,"Heidelberg, Universitätsbibliothek",Germany,"Cod. Sal. IXf",https://digi.ub.uni-heidelberg.de/diglit/iiif/salIXf/manifest,
738982,739468,"Köln, Kolumba Kunstmuseum des Erzbistums Köln",Germany,"König-Hs. 17",https://digital.dombibliothek-koeln.de/i3f/v20/548114/manifest,
738983,739468,"Köln, Kolumba Kunstmuseum des Erzbistums Köln",Germany,"König-Hs. 22",https://digital.dombibliothek-koeln.de/i3f/v20/548119/manifest,
738985,739468,"Köln, Kolumba Kunstmuseum des Erzbistums Köln",Germany,"König-Hs. 23",https://digital.dombibliothek-koeln.de/i3f/v20/548120/manifest,
738986,739468,"Köln, Kolumba Kunstmuseum des Erzbistums Köln",Germany,"König-Hs. 25",https://digital.dombibliothek-koeln.de/i3f/v20/548122/manifest,
738987,739468,"Köln, Kolumba Kunstmuseum des Erzbistums Köln",Germany,"König-Hs. 18",https://digital.dombibliothek-koeln.de/i3f/v20/548115/manifest,
738988,739468,"Köln, Kolumba Kunstmuseum des Erzbistums Köln",Germany,"König-Hs. 19",https://digital.dombibliothek-koeln.de/i3f/v20/548116/manifest,
738989,739468,"Köln, Kolumba Kunstmuseum des Erzbistums Köln",Germany,"König-Hs. 21",https://digital.dombibliothek-koeln.de/i3f/v20/548118/manifest,
738990,739468,"Köln, Kolumba Kunstmuseum des Erzbistums Köln",Germany,"König-Hs. 20",https://digital.dombibliothek-koeln.de/i3f/v20/548117/manifest,
738991,739468,"Köln, Kolumba Kunstmuseum des Erzbistums Köln",Germany,"König-Hs. 27",https://digital.dombibliothek-koeln.de/i3f/v20/548124/manifest,
739137,739434,"Angers, Archives départementales de Maine-et-Loire",France,"Ms. 5 (S 50)",https://bvmm.irht.cnrs.fr/iiif/35542/manifest,
739138,739521,"Angers, Bibliothèque municipale",France,3150,https://api.irht.cnrs.fr/ark:/63955/fs0hocf4p909/manifest.json,
739153,739522,"[current whereabouts unknown]",,Inconnu,https://bvmm.irht.cnrs.fr/iiif/34454/manifest,
739201,740176,"Minneapolis, University of Minnesota Libraries, Special Collections and Rare Books",USA,MS18,https://cdm16022.contentdm.oclc.org/iiif/info/p16022coll180/71/manifest.json,
739202,740176,"Minneapolis, University of Minnesota Libraries, Special Collections and Rare Books",USA,"Ege Manuscript 30",https://cdm16022.contentdm.oclc.org/iiif/info/p16022coll210/77/manifest.json,
739203,740176,"Minneapolis, University of Minnesota Libraries, Special Collections and Rare Books",USA,"Ege Manuscript 31",https://cdm16022.contentdm.oclc.org/iiif/info/p16022coll210/50/manifest.json,
739204,740176,"Minneapolis, University of Minnesota Libraries, Special Collections and Rare Books",USA,"Ege Manuscript 36",https://cdm16022.contentdm.oclc.org/iiif/info/p16022coll210/56/manifest.json,
739205,740176,"Minneapolis, University of Minnesota Libraries, Special Collections and Rare Books",USA,"Ege Manuscript 43",https://cdm16022.contentdm.oclc.org/iiif/info/p16022coll210/137/manifest.json,
739206,740176,"Minneapolis, University of Minnesota Libraries, Special Collections and Rare Books",USA,"Ege Manuscript 45",https://cdm16022.contentdm.oclc.org/iiif/info/p16022coll210/80/manifest.json,
739207,740176,"Minneapolis, University of Minnesota Libraries, Special Collections and Rare Books",USA,"Ege Manuscript 46",https://cdm16022.contentdm.oclc.org/iiif/info/p16022coll210/107/manifest.json,
739208,740176,"Minneapolis, University of Minnesota Libraries, Special Collections and Rare Books",USA,"Ege Manuscript 47",https://cdm16022.contentdm.oclc.org/iiif/info/p16022coll210/131/manifest.json,
739209,740176,"Minneapolis, University of Minnesota Libraries, Special Collections and Rare Books",USA,"Ege Manuscript 48",https://cdm16022.contentdm.oclc.org/iiif/info/p16022coll210/38/manifest.json,
739210,740176,"Minneapolis, University of Minnesota Libraries, Special Collections and Rare Books",USA,"Ege Manuscript 50",https://cdm16022.contentdm.oclc.org/iiif/info/p16022coll210/140/manifest.json,
739211,740176,"Minneapolis, University of Minnesota Libraries, Special Collections and Rare Books",USA,MS24,https://cdm16022.contentdm.oclc.org/iiif/info/p16022coll180/74/manifest.json,
739212,740176,"Minneapolis, University of Minnesota Libraries, Special Collections and Rare Books",USA,MS25,https://cdm16022.contentdm.oclc.org/iiif/info/p16022coll180/47/manifest.json,
739213,740176,"Minneapolis, University of Minnesota Libraries, Special Collections and Rare Books",USA,MS26,https://cdm16022.contentdm.oclc.org/iiif/info/p16022coll180/50/manifest.json,
739214,740176,"Minneapolis, University of Minnesota Libraries, Special Collections and Rare Books",USA,MS38,https://cdm16022.contentdm.oclc.org/iiif/info/p16022coll180/38/manifest.json,
739215,740176,"Minneapolis, University of Minnesota Libraries, Special Collections and Rare Books",USA,MS42,https://cdm16022.contentdm.oclc.org/iiif/info/p16022coll180/119/manifest.json,
739216,740176,"Minneapolis, University of Minnesota Libraries, Special Collections and Rare Books",USA,"Ege Manuscript 25",https://cdm16022.contentdm.oclc.org/iiif/info/p16022coll210/62/manifest.json,
739217,740176,"Minneapolis, University of Minnesota Libraries, Special Collections and Rare Books",USA,"Ege Manuscript 28",https://cdm16022.contentdm.oclc.org/iiif/info/p16022coll210/20/manifest.json,
739218,740176,"Minneapolis, University of Minnesota Libraries, Special Collections and Rare Books",USA,"Ege Manuscript 29",https://cdm16022.contentdm.oclc.org/iiif/info/p16022coll210/134/manifest.json,
739219,740368,"Heidelberg, Universitätsbibliothek",Germany,"Cod. Sal. IXe",https://digi.ub.uni-heidelberg.de/diglit/iiif/salIXe/manifest,
740456,740455,"Brno, Moravská galerie Brno","Czech Republic","Inv. No. ST Rkp B 9563/22066",https://collectiones.manuscriptorium.com/assorted/AIPDIG/MGB___/0/AIPDIG-MGB___INVCB95632200R4KPI0-cs/,
740489,740266,"Praha, Klášter premonstrátů na Strahově","Czech Republic","DD V 35",https://collectiones.manuscriptorium.com/assorted/AIPDIG/KKPS__/C/AIPDIG-KKPS__DD_V_35_____2Y7LJNC-cs/,
740499,740498,"Praha, Národní knihovna České republiky","Czech Republic",VI.D.25,https://collectiones.manuscriptorium.com/assorted/AIPDIG/NKCR__/7/AIPDIG-NKCR__VI_D_25_____3BW7SR7-cs/,
740505,740498,"Praha, Národní knihovna České republiky","Czech Republic",XXIII.F.198,https://collectiones.manuscriptorium.com/assorted/AIPDIG/NKCR__/4/AIPDIG-NKCR__XXIII_F_198_2OWPN04-cs/,
740516,740498,"Praha, Národní knihovna České republiky","Czech Republic",XXIII.H.22,https://collectiones.manuscriptorium.com/assorted/AIPDIG/NKCR__/6/AIPDIG-NKCR__XXIII_H_22__0860EY6-cs/,
740524,740523,"Alba Iulia, Biblioteca Naţională a României-Filiala Batthyaneum",Romania,"Ms III 87",https://collectiones.manuscriptorium.com/assorted/NLR___/NLORB_/C/NLR___-NLORB_MS_III_87___1R3K22C-ro/,
740533,740531,"Toruń, Biblioteka Uniwersytecka w Toruń",Poland,"Rps 85/I",https://collectiones.manuscriptorium.com/assorted/TORUN_/BUT___/F/TORUN_-BUT___RPS_85_I____21EO2LF-pl/,
740536,740534,"Vyšší Brod, Klášterní Knihovna","Czech Republic","sign. XXXVI",https://collectiones.manuscriptorium.com/assorted/AIPDIG/CKVB__/9/AIPDIG-CKVB__XXXVII______20K54D9-cs/,
740539,740537,"Plzeň, Knihovna Západočeského muzea v Plzni","Czech Republic","510 B 050b",https://collectiones.manuscriptorium.com/assorted/AIPDIG/ZMP___/C/AIPDIG-ZMP___510_B_050B__3CG8ZKC-cs/,
740540,740537,"Plzeň, Knihovna Západočeského muzea v Plzni","Czech Republic","510 B 018",https://collectiones.manuscriptorium.com/assorted/AIPDIG/ZMP___/D/AIPDIG-ZMP___510_B_018___0TFYKID-cs/,
740541,740537,"Plzeň, Knihovna Západočeského muzea v Plzni","Czech Republic","510 B 016",https://collectiones.manuscriptorium.com/assorted/AIPDIG/ZMP___/A/AIPDIG-ZMP___510_B_016___3H7PQQA-cs/,
740542,740537,"Plzeň, Knihovna Západočeského muzea v Plzni","Czech Republic","510 B 050a",https://collectiones.manuscriptorium.com/assorted/AIPDIG/ZMP___/6/AIPDIG-ZMP___510_B_050A__1K66576-cs/,
740543,740537,"Plzeň, Knihovna Západočeského muzea v Plzni","Czech Republic","510 B 050d",https://collectiones.manuscriptorium.com/assorted/AIPDIG/ZMP___/9/AIPDIG-ZMP___510_B_050D__0PYDW39-cs/,
740544,740537,"Plzeň, Knihovna Západočeského muzea v Plzni","Czech Republic","510 B 017",https://collectiones.manuscriptorium.com/assorted/AIPDIG/ZMP___/C/AIPDIG-ZMP___510_B_017___3BLV6JC-cs/,
740545,740537,"Plzeň, Knihovna Západočeského muzea v Plzni","Czech Republic","510 B 029",https://collectiones.manuscriptorium.com/assorted/AIPDIG/ZMP___/8/AIPDIG-ZMP___510_B_029___1ZSXKN8-cs/,
740546,740537,"Plzeň, Knihovna Západočeského muzea v Plzni","Czech Republic","510 B 050c",https://collectiones.manuscriptorium.com/assorted/AIPDIG/ZMP___/A/AIPDIG-ZMP___510_B_050C__36ULJDA-cs/,
740547,740537,"Plzeň, Knihovna Západočeského muzea v Plzni","Czech Republic","510 B 034",https://collectiones.manuscriptorium.com/assorted/AIPDIG/ZMP___/4/AIPDIG-ZMP___510_B_034___0CWE204-cs/,
740548,740537,"Plzeň, Knihovna Západočeského muzea v Plzni","Czech Republic","510 A 031",https://collectiones.manuscriptorium.com/assorted/AIPDIG/ZMP___/B/AIPDIG-ZMP___510_A_031___0M3BNXB-cs/,
740549,740537,"Plzeň, Knihovna Západočeského muzea v Plzni","Czech Republic","510 A 030",https://collectiones.manuscriptorium.com/assorted/AIPDIG/ZMP___/D/AIPDIG-ZMP___510_A_030___1GONGKD-cs/,
740551,740244,"Brno, Moravská zemská knihovna v Brně","Czech Republic",RKP-0820.800,https://collectiones.manuscriptorium.com/assorted/MZK___/MZKB__/E/MZK___-MZKB__RKP_0820_8002N0XE2E-xx/,
740564,740537,"Plzeň, Knihovna Západočeského muzea v Plzni","Czech Republic","510 B 025",https://collectiones.manuscriptorium.com/assorted/AIPDIG/ZMP___/3/AIPDIG-ZMP___510_B_025___24LUT13-cs/,
740572,740498,"Praha, Národní knihovna České republiky","Czech Republic","Osek 64",https://collectiones.manuscriptorium.com/assorted/AIPDIG/NKCR__/0/AIPDIG-NKCR__OSEK_64_____46OT3V0-cs/,
740574,740498,"Praha, Národní knihovna České republiky","Czech Republic",Osek.65,https://collectiones.manuscriptorium.com/assorted/AIPDIG/NKCR__/6/AIPDIG-NKCR__OSEK_65_____2BVE4Y6-cs/,
740579,740498,"Praha, Národní knihovna České republiky","Czech Republic",XXIII.F.197,https://collectiones.manuscriptorium.com/assorted/AIPDIG/NKCR__/5/AIPDIG-NKCR__XXIII_F_197_076XW55-cs/,
740581,740498,"Praha, Národní knihovna České republiky","Czech Republic",XXIII.G.88,https://collectiones.manuscriptorium.com/assorted/AIPDIG/NKCR__/4/AIPDIG-NKCR__XXIII_G_88__1DIC1Y4-cs/,
740583,740498,"Praha, Národní knihovna České republiky","Czech Republic",XXIII.G.89,https://collectiones.manuscriptorium.com/assorted/AIPDIG/NKCR__/2/AIPDIG-NKCR__XXIII_G_89__0Z55E72-cs/,
740585,740498,"Praha, Národní knihovna České republiky","Czech Republic","Teplá Ms.c.87",https://collectiones.manuscriptorium.com/assorted/AIPDIG/NKCR__/B/AIPDIG-NKCR__TEPLAMSC87__3NKPE4B-cs/,
740587,740498,"Praha, Národní knihovna České republiky","Czech Republic",XIII.H.3i,https://collectiones.manuscriptorium.com/assorted/AIPDIG/NKCR__/5/AIPDIG-NKCR__XIII_H_3I___47Z8WS5-cs/,
740592,740498,"Praha, Národní knihovna České republiky","Czech Republic",XIII.H.3b,https://collectiones.manuscriptorium.com/assorted/AIPDIG/NKCR__/D/AIPDIG-NKCR__XIII_H_3B___1QTPACD-cs/,
740595,740498,"Praha, Národní knihovna České republiky","Czech Republic",Osek.70,https://collectiones.manuscriptorium.com/assorted/AIPDIG/NKCR__/8/AIPDIG-NKCR__OSEK_70_____45B18U8-cs/,
740597,740498,"Praha, Národní knihovna České republiky","Czech Republic",VI.G.14,https://collectiones.manuscriptorium.com/assorted/AIPDIG/NKCR__/C/AIPDIG-NKCR__VI_G_14_____2H0CZ4C-cs/,
740599,740498,"Praha, Národní knihovna České republiky","Czech Republic",XVII.H.28,https://collectiones.manuscriptorium.com/assorted/AIPDIG/NKCR__/9/AIPDIG-NKCR__XVII_H_28___1TIO6I9-cs/,
740601,740498,"Praha, Národní knihovna České republiky","Czech Republic",XVII.J.4,https://collectiones.manuscriptorium.com/assorted/AIPDIG/NKCR__/7/AIPDIG-NKCR__XVII_J_4____3IF4ZT7-cs/,
740604,740498,"Praha, Národní knihovna České republiky","Czech Republic",XIII.H.2,https://collectiones.manuscriptorium.com/assorted/AIPDIG/NKCR__/B/AIPDIG-NKCR__XIII_H_2____3338IMB-cs/,
740606,740498,"Praha, Národní knihovna České republiky","Czech Republic",VII.H.5b,https://collectiones.manuscriptorium.com/assorted/AIPDIG/NKCR__/9/AIPDIG-NKCR__VII_H_5B____1E7EXF9-cs/,
740634,739655,"Brugge, Openbare Bibliotheek Brugge (Biekorf)",Belgium,"SVC Ms. 012",https://sharedcanvas.be/IIIF/manifests/B_OB_SVC_MS012,
740643,740498,"Praha, Národní knihovna České republiky","Czech Republic",XXIII.G.59,https://collectiones.manuscriptorium.com/assorted/AIPDIG/NKCR__/F/AIPDIG-NKCR__XXIII_G_59__2GKZU3F-cs/,
740647,740368,"Heidelberg, Universitätsbibliothek",Germany,"Cod. Trübner 149",https://digi.ub.uni-heidelberg.de/diglit/iiif/codtruebner149/manifest,
768569,740277,"Praha, Knihovna Národního muzea","Czech Republic",XVIII.D.62,https://collectiones.manuscriptorium.com/assorted/AIPDIG/NMP___/8/AIPDIG-NMP___XVIII_D_62__2KNJOB3-cs,
794004,739468,"Köln, Kolumba Kunstmuseum des Erzbistums Köln",Germany,"König-Hs. 1",https://digital.dombibliothek-koeln.de/i3f/v20/548099/manifest,
794005,739468,"Köln, Kolumba Kunstmuseum des Erzbistums Köln",Germany,"König-Hs. 40",https://digital.dombibliothek-koeln.de/i3f/v20/548137/manifest,
794006,739468,"Köln, Kolumba Kunstmuseum des Erzbistums Köln",Germany,"König-Hs. 5",https://digital.dombibliothek-koeln.de/i3f/v20/548103/manifest,
794007,739468,"Köln, Kolumba Kunstmuseum des Erzbistums Köln",Germany,"König-Hs. 6",https://digital.dombibliothek-koeln.de/i3f/v20/548104/manifest,
794008,739468,"Köln, Kolumba Kunstmuseum des Erzbistums Köln",Germany,"König-Hs. 8",https://digital.dombibliothek-koeln.de/i3f/v20/548106/manifest,
794009,739468,"Köln, Kolumba Kunstmuseum des Erzbistums Köln",Germany,"König-Hs. 9",https://digital.dombibliothek-koeln.de/i3f/v20/548107/manifest,
794010,739468,"Köln, Kolumba Kunstmuseum des Erzbistums Köln",Germany,"König-Hs. 10",https://digital.dombibliothek-koeln.de/i3f/v20/548108/manifest,
794011,739468,"Köln, Kolumba Kunstmuseum des Erzbistums Köln",Germany,"König-Hs. 4",https://digital.dombibliothek-koeln.de/i3f/v20/548102/manifest,
794012,739468,"Köln, Kolumba Kunstmuseum des Erzbistums Köln",Germany,"König-Hs. 3",https://digital.dombibliothek-koeln.de/i3f/v20/548101/manifest,
794013,739468,"Köln, Kolumba Kunstmuseum des Erzbistums Köln",Germany,"König-Hs. 11",https://digital.dombibliothek-koeln.de/i3f/v20/548109/manifest,
794014,739468,"Köln, Kolumba Kunstmuseum des Erzbistums Köln",Germany,"König-Hs. 12",https://digital.dombibliothek-koeln.de/i3f/v20/548110/manifest,
794015,739468,"Köln, Kolumba Kunstmuseum des Erzbistums Köln",Germany,"König-Hs. 16",https://digital.dombibliothek-koeln.de/i3f/v20/548113/manifest,
794016,739468,"Köln, Kolumba Kunstmuseum des Erzbistums Köln",Germany,"König-Hs. 2",https://digital.dombibliothek-koeln.de/i3f/v20/548100/manifest,
794017,739468,"Köln, Kolumba Kunstmuseum des Erzbistums Köln",Germany,"König-Hs. 30",https://digital.dombibliothek-koeln.de/i3f/v20/548127/manifest,
794018,739468,"Köln, Kolumba Kunstmuseum des Erzbistums Köln",Germany,"König-Hs. 35",https://digital.dombibliothek-koeln.de/i3f/v20/548132/manifest,
794019,739468,"Köln, Kolumba Kunstmuseum des Erzbistums Köln",Germany,"König-Hs. 37",https://digital.dombibliothek-koeln.de/i3f/v20/548134/manifest,
794020,739468,"Köln, Kolumba Kunstmuseum des Erzbistums Köln",Germany,"König-Hs. 38",https://digital.dombibliothek-koeln.de/i3f/v20/548135/manifest,
