Country;City;Institution;ID;URL
BE;Gent;Universiteitsbibliotheek;234;https://adore.ugent.be/IIIF/manifests/archive.ugent.be%3A7F0C4994-C579-11E7-8646-155E6EE4309A
BE;Tournai;Bibliothèque du Séminaire;15;https://bvmm.irht.cnrs.fr/iiif/21126/manifest
BE;Tournai;Bibliothèque du Séminaire;16;https://bvmm.irht.cnrs.fr/iiif/21517/manifest
CA;Vancouver;University of British Columbia Library;BX2080 A2 1430;https://iiif.library.ubc.ca/presentation/cdm.manuscripts.1-0224790/manifest
FR;Abbeville;Bibliothèque municipale;15;https://bvmm.irht.cnrs.fr/iiif/21537/manifest
FR;Albi;Bibliothèque municipale;0052 (004);https://bvmm.irht.cnrs.fr/iiif/2801/manifest
FR;Albi;Bibliothèque municipale;0053 (002);https://bvmm.irht.cnrs.fr/iiif/2804/manifest
FR;Albi;Bibliothèque municipale;inc. Roch. 12429;https://bvmm.irht.cnrs.fr/iiif/2853/manifest
FR;Angers;Bibliothèque municipale;2047;https://bvmm.irht.cnrs.fr/iiif/4659/manifest
FR;Angers;Bibliothèque municipale;2048;https://bvmm.irht.cnrs.fr/iiif/4660/manifest
FR;Angers;Bibliothèque municipale;2104;https://bvmm.irht.cnrs.fr/iiif/1140/manifest
FR;Angers;Bibliothèque municipale;2111;https://bvmm.irht.cnrs.fr/iiif/1141/manifest
FR;Angers;Bibliothèque municipale;0134 (0126);https://bvmm.irht.cnrs.fr/iiif/4645/manifest
FR;Angers;Bibliothèque municipale;0138 (0130);https://bvmm.irht.cnrs.fr/iiif/1069/manifest
FR;Angers;Bibliothèque municipale;impr. Rés. T 1343;https://bvmm.irht.cnrs.fr/iiif/1147/manifest
FR;Angers;Musée des Beaux-Arts;2003.1.071;https://bvmm.irht.cnrs.fr/iiif/1383/manifest
FR;Angers;Musée des Beaux-Arts;2003.1.072;https://bvmm.irht.cnrs.fr/iiif/2385/manifest
FR;Angers;Musée des Beaux-Arts;2003.1.073;https://bvmm.irht.cnrs.fr/iiif/1385/manifest
FR;Angers;Musée des Beaux-Arts;2003.1.074;https://bvmm.irht.cnrs.fr/iiif/1386/manifest
FR;Angers;Musée des Beaux-Arts;2003.1.075;https://bvmm.irht.cnrs.fr/iiif/1387/manifest
FR;Angers;Musée des Beaux-Arts;2003.1.076;https://bvmm.irht.cnrs.fr/iiif/1411/manifest
FR;Angers;Musée des Beaux-Arts;2003.1.085;https://bvmm.irht.cnrs.fr/iiif/1388/manifest
FR;Angers;Musée des Beaux-Arts;2003.1.784;https://bvmm.irht.cnrs.fr/iiif/1397/manifest
FR;Angers;Musée des Beaux-Arts;2003.1.785;https://bvmm.irht.cnrs.fr/iiif/1399/manifest
FR;Angers;Musée des Beaux-Arts;2003.1.786;https://bvmm.irht.cnrs.fr/iiif/1400/manifest
FR;Angers;Musée des Beaux-Arts;2003.1.787;https://bvmm.irht.cnrs.fr/iiif/1398/manifest
FR;Angers;Musée des Beaux-Arts;2003.1.788;https://bvmm.irht.cnrs.fr/iiif/1390/manifest
FR;Angers;Musée des Beaux-Arts;2003.1.789;https://bvmm.irht.cnrs.fr/iiif/1389/manifest
FR;Angers;Musée des Beaux-Arts;impr. 2003.1.078;https://bvmm.irht.cnrs.fr/iiif/1372/manifest
FR;Argentan;Bibliothèque municipale;27;https://bvmm.irht.cnrs.fr/iiif/4257/manifest
FR;Arras;Bibliothèque municipale;0366 (0212);https://bvmm.irht.cnrs.fr/iiif/23957/manifest
FR;Arras;Bibliothèque municipale;0377 (0783);https://bvmm.irht.cnrs.fr/iiif/24316/manifest
FR;Arras;Bibliothèque municipale;0384 (0232);https://bvmm.irht.cnrs.fr/iiif/23962/manifest
FR;Arras;Bibliothèque municipale;0779 (0778);https://bvmm.irht.cnrs.fr/iiif/24217/manifest
FR;Arras;Bibliothèque municipale;0898 (0226);https://bvmm.irht.cnrs.fr/iiif/23976/manifest
FR;Arras;Bibliothèque municipale;0900 (0235);https://bvmm.irht.cnrs.fr/iiif/23977/manifest
FR;Arras;Bibliothèque municipale;1051 (0233);https://bvmm.irht.cnrs.fr/iiif/24000/manifest
FR;Arras;Bibliothèque municipale;1135 (0219);https://bvmm.irht.cnrs.fr/iiif/24001/manifest
FR;Auch;Bibliothèque municipale;impr. 1064;https://bvmm.irht.cnrs.fr/iiif/1188/manifest
FR;Autun;Bibliothèque de la Société Eduenne;Album Bulliot, n° 05;https://bvmm.irht.cnrs.fr/iiif/22886/manifest
FR;Autun;Bibliothèque de la Société Eduenne;Album Bulliot, n° 31;https://bvmm.irht.cnrs.fr/iiif/22909/manifest
FR;Autun;Bibliothèque de la Société Eduenne;M 004;https://bvmm.irht.cnrs.fr/iiif/22834/manifest
FR;Autun;Bibliothèque municipale;269;https://bvmm.irht.cnrs.fr/iiif/22734/manifest
FR;Autun;Bibliothèque municipale;impr. SR 347;https://bvmm.irht.cnrs.fr/iiif/22744/manifest
FR;Autun;Bibliothèque municipale;Legs Chevalier n° 15;https://bvmm.irht.cnrs.fr/iiif/12718/manifest
FR;Autun;Bibliothèque municipale;S 119 (099 A);https://bvmm.irht.cnrs.fr/iiif/22185/manifest
FR;Autun;Bibliothèque municipale;S 190;https://bvmm.irht.cnrs.fr/iiif/22758/manifest
FR;Autun;Bibliothèque municipale;S 191;https://bvmm.irht.cnrs.fr/iiif/22759/manifest
FR;Autun;Bibliothèque municipale;S 192;https://bvmm.irht.cnrs.fr/iiif/22760/manifest
FR;Autun;Bibliothèque municipale;S 196 (2);https://bvmm.irht.cnrs.fr/iiif/22772/manifest
FR;Autun;Musée Rolin;SE 207;https://bvmm.irht.cnrs.fr/iiif/22993/manifest
FR;Auxerre;Trésor de la cathédrale;n°010;https://bvmm.irht.cnrs.fr/iiif/24141/manifest
FR;Auxerre;Trésor de la cathédrale;n°011;https://bvmm.irht.cnrs.fr/iiif/24147/manifest
FR;Auxerre;Trésor de la cathédrale;n°012;https://bvmm.irht.cnrs.fr/iiif/24142/manifest
FR;Auxerre;Trésor de la cathédrale;n°014;https://bvmm.irht.cnrs.fr/iiif/24144/manifest
FR;Auxerre;Trésor de la cathédrale;n°015;https://bvmm.irht.cnrs.fr/iiif/24145/manifest
FR;Auxerre;Trésor de la cathédrale;n°016;https://bvmm.irht.cnrs.fr/iiif/24153/manifest
FR;Auxerre;Trésor de la cathédrale;n°017;https://bvmm.irht.cnrs.fr/iiif/24154/manifest
FR;Auxerre;Trésor de la cathédrale;n°018;https://bvmm.irht.cnrs.fr/iiif/24155/manifest
FR;Auxerre;Trésor de la cathédrale;n°019;https://bvmm.irht.cnrs.fr/iiif/24156/manifest
FR;Auxerre;Trésor de la cathédrale;n°020;https://bvmm.irht.cnrs.fr/iiif/24148/manifest
FR;Avranches;Bibliothèque municipale;FP ms. 0001;https://bvmm.irht.cnrs.fr/iiif/4387/manifest
FR;Avranches;Bibliothèque municipale;FP ms. 0002;https://bvmm.irht.cnrs.fr/iiif/4385/manifest
FR;Avranches;Bibliothèque municipale;FP ms. 0003;https://bvmm.irht.cnrs.fr/iiif/4386/manifest
FR;Avranches;Bibliothèque municipale;inv. 094.1.1;https://bvmm.irht.cnrs.fr/iiif/17953/manifest
FR;Bayeux;Bibliothèque du chapitre;80;https://bvmm.irht.cnrs.fr/iiif/3468/manifest
FR;Beaune;Archives hospitalières;impr. Layette 123, 07;https://bvmm.irht.cnrs.fr/iiif/23169/manifest
FR;Beaune;Archives hospitalières;impr. Layette 123, 08;https://bvmm.irht.cnrs.fr/iiif/23173/manifest
FR;Beaune;Archives hospitalières;Layette 122, 03;https://bvmm.irht.cnrs.fr/iiif/23191/manifest
FR;Beaune;Archives hospitalières;Layette 122, 06;https://bvmm.irht.cnrs.fr/iiif/23172/manifest
FR;Beaune;Archives hospitalières;Layette 122, 09;https://bvmm.irht.cnrs.fr/iiif/23167/manifest
FR;Beaune;Archives hospitalières;Layette 123, 04;https://bvmm.irht.cnrs.fr/iiif/23168/manifest
FR;Beaune;Archives hospitalières;Layette 123, 05;https://bvmm.irht.cnrs.fr/iiif/23171/manifest
FR;Beaune;Archives hospitalières;Layette 123, 06;https://bvmm.irht.cnrs.fr/iiif/23170/manifest
FR;Beaune;Bibliothèque municipale;039 (038);https://bvmm.irht.cnrs.fr/iiif/23069/manifest
FR;Beaune;Bibliothèque municipale;045 (044);https://bvmm.irht.cnrs.fr/iiif/23094/manifest
FR;Beaune;Bibliothèque municipale;053 (052);https://bvmm.irht.cnrs.fr/iiif/23077/manifest
FR;Beaune;Bibliothèque municipale;054 (053);https://bvmm.irht.cnrs.fr/iiif/23082/manifest
FR;Beaune;Bibliothèque municipale;055 (054);https://bvmm.irht.cnrs.fr/iiif/23083/manifest
FR;Beaune;Bibliothèque municipale;059 (058);https://bvmm.irht.cnrs.fr/iiif/23084/manifest
FR;Beaune;Bibliothèque municipale;060 (059);https://bvmm.irht.cnrs.fr/iiif/23085/manifest
FR;Besançon;Bibliothèque municipale;50;https://bvmm.irht.cnrs.fr/iiif/21534/manifest
FR;Besançon;Bibliothèque municipale;154;https://bvmm.irht.cnrs.fr/iiif/21535/manifest
FR;Besançon;Bibliothèque municipale;155;https://bvmm.irht.cnrs.fr/iiif/21536/manifest
FR;Bordeaux;Bibliothèque municipale;90;https://bvmm.irht.cnrs.fr/iiif/3902/manifest
FR;Bordeaux;Bibliothèque municipale;91;https://bvmm.irht.cnrs.fr/iiif/3901/manifest
FR;Bordeaux;Bibliothèque municipale;94;https://bvmm.irht.cnrs.fr/iiif/3898/manifest
FR;Bordeaux;Bibliothèque municipale;1525;https://bvmm.irht.cnrs.fr/iiif/3391/manifest
FR;Bordeaux;Bibliothèque municipale;1780;https://bvmm.irht.cnrs.fr/iiif/3386/manifest
FR;Bordeaux;Bibliothèque municipale;Inc. 319;https://bvmm.irht.cnrs.fr/iiif/3039/manifest
FR;Boulogne-sur-Mer;Bibliothèque municipale;89;https://bvmm.irht.cnrs.fr/iiif/88/manifest
FR;Boulogne-sur-Mer;Bibliothèque municipale;504;https://bvmm.irht.cnrs.fr/iiif/120/manifest
FR;Boulogne-sur-Mer;Bibliothèque municipale;1154;https://bvmm.irht.cnrs.fr/iiif/122/manifest
FR;Caen;Musée des Beaux-Arts;FMM.238;https://bvmm.irht.cnrs.fr/iiif/19763/manifest
FR;Caen;Musée des Beaux-Arts;FMM.239;https://bvmm.irht.cnrs.fr/iiif/19755/manifest
FR;Caen;Musée des Beaux-Arts;FMM.241;https://bvmm.irht.cnrs.fr/iiif/19745/manifest
FR;Caen;Musée des Beaux-Arts;FMM.273;https://bvmm.irht.cnrs.fr/iiif/19749/manifest
FR;Chalon-sur-Saône;Musée Denon;inv. 2005.0.3.16;https://bvmm.irht.cnrs.fr/iiif/19844/manifest
FR;Chalon-sur-Saône;Musée Denon;inv. 2005.0.3.17;https://bvmm.irht.cnrs.fr/iiif/19845/manifest
FR;Chalon-sur-Saône;Musée Denon;inv. 2005.0.3.18;https://bvmm.irht.cnrs.fr/iiif/19846/manifest
FR;Chantilly;Bibliothèque et archives du musée Condé;0008 (1376);https://bvmm.irht.cnrs.fr/iiif/181/manifest
FR;Chantilly;Bibliothèque et archives du musée Condé;0062 (1423);https://bvmm.irht.cnrs.fr/iiif/228/manifest
FR;Chantilly;Bibliothèque et archives du musée Condé;0063 (1366);https://bvmm.irht.cnrs.fr/iiif/229/manifest
FR;Chantilly;Bibliothèque et archives du musée Condé;0065 (1284);https://bvmm.irht.cnrs.fr/iiif/22470/manifest
FR;Chantilly;Bibliothèque et archives du musée Condé;0066 (1383);https://bvmm.irht.cnrs.fr/iiif/201/manifest
FR;Chantilly;Bibliothèque et archives du musée Condé;0067 (1371);https://bvmm.irht.cnrs.fr/iiif/226/manifest
FR;Chantilly;Bibliothèque et archives du musée Condé;0068 (1141);https://bvmm.irht.cnrs.fr/iiif/227/manifest
FR;Chantilly;Bibliothèque et archives du musée Condé;0069 (1456);https://bvmm.irht.cnrs.fr/iiif/203/manifest
FR;Chantilly;Bibliothèque et archives du musée Condé;0070 (1457);https://bvmm.irht.cnrs.fr/iiif/202/manifest
FR;Chantilly;Bibliothèque et archives du musée Condé;0073 (1355);https://bvmm.irht.cnrs.fr/iiif/233/manifest
FR;Chantilly;Bibliothèque et archives du musée Condé;0077 (1595);https://bvmm.irht.cnrs.fr/iiif/232/manifest
FR;Chantilly;Bibliothèque et archives du musée Condé;0078 (1567);https://bvmm.irht.cnrs.fr/iiif/204/manifest
FR;Chantilly;Bibliothèque et archives du musée Condé;0079 (1397);https://bvmm.irht.cnrs.fr/iiif/234/manifest
FR;Chantilly;Bibliothèque et archives du musée Condé;0080 (1399);https://bvmm.irht.cnrs.fr/iiif/235/manifest
FR;Chantilly;Bibliothèque et archives du musée Condé;0081 (1057);https://bvmm.irht.cnrs.fr/iiif/237/manifest
FR;Chantilly;Bibliothèque et archives du musée Condé;0082 (1400);https://bvmm.irht.cnrs.fr/iiif/238/manifest
FR;Chantilly;Bibliothèque et archives du musée Condé;0083 (1385);https://bvmm.irht.cnrs.fr/iiif/239/manifest
FR;Chantilly;Bibliothèque et archives du musée Condé;0084 (0071);https://bvmm.irht.cnrs.fr/iiif/240/manifest
FR;Chantilly;Bibliothèque et archives du musée Condé;0085 (1175);https://bvmm.irht.cnrs.fr/iiif/241/manifest
FR;Chantilly;Bibliothèque et archives du musée Condé;0086 (1178);https://bvmm.irht.cnrs.fr/iiif/22387/manifest
FR;Chantilly;Bibliothèque et archives du musée Condé;0087 (1557);https://bvmm.irht.cnrs.fr/iiif/242/manifest
FR;Chantilly;Bibliothèque et archives du musée Condé;0088 (1123);https://bvmm.irht.cnrs.fr/iiif/243/manifest
FR;Chantilly;Bibliothèque et archives du musée Condé;0094 (1285);https://bvmm.irht.cnrs.fr/iiif/248/manifest
FR;Chantilly;Bibliothèque et archives du musée Condé;0117 (1454);https://bvmm.irht.cnrs.fr/iiif/265/manifest
FR;Chantilly;Bibliothèque et archives du musée Condé;0408 (1574);https://bvmm.irht.cnrs.fr/iiif/22264/manifest
FR;Chantilly;Bibliothèque et archives du musée Condé;1476 (1943);https://bvmm.irht.cnrs.fr/iiif/460/manifest
FR;Chantilly;Bibliothèque et archives du musée Condé;1480 (1966);https://bvmm.irht.cnrs.fr/iiif/459/manifest
FR;Chantilly;Bibliothèque et archives du musée Condé;Bernier-I-C-028;https://bvmm.irht.cnrs.fr/iiif/22223/manifest
FR;Chantilly;Bibliothèque et archives du musée Condé;Bernier-I-D-041;https://bvmm.irht.cnrs.fr/iiif/22233/manifest
FR;Chantilly;Bibliothèque et archives du musée Condé;Bernier-I-E-009;https://bvmm.irht.cnrs.fr/iiif/22238/manifest
FR;Chartres;Bibliothèque municipale;929;https://bvmm.irht.cnrs.fr/iiif/23221/manifest
FR;Château-Gontier;Bibliothèque municipale;14;https://bvmm.irht.cnrs.fr/iiif/1231/manifest
FR;Chaumont;Bibliothèque municipale;0034 (027);https://bvmm.irht.cnrs.fr/iiif/5092/manifest
FR;Coutances;Bibliothèque municipale;4;https://bvmm.irht.cnrs.fr/iiif/162/manifest
FR;Dieppe;Château-Musée;inv. 0978.4.4;https://bvmm.irht.cnrs.fr/iiif/20455/manifest
FR;Douai;Bibliothèque municipale;178;https://bvmm.irht.cnrs.fr/iiif/21525/manifest
FR;Douai;Bibliothèque municipale;179;https://bvmm.irht.cnrs.fr/iiif/21524/manifest
FR;Douai;Bibliothèque municipale;182;https://bvmm.irht.cnrs.fr/iiif/21523/manifest
FR;Douai;Bibliothèque municipale;183;https://bvmm.irht.cnrs.fr/iiif/21522/manifest
FR;Douai;Bibliothèque municipale;184;https://bvmm.irht.cnrs.fr/iiif/21521/manifest
FR;Douai;Bibliothèque municipale;188;https://bvmm.irht.cnrs.fr/iiif/21520/manifest
FR;Fécamp;Musée du Palais Bénédictine;A.10.002;https://bvmm.irht.cnrs.fr/iiif/20234/manifest
FR;Fécamp;Musée du Palais Bénédictine;A.10.003;https://bvmm.irht.cnrs.fr/iiif/20269/manifest
FR;Fécamp;Musée du Palais Bénédictine;A.10.004;https://bvmm.irht.cnrs.fr/iiif/20259/manifest
FR;Fécamp;Musée du Palais Bénédictine;A.10.007;https://bvmm.irht.cnrs.fr/iiif/20235/manifest
FR;Fécamp;Musée du Palais Bénédictine;A.10.009;https://bvmm.irht.cnrs.fr/iiif/20237/manifest
FR;Fécamp;Musée du Palais Bénédictine;A.10.011;https://bvmm.irht.cnrs.fr/iiif/20239/manifest
FR;Fécamp;Musée du Palais Bénédictine;A.10.012;https://bvmm.irht.cnrs.fr/iiif/20240/manifest
FR;Fécamp;Musée du Palais Bénédictine;A.10.013;https://bvmm.irht.cnrs.fr/iiif/20241/manifest
FR;Langres;Bibliothèque municipale;273;https://bvmm.irht.cnrs.fr/iiif/35/manifest
FR;Langres;Bibliothèque municipale;360;https://bvmm.irht.cnrs.fr/iiif/36/manifest
FR;Langres;Bibliothèque municipale;0004 (0030);https://bvmm.irht.cnrs.fr/iiif/4940/manifest
FR;Le Mans;Bibliothèque municipale;127;https://bvmm.irht.cnrs.fr/iiif/2937/manifest
FR;Le Mans;Bibliothèque municipale;186;https://bvmm.irht.cnrs.fr/iiif/2948/manifest
FR;Le Mans;Bibliothèque municipale;371;https://bvmm.irht.cnrs.fr/iiif/3121/manifest
FR;Le Mans;Bibliothèque municipale;519;https://bvmm.irht.cnrs.fr/iiif/3284/manifest
FR;Le Mans;Bibliothèque municipale;688;https://bvmm.irht.cnrs.fr/iiif/3287/manifest
FR;Le Mans;Bibliothèque municipale;700;https://bvmm.irht.cnrs.fr/iiif/3289/manifest
FR;Le Mans;Bibliothèque municipale;inc. R.I.A. 063;https://bvmm.irht.cnrs.fr/iiif/3320/manifest
FR;Mâcon;Bibliothèque municipale;101;https://bvmm.irht.cnrs.fr/iiif/18815/manifest
FR;Melun;Bibliothèque municipale;10;https://bvmm.irht.cnrs.fr/iiif/4537/manifest
FR;Melun;Musée Municipal;inv. 967.47;https://bvmm.irht.cnrs.fr/iiif/4531/manifest
FR;Metz;Bibliothèque municipale;570;https://bvmm.irht.cnrs.fr/iiif/24280/manifest
FR;Metz;Bibliothèque municipale;576;https://bvmm.irht.cnrs.fr/iiif/23148/manifest
FR;Metz;Bibliothèque municipale;598;https://bvmm.irht.cnrs.fr/iiif/23193/manifest
FR;Metz;Bibliothèque municipale;600;https://bvmm.irht.cnrs.fr/iiif/23198/manifest
FR;Metz;Bibliothèque municipale;1484;https://bvmm.irht.cnrs.fr/iiif/23251/manifest
FR;Metz;Bibliothèque municipale;1581;https://bvmm.irht.cnrs.fr/iiif/23380/manifest
FR;Metz;Bibliothèque municipale;1588;https://bvmm.irht.cnrs.fr/iiif/23851/manifest
FR;Metz;Bibliothèque municipale;1598;https://bvmm.irht.cnrs.fr/iiif/23852/manifest
FR;Nantes;Bibliothèque municipale;3072;https://bvmm.irht.cnrs.fr/iiif/4297/manifest
FR;Nantes;Bibliothèque municipale;3340;https://bvmm.irht.cnrs.fr/iiif/4408/manifest
FR;Nantes;Bibliothèque municipale;0019 (lat. 0019);https://bvmm.irht.cnrs.fr/iiif/4204/manifest
FR;Nantes;Bibliothèque municipale;0020 (lat. 0020);https://bvmm.irht.cnrs.fr/iiif/4203/manifest
FR;Nantes;Bibliothèque municipale;0021 (lat. 0021);https://bvmm.irht.cnrs.fr/iiif/4202/manifest
FR;Nantes;Bibliothèque municipale;0022 (lat. 0022);https://bvmm.irht.cnrs.fr/iiif/4201/manifest
FR;Nantes;Musée Dobrée;9;https://bvmm.irht.cnrs.fr/iiif/4318/manifest
FR;Nantes;Musée Dobrée;13;https://bvmm.irht.cnrs.fr/iiif/4323/manifest
FR;Nantes;Musée Dobrée;27;https://bvmm.irht.cnrs.fr/iiif/4328/manifest
FR;Nantes;Musée Dobrée;28;https://bvmm.irht.cnrs.fr/iiif/4329/manifest
FR;Nantes;Musée Dobrée;30;https://bvmm.irht.cnrs.fr/iiif/4331/manifest
FR;Nantes;Musée Dobrée;31;https://bvmm.irht.cnrs.fr/iiif/4332/manifest
FR;Nantes;Musée Dobrée;33;https://bvmm.irht.cnrs.fr/iiif/4334/manifest
FR;Nantes;Musée Dobrée;34;https://bvmm.irht.cnrs.fr/iiif/4335/manifest
FR;Nantes;Musée Dobrée;0012, t. I;https://bvmm.irht.cnrs.fr/iiif/4321/manifest
FR;Nantes;Musée Dobrée;0012, t. II;https://bvmm.irht.cnrs.fr/iiif/4322/manifest
FR;Nantes;Musée Dobrée;2005.1.1;https://bvmm.irht.cnrs.fr/iiif/4337/manifest
FR;Nantes;Musée Dobrée;impr. 0690.2776;https://bvmm.irht.cnrs.fr/iiif/4308/manifest
FR;Nîmes;Bibliothèque municipale;6;https://bvmm.irht.cnrs.fr/iiif/5294/manifest
FR;Nîmes;Bibliothèque municipale;8;https://bvmm.irht.cnrs.fr/iiif/5295/manifest
FR;Nîmes;Bibliothèque municipale;9;https://bvmm.irht.cnrs.fr/iiif/5296/manifest
FR;Paris;Bibliothèque de l'Arsenal;288;https://gallica.bnf.fr/iiif/ark:/12148/btv1b550008104/manifest.json
FR;Paris;Bibliothèque de l'Arsenal;290;https://gallica.bnf.fr/iiif/ark:/12148/btv1b525011578/manifest.json
FR;Paris;Bibliothèque de l'Arsenal;291;https://gallica.bnf.fr/iiif/ark:/12148/btv1b550103847/manifest.json
FR;Paris;Bibliothèque de l'Arsenal;424;https://gallica.bnf.fr/iiif/ark:/12148/btv1b550131995/manifest.json
FR;Paris;Bibliothèque de l'Arsenal;426;https://gallica.bnf.fr/iiif/ark:/12148/btv1b55013078h/manifest.json
FR;Paris;Bibliothèque de l'Arsenal;434;https://gallica.bnf.fr/iiif/ark:/12148/btv1b55011051v/manifest.json
FR;Paris;Bibliothèque de l'Arsenal;439;https://gallica.bnf.fr/iiif/ark:/12148/btv1b550130827/manifest.json
FR;Paris;Bibliothèque de l'Arsenal;557;https://gallica.bnf.fr/iiif/ark:/12148/btv1b55006457g/manifest.json
FR;Paris;Bibliothèque de l'Arsenal;562;https://gallica.bnf.fr/iiif/ark:/12148/btv1b52505805b/manifest.json
FR;Paris;Bibliothèque de l'Arsenal;565;https://gallica.bnf.fr/iiif/ark:/12148/btv1b550094367/manifest.json
FR;Paris;Bibliothèque de l'Arsenal;569;https://gallica.bnf.fr/iiif/ark:/12148/btv1b55009437p/manifest.json
FR;Paris;Bibliothèque de l'Arsenal;615;https://gallica.bnf.fr/iiif/ark:/12148/btv1b55010392r/manifest.json
FR;Paris;Bibliothèque de l'Arsenal;616;https://gallica.bnf.fr/iiif/ark:/12148/btv1b55012863j/manifest.json
FR;Paris;Bibliothèque de l'Arsenal;634;https://gallica.bnf.fr/iiif/ark:/12148/btv1b55010382b/manifest.json
FR;Paris;Bibliothèque de l'Arsenal;637;https://gallica.bnf.fr/iiif/ark:/12148/btv1b55010383s/manifest.json
FR;Paris;Bibliothèque de l'Arsenal;638;https://gallica.bnf.fr/iiif/ark:/12148/btv1b55008559f/manifest.json
FR;Paris;Bibliothèque de l'Arsenal;639;https://gallica.bnf.fr/iiif/ark:/12148/btv1b55008564m/manifest.json
FR;Paris;Bibliothèque de l'Arsenal;640;https://gallica.bnf.fr/iiif/ark:/12148/btv1b550057309/manifest.json
FR;Paris;Bibliothèque de l'Arsenal;641;https://gallica.bnf.fr/iiif/ark:/12148/btv1b55005731r/manifest.json
FR;Paris;Bibliothèque de l'Arsenal;644;https://gallica.bnf.fr/iiif/ark:/12148/btv1b55010380f/manifest.json
FR;Paris;Bibliothèque de l'Arsenal;645;https://gallica.bnf.fr/iiif/ark:/12148/btv1b55010116g/manifest.json
FR;Paris;Bibliothèque de l'Arsenal;648;https://gallica.bnf.fr/iiif/ark:/12148/btv1b55010381w/manifest.json
FR;Paris;Bibliothèque de l'Arsenal;650;https://gallica.bnf.fr/iiif/ark:/12148/btv1b8458140s/manifest.json
FR;Paris;Bibliothèque de l'Arsenal;651;https://gallica.bnf.fr/iiif/ark:/12148/btv1b52502553b/manifest.json
FR;Paris;Bibliothèque de l'Arsenal;652;https://gallica.bnf.fr/iiif/ark:/12148/btv1b550058850/manifest.json
FR;Paris;Bibliothèque de l'Arsenal;655;https://gallica.bnf.fr/iiif/ark:/12148/btv1b550085652/manifest.json
FR;Paris;Bibliothèque de l'Arsenal;656;https://gallica.bnf.fr/iiif/ark:/12148/btv1b550092764/manifest.json
FR;Paris;Bibliothèque de l'Arsenal;1174;https://gallica.bnf.fr/iiif/ark:/12148/btv1b55010385p/manifest.json
FR;Paris;Bibliothèque de l'Arsenal;1175;https://gallica.bnf.fr/iiif/ark:/12148/btv1b55008174h/manifest.json
FR;Paris;Bibliothèque de l'Arsenal;1185;https://gallica.bnf.fr/iiif/ark:/12148/btv1b55007801k/manifest.json
FR;Paris;Bibliothèque de l'Arsenal;1188;https://gallica.bnf.fr/iiif/ark:/12148/btv1b550098895/manifest.json
FR;Paris;Bibliothèque de l'Arsenal;1191;https://gallica.bnf.fr/iiif/ark:/12148/btv1b550101151/manifest.json
FR;Paris;Bibliothèque de l'Arsenal;1194;https://gallica.bnf.fr/iiif/ark:/12148/btv1b550103864/manifest.json
FR;Paris;Bibliothèque de l'Arsenal;2162;https://gallica.bnf.fr/iiif/ark:/12148/btv1b525068833/manifest.json
FR;Paris;Bibliothèque de l'Arsenal;0575 Bis réserve;https://gallica.bnf.fr/iiif/ark:/12148/btv1b55009272b/manifest.json
FR;Paris;Bibliothèque de l'Arsenal;0575 réserve;https://gallica.bnf.fr/iiif/ark:/12148/btv1b55009271w/manifest.json
FR;Paris;Bibliothèque de l'Arsenal;0647 réserve;https://gallica.bnf.fr/iiif/ark:/12148/btv1b55005889s/manifest.json
FR;Paris;Bibliothèque de l'Arsenal;0654 réserve;https://gallica.bnf.fr/iiif/ark:/12148/btv1b8596871g/manifest.json
FR;Paris;Bibliothèque du Saulchoir;Rés. Ms. C 01;https://bvmm.irht.cnrs.fr/iiif/22140/manifest
FR;Paris;Bibliothèque du Saulchoir;Rés. Ms. C 09;https://bvmm.irht.cnrs.fr/iiif/22139/manifest
FR;Paris;Bibliothèque du Saulchoir;Rés. Ms. C 10;https://bvmm.irht.cnrs.fr/iiif/22141/manifest
FR;Paris;Bibliothèque Historique de la Ville de Paris;impr. 8-RES-0105;https://bvmm.irht.cnrs.fr/iiif/5725/manifest
FR;Paris;Bibliothèque Historique de la Ville de Paris;impr. 8-RES-0106;https://bvmm.irht.cnrs.fr/iiif/5726/manifest
FR;Paris;Bibliothèque Historique de la Ville de Paris;impr. 8-RES-0107;https://bvmm.irht.cnrs.fr/iiif/5727/manifest
FR;Paris;Bibliothèque nationale de France;fr. 01874;https://gallica.bnf.fr/iiif/ark:/12148/btv1b9007441s/manifest.json
FR;Paris;Bibliothèque nationale de France;fr. 02224;https://gallica.bnf.fr/iiif/ark:/12148/btv1b85397092/manifest.json
FR;Paris;Bibliothèque nationale de France;fr. 05661;https://gallica.bnf.fr/iiif/ark:/12148/btv1b9059265h/manifest.json
FR;Paris;Bibliothèque nationale de France;fr. 13167;https://gallica.bnf.fr/iiif/ark:/12148/btv1b9061586h/manifest.json
FR;Paris;Bibliothèque nationale de France;lat. 00757;https://gallica.bnf.fr/iiif/ark:/12148/btv1b8470209d/manifest.json
FR;Paris;Bibliothèque nationale de France;lat. 00774A;https://gallica.bnf.fr/iiif/ark:/12148/btv1b100361075/manifest.json
FR;Paris;Bibliothèque nationale de France;lat. 00774B;https://gallica.bnf.fr/iiif/ark:/12148/btv1b10036108m/manifest.json
FR;Paris;Bibliothèque nationale de France;lat. 00774C;https://gallica.bnf.fr/iiif/ark:/12148/btv1b10036012z/manifest.json
FR;Paris;Bibliothèque nationale de France;lat. 00919;https://gallica.bnf.fr/iiif/ark:/12148/btv1b520004510/manifest.json
FR;Paris;Bibliothèque nationale de France;lat. 00920;https://gallica.bnf.fr/iiif/ark:/12148/btv1b52501620s/manifest.json
FR;Paris;Bibliothèque nationale de France;lat. 00923;https://gallica.bnf.fr/iiif/ark:/12148/btv1b10537589m/manifest.json
FR;Paris;Bibliothèque nationale de France;lat. 00924;https://gallica.bnf.fr/iiif/ark:/12148/btv1b8496557x/manifest.json
FR;Paris;Bibliothèque nationale de France;lat. 01073A;https://gallica.bnf.fr/iiif/ark:/12148/btv1b90665847/manifest.json
FR;Paris;Bibliothèque nationale de France;lat. 01079;https://gallica.bnf.fr/iiif/ark:/12148/btv1b10036591q/manifest.json
FR;Paris;Bibliothèque nationale de France;lat. 01082;https://gallica.bnf.fr/iiif/ark:/12148/btv1b84516336/manifest.json
FR;Paris;Bibliothèque nationale de France;lat. 01156A;https://gallica.bnf.fr/iiif/ark:/12148/btv1b6000466t/manifest.json
FR;Paris;Bibliothèque nationale de France;lat. 01156B;https://gallica.bnf.fr/iiif/ark:/12148/btv1b52502614h/manifest.json
FR;Paris;Bibliothèque nationale de France;lat. 01158;https://gallica.bnf.fr/iiif/ark:/12148/btv1b10532608h/manifest.json
FR;Paris;Bibliothèque nationale de France;lat. 01159;https://gallica.bnf.fr/iiif/ark:/12148/btv1b100345449/manifest.json
FR;Paris;Bibliothèque nationale de France;lat. 01161;https://gallica.bnf.fr/iiif/ark:/12148/btv1b10515743q/manifest.json
FR;Paris;Bibliothèque nationale de France;lat. 01162;https://gallica.bnf.fr/iiif/ark:/12148/btv1b100386783/manifest.json
FR;Paris;Bibliothèque nationale de France;lat. 01168;https://gallica.bnf.fr/iiif/ark:/12148/btv1b8496559r/manifest.json
FR;Paris;Bibliothèque nationale de France;lat. 01169;https://gallica.bnf.fr/iiif/ark:/12148/btv1b10038461s/manifest.json
FR;Paris;Bibliothèque nationale de France;lat. 01170;https://gallica.bnf.fr/iiif/ark:/12148/btv1b90764667/manifest.json
FR;Paris;Bibliothèque nationale de France;lat. 01171;https://gallica.bnf.fr/iiif/ark:/12148/btv1b8455949b/manifest.json
FR;Paris;Bibliothèque nationale de France;lat. 01173;https://gallica.bnf.fr/iiif/ark:/12148/btv1b52502694t/manifest.json
FR;Paris;Bibliothèque nationale de France;lat. 01175;https://gallica.bnf.fr/iiif/ark:/12148/btv1b10527644s/manifest.json
FR;Paris;Bibliothèque nationale de France;lat. 01176;https://gallica.bnf.fr/iiif/ark:/12148/btv1b8528584r/manifest.json
FR;Paris;Bibliothèque nationale de France;lat. 01178;https://gallica.bnf.fr/iiif/ark:/12148/btv1b55013036z/manifest.json
FR;Paris;Bibliothèque nationale de France;lat. 01179;https://gallica.bnf.fr/iiif/ark:/12148/btv1b8446945q/manifest.json
FR;Paris;Bibliothèque nationale de France;lat. 01181;https://gallica.bnf.fr/iiif/ark:/12148/btv1b8538808p/manifest.json
FR;Paris;Bibliothèque nationale de France;lat. 01182;https://gallica.bnf.fr/iiif/ark:/12148/btv1b10032288x/manifest.json
FR;Paris;Bibliothèque nationale de France;lat. 01183;https://gallica.bnf.fr/iiif/ark:/12148/btv1b105110980/manifest.json
FR;Paris;Bibliothèque nationale de France;lat. 01190;https://gallica.bnf.fr/iiif/ark:/12148/btv1b10538031d/manifest.json
FR;Paris;Bibliothèque nationale de France;lat. 01202;https://gallica.bnf.fr/iiif/ark:/12148/btv1b84469449/manifest.json
FR;Paris;Bibliothèque nationale de France;lat. 01352;https://gallica.bnf.fr/iiif/ark:/12148/btv1b10515833p/manifest.json
FR;Paris;Bibliothèque nationale de France;lat. 01368;https://gallica.bnf.fr/iiif/ark:/12148/btv1b53014820r/manifest.json
FR;Paris;Bibliothèque nationale de France;lat. 01369;https://gallica.bnf.fr/iiif/ark:/12148/btv1b52501939c/manifest.json
FR;Paris;Bibliothèque nationale de France;lat. 01370;https://gallica.bnf.fr/iiif/ark:/12148/btv1b8453974s/manifest.json
FR;Paris;Bibliothèque nationale de France;lat. 01380;https://gallica.bnf.fr/iiif/ark:/12148/btv1b100365942/manifest.json
FR;Paris;Bibliothèque nationale de France;lat. 01391;https://gallica.bnf.fr/iiif/ark:/12148/btv1b52507466f/manifest.json
FR;Paris;Bibliothèque nationale de France;lat. 01393;https://gallica.bnf.fr/iiif/ark:/12148/btv1b9078133f/manifest.json
FR;Paris;Bibliothèque nationale de France;lat. 01394;https://gallica.bnf.fr/iiif/ark:/12148/btv1b9066046t/manifest.json
FR;Paris;Bibliothèque nationale de France;lat. 01400;https://gallica.bnf.fr/iiif/ark:/12148/btv1b10032335w/manifest.json
FR;Paris;Bibliothèque nationale de France;lat. 01403;https://gallica.bnf.fr/iiif/ark:/12148/btv1b84522015/manifest.json
FR;Paris;Bibliothèque nationale de France;lat. 01405;https://gallica.bnf.fr/iiif/ark:/12148/btv1b105326072/manifest.json
FR;Paris;Bibliothèque nationale de France;lat. 01408;https://gallica.bnf.fr/iiif/ark:/12148/btv1b9065943c/manifest.json
FR;Paris;Bibliothèque nationale de France;lat. 01412;https://gallica.bnf.fr/iiif/ark:/12148/btv1b100357501/manifest.json
FR;Paris;Bibliothèque nationale de France;lat. 01414;https://gallica.bnf.fr/iiif/ark:/12148/btv1b10020325g/manifest.json
FR;Paris;Bibliothèque nationale de France;lat. 01427;https://gallica.bnf.fr/iiif/ark:/12148/btv1b90680221/manifest.json
FR;Paris;Bibliothèque nationale de France;lat. 01429;https://gallica.bnf.fr/iiif/ark:/12148/btv1b8447767x/manifest.json
FR;Paris;Bibliothèque nationale de France;lat. 05371;https://gallica.bnf.fr/iiif/ark:/12148/btv1b10545022q/manifest.json
FR;Paris;Bibliothèque nationale de France;lat. 09471;https://gallica.bnf.fr/iiif/ark:/12148/btv1b10515749d/manifest.json
FR;Paris;Bibliothèque nationale de France;lat. 09472;https://gallica.bnf.fr/iiif/ark:/12148/btv1b54002414v/manifest.json
FR;Paris;Bibliothèque nationale de France;lat. 09473;https://gallica.bnf.fr/iiif/ark:/12148/btv1b105326055/manifest.json
FR;Paris;Bibliothèque nationale de France;lat. 09474;https://gallica.bnf.fr/iiif/ark:/12148/btv1b550093038/manifest.json
FR;Paris;Bibliothèque nationale de France;lat. 09477;https://gallica.bnf.fr/iiif/ark:/12148/btv1b52510074b/manifest.json
FR;Paris;Bibliothèque nationale de France;lat. 10433;https://gallica.bnf.fr/iiif/ark:/12148/btv1b85388041/manifest.json
FR;Paris;Bibliothèque nationale de France;lat. 10491;https://gallica.bnf.fr/iiif/ark:/12148/btv1b8427237h/manifest.json
FR;Paris;Bibliothèque nationale de France;lat. 10526;https://gallica.bnf.fr/iiif/ark:/12148/btv1b105157445/manifest.json
FR;Paris;Bibliothèque nationale de France;lat. 10527;https://gallica.bnf.fr/iiif/ark:/12148/btv1b9078403b/manifest.json
FR;Paris;Bibliothèque nationale de France;lat. 10532;https://gallica.bnf.fr/iiif/ark:/12148/btv1b8427228j/manifest.json
FR;Paris;Bibliothèque nationale de France;lat. 10533;https://gallica.bnf.fr/iiif/ark:/12148/btv1b10318624f/manifest.json
FR;Paris;Bibliothèque nationale de France;lat. 10536;https://gallica.bnf.fr/iiif/ark:/12148/btv1b9066070g/manifest.json
FR;Paris;Bibliothèque nationale de France;lat. 10538;https://gallica.bnf.fr/iiif/ark:/12148/btv1b10034277r/manifest.json
FR;Paris;Bibliothèque nationale de France;lat. 10539;https://gallica.bnf.fr/iiif/ark:/12148/btv1b10038211z/manifest.json
FR;Paris;Bibliothèque nationale de France;lat. 10548;https://gallica.bnf.fr/iiif/ark:/12148/btv1b10549444b/manifest.json
FR;Paris;Bibliothèque nationale de France;lat. 10558;https://gallica.bnf.fr/iiif/ark:/12148/btv1b8447764p/manifest.json
FR;Paris;Bibliothèque nationale de France;lat. 10561;https://gallica.bnf.fr/iiif/ark:/12148/btv1b10036304k/manifest.json
FR;Paris;Bibliothèque nationale de France;lat. 10565;https://gallica.bnf.fr/iiif/ark:/12148/btv1b10538047h/manifest.json
FR;Paris;Bibliothèque nationale de France;lat. 10567;https://gallica.bnf.fr/iiif/ark:/12148/btv1b105380373/manifest.json
FR;Paris;Bibliothèque nationale de France;lat. 10568;https://gallica.bnf.fr/iiif/ark:/12148/btv1b10538036n/manifest.json
FR;Paris;Bibliothèque nationale de France;lat. 13235;https://gallica.bnf.fr/iiif/ark:/12148/btv1b10036284h/manifest.json
FR;Paris;Bibliothèque nationale de France;lat. 13260;https://gallica.bnf.fr/iiif/ark:/12148/btv1b90658201/manifest.json
FR;Paris;Bibliothèque nationale de France;lat. 13261;https://gallica.bnf.fr/iiif/ark:/12148/btv1b10036640k/manifest.json
FR;Paris;Bibliothèque nationale de France;lat. 13263;https://gallica.bnf.fr/iiif/ark:/12148/btv1b9068094h/manifest.json
FR;Paris;Bibliothèque nationale de France;lat. 13269;https://gallica.bnf.fr/iiif/ark:/12148/btv1b10036619c/manifest.json
FR;Paris;Bibliothèque nationale de France;lat. 13277;https://gallica.bnf.fr/iiif/ark:/12148/btv1b10038638f/manifest.json
FR;Paris;Bibliothèque nationale de France;lat. 13279;https://gallica.bnf.fr/iiif/ark:/12148/btv1b10509406b/manifest.json
FR;Paris;Bibliothèque nationale de France;lat. 13283;https://gallica.bnf.fr/iiif/ark:/12148/btv1b10036620r/manifest.json
FR;Paris;Bibliothèque nationale de France;lat. 13294;https://gallica.bnf.fr/iiif/ark:/12148/btv1b10034543v/manifest.json
FR;Paris;Bibliothèque nationale de France;lat. 13295;https://gallica.bnf.fr/iiif/ark:/12148/btv1b10034545r/manifest.json
FR;Paris;Bibliothèque nationale de France;lat. 13298;https://gallica.bnf.fr/iiif/ark:/12148/btv1b90680933/manifest.json
FR;Paris;Bibliothèque nationale de France;lat. 13305;https://gallica.bnf.fr/iiif/ark:/12148/btv1b10537587q/manifest.json
FR;Paris;Bibliothèque nationale de France;lat. 14826;https://gallica.bnf.fr/iiif/ark:/12148/btv1b90778999/manifest.json
FR;Paris;Bibliothèque nationale de France;lat. 14830;https://gallica.bnf.fr/iiif/ark:/12148/btv1b10037191j/manifest.json
FR;Paris;Bibliothèque nationale de France;lat. 18014;https://gallica.bnf.fr/iiif/ark:/12148/btv1b8449684q/manifest.json
FR;Paris;Bibliothèque nationale de France;lat. 18015;https://gallica.bnf.fr/iiif/ark:/12148/btv1b105375885/manifest.json
FR;Paris;Bibliothèque nationale de France;lat. 18017;https://gallica.bnf.fr/iiif/ark:/12148/btv1b107213516/manifest.json
FR;Paris;Bibliothèque nationale de France;lat. 18021;https://gallica.bnf.fr/iiif/ark:/12148/btv1b6000515v/manifest.json
FR;Paris;Bibliothèque nationale de France;lat. 18025;https://gallica.bnf.fr/iiif/ark:/12148/btv1b9067961x/manifest.json
FR;Paris;Bibliothèque nationale de France;nouv. acq. fr. 28877;https://gallica.bnf.fr/iiif/ark:/12148/btv1b525070859/manifest.json
FR;Paris;Bibliothèque nationale de France;nouv. acq. lat. 0082;https://gallica.bnf.fr/iiif/ark:/12148/btv1b10035936n/manifest.json
FR;Paris;Bibliothèque nationale de France;nouv. acq. lat. 0083;https://gallica.bnf.fr/iiif/ark:/12148/btv1b105127516/manifest.json
FR;Paris;Bibliothèque nationale de France;nouv. acq. lat. 0215;https://gallica.bnf.fr/iiif/ark:/12148/btv1b10036821z/manifest.json
FR;Paris;Bibliothèque nationale de France;nouv. acq. lat. 0302;https://gallica.bnf.fr/iiif/ark:/12148/btv1b52502484n/manifest.json
FR;Paris;Bibliothèque nationale de France;nouv. acq. lat. 0385;https://gallica.bnf.fr/iiif/ark:/12148/btv1b10033580t/manifest.json
FR;Paris;Bibliothèque nationale de France;nouv. acq. lat. 0392;https://gallica.bnf.fr/iiif/ark:/12148/btv1b105326038/manifest.json
FR;Paris;Bibliothèque nationale de France;nouv. acq. lat. 0588;https://gallica.bnf.fr/iiif/ark:/12148/btv1b8555843r/manifest.json
FR;Paris;Bibliothèque nationale de France;nouv. acq. lat. 0592;https://gallica.bnf.fr/iiif/ark:/12148/btv1b10033268f/manifest.json
FR;Paris;Bibliothèque nationale de France;nouv. acq. lat. 0688;https://gallica.bnf.fr/iiif/ark:/12148/btv1b100383478/manifest.json
FR;Paris;Bibliothèque nationale de France;nouv. acq. lat. 0841;https://gallica.bnf.fr/iiif/ark:/12148/btv1b10038346t/manifest.json
FR;Paris;Bibliothèque nationale de France;nouv. acq. lat. 0894;https://gallica.bnf.fr/iiif/ark:/12148/btv1b10020246c/manifest.json
FR;Paris;Bibliothèque nationale de France;nouv. acq. lat. 1416;https://gallica.bnf.fr/iiif/ark:/12148/btv1b105094102/manifest.json
FR;Paris;Bibliothèque nationale de France;nouv. acq. lat. 3027;https://gallica.bnf.fr/iiif/ark:/12148/btv1b84328965/manifest.json
FR;Paris;Bibliothèque nationale de France;nouv. acq. lat. 3055;https://gallica.bnf.fr/iiif/ark:/12148/btv1b525095563/manifest.json
FR;Paris;Bibliothèque nationale de France;nouv. acq. lat. 3090;https://gallica.bnf.fr/iiif/ark:/12148/btv1b10515741t/manifest.json
FR;Paris;Bibliothèque nationale de France;nouv. acq. lat. 3093;https://gallica.bnf.fr/iiif/ark:/12148/btv1b84496839/manifest.json
FR;Paris;Bibliothèque nationale de France;nouv. acq. lat. 3107;https://gallica.bnf.fr/iiif/ark:/12148/btv1b10032954j/manifest.json
FR;Paris;Bibliothèque nationale de France;nouv. acq. lat. 3109;https://gallica.bnf.fr/iiif/ark:/12148/btv1b10035303s/manifest.json
FR;Paris;Bibliothèque nationale de France;nouv. acq. lat. 3110;https://gallica.bnf.fr/iiif/ark:/12148/btv1b52509634r/manifest.json
FR;Paris;Bibliothèque nationale de France;nouv. acq. lat. 3111;https://gallica.bnf.fr/iiif/ark:/12148/btv1b52509627p/manifest.json
FR;Paris;Bibliothèque nationale de France;nouv. acq. lat. 3112;https://gallica.bnf.fr/iiif/ark:/12148/btv1b8451104r/manifest.json
FR;Paris;Bibliothèque nationale de France;nouv. acq. lat. 3113;https://gallica.bnf.fr/iiif/ark:/12148/btv1b60005168/manifest.json
FR;Paris;Bibliothèque nationale de France;nouv. acq. lat. 3114;https://gallica.bnf.fr/iiif/ark:/12148/btv1b52509693s/manifest.json
FR;Paris;Bibliothèque nationale de France;nouv. acq. lat. 3115;https://gallica.bnf.fr/iiif/ark:/12148/btv1b550008032/manifest.json
FR;Paris;Bibliothèque nationale de France;nouv. acq. lat. 3116;https://gallica.bnf.fr/iiif/ark:/12148/btv1b52509697k/manifest.json
FR;Paris;Bibliothèque nationale de France;nouv. acq. lat. 3117;https://gallica.bnf.fr/iiif/ark:/12148/btv1b10037275w/manifest.json
FR;Paris;Bibliothèque nationale de France;nouv. acq. lat. 3118;https://gallica.bnf.fr/iiif/ark:/12148/btv1b10036467s/manifest.json
FR;Paris;Bibliothèque nationale de France;nouv. acq. lat. 3119;https://gallica.bnf.fr/iiif/ark:/12148/btv1b100373758/manifest.json
FR;Paris;Bibliothèque nationale de France;nouv. acq. lat. 3120;https://gallica.bnf.fr/iiif/ark:/12148/btv1b10515740c/manifest.json
FR;Paris;Bibliothèque nationale de France;nouv. acq. lat. 3134;https://gallica.bnf.fr/iiif/ark:/12148/btv1b6000424g/manifest.json
FR;Paris;Bibliothèque nationale de France;nouv. acq. lat. 3187;https://gallica.bnf.fr/iiif/ark:/12148/btv1b8447775g/manifest.json
FR;Paris;Bibliothèque nationale de France;nouv. acq. lat. 3188;https://gallica.bnf.fr/iiif/ark:/12148/btv1b8452807q/manifest.json
FR;Paris;Bibliothèque nationale de France;nouv. acq. lat. 3190;https://gallica.bnf.fr/iiif/ark:/12148/btv1b84528084/manifest.json
FR;Paris;Bibliothèque nationale de France;nouv. acq. lat. 3191;https://gallica.bnf.fr/iiif/ark:/12148/btv1b6000442d/manifest.json
FR;Paris;Bibliothèque nationale de France;nouv. acq. lat. 3194;https://gallica.bnf.fr/iiif/ark:/12148/btv1b53000324z/manifest.json
FR;Paris;Bibliothèque nationale de France;nouv. acq. lat. 3196;https://gallica.bnf.fr/iiif/ark:/12148/btv1b10035924b/manifest.json
FR;Paris;Bibliothèque nationale de France;nouv. acq. lat. 3197;https://gallica.bnf.fr/iiif/ark:/12148/btv1b105154676/manifest.json
FR;Paris;Bibliothèque nationale de France;nouv. acq. lat. 3197 (Miniature);https://gallica.bnf.fr/iiif/ark:/12148/btv1b105154659/manifest.json
FR;Paris;Bibliothèque nationale de France;nouv. acq. lat. 3200;https://gallica.bnf.fr/iiif/ark:/12148/btv1b10037130m/manifest.json
FR;Paris;Bibliothèque nationale de France;nouv. acq. lat. 3201;https://gallica.bnf.fr/iiif/ark:/12148/btv1b53000319s/manifest.json
FR;Paris;Bibliothèque nationale de France;nouv. acq. lat. 3203;https://gallica.bnf.fr/iiif/ark:/12148/btv1b10038542s/manifest.json
FR;Paris;Bibliothèque nationale de France;nouv. acq. lat. 3204;https://gallica.bnf.fr/iiif/ark:/12148/btv1b60004499/manifest.json
FR;Paris;Bibliothèque nationale de France;nouv. acq. lat. 3208;https://gallica.bnf.fr/iiif/ark:/12148/btv1b8452814v/manifest.json
FR;Paris;Bibliothèque nationale de France;nouv. acq. lat. 3209;https://gallica.bnf.fr/iiif/ark:/12148/btv1b84528158/manifest.json
FR;Paris;Bibliothèque nationale de France;nouv. acq. lat. 3210;https://gallica.bnf.fr/iiif/ark:/12148/btv1b10532602t/manifest.json
FR;Paris;Bibliothèque nationale de France;nouv. acq. lat. 3213;https://gallica.bnf.fr/iiif/ark:/12148/btv1b84528173/manifest.json
FR;Paris;Bibliothèque nationale de France;nouv. acq. lat. 3214;https://gallica.bnf.fr/iiif/ark:/12148/btv1b8452837v/manifest.json
FR;Paris;Bibliothèque nationale de France;nouv. acq. lat. 3217;https://gallica.bnf.fr/iiif/ark:/12148/btv1b8452820k/manifest.json
FR;Paris;Bibliothèque nationale de France;nouv. acq. lat. 3226;https://gallica.bnf.fr/iiif/ark:/12148/btv1b10532604q/manifest.json
FR;Paris;Bibliothèque nationale de France;nouv. acq. lat. 3229;https://gallica.bnf.fr/iiif/ark:/12148/btv1b84528299/manifest.json
FR;Paris;Bibliothèque nationale de France;nouv. acq. lat. 3234;https://gallica.bnf.fr/iiif/ark:/12148/btv1b84528262/manifest.json
FR;Paris;Bibliothèque nationale de France;nouv. acq. lat. 3244;https://gallica.bnf.fr/iiif/ark:/12148/btv1b8571085n/manifest.json
FR;Paris;Bibliothèque nationale de France;Smith-Lesouëf 24;https://gallica.bnf.fr/iiif/ark:/12148/btv1b105222685/manifest.json
FR;Paris;IRHT, Collections privées;CP 0008;https://bvmm.irht.cnrs.fr/iiif/22221/manifest
FR;Paris;IRHT, Collections privées;CP 0017;https://bvmm.irht.cnrs.fr/iiif/22371/manifest
FR;Paris;IRHT, Collections privées;CP 0450;https://bvmm.irht.cnrs.fr/iiif/20202/manifest
FR;Paris;IRHT, Collections privées;CP 0451;https://bvmm.irht.cnrs.fr/iiif/20203/manifest
FR;Paris;IRHT, Collections privées;CP 0452;https://bvmm.irht.cnrs.fr/iiif/20204/manifest
FR;Paris;IRHT, Collections privées;CP 0600;https://bvmm.irht.cnrs.fr/iiif/23555/manifest
FR;Paris;Musée des Arts décoratifs;inv. 40342;https://bvmm.irht.cnrs.fr/iiif/18616/manifest
FR;Paris;Musée des Arts décoratifs;inv. 40343;https://bvmm.irht.cnrs.fr/iiif/18617/manifest
FR;Paris;Petit Palais, Musée des Beaux-Arts de la ville de Paris;LDUT 0035;https://bvmm.irht.cnrs.fr/iiif/19008/manifest
FR;Paris;Petit Palais, Musée des Beaux-Arts de la ville de Paris;LDUT 0036;https://bvmm.irht.cnrs.fr/iiif/19009/manifest
FR;Paris;Petit Palais, Musée des Beaux-Arts de la ville de Paris;LDUT 0037;https://bvmm.irht.cnrs.fr/iiif/19010/manifest
FR;Provins;Bibliothèque municipale;20;https://bvmm.irht.cnrs.fr/iiif/4243/manifest
FR;Provins;Bibliothèque municipale;21;https://bvmm.irht.cnrs.fr/iiif/4244/manifest
FR;Provins;Bibliothèque municipale;22;https://bvmm.irht.cnrs.fr/iiif/4281/manifest
FR;Provins;Bibliothèque municipale;23;https://bvmm.irht.cnrs.fr/iiif/4247/manifest
FR;Provins;Bibliothèque municipale;24;https://bvmm.irht.cnrs.fr/iiif/4249/manifest
FR;Provins;Bibliothèque municipale;inc. 010;https://bvmm.irht.cnrs.fr/iiif/4265/manifest
FR;Reims;Bibliothèque municipale;2446;https://bvmm.irht.cnrs.fr/iiif/17975/manifest
FR;Reims;Bibliothèque municipale;2788;https://bvmm.irht.cnrs.fr/iiif/5271/manifest
FR;Reims;Bibliothèque municipale;0358 (C. 205);https://bvmm.irht.cnrs.fr/iiif/2406/manifest
FR;Reims;Bibliothèque municipale;0359 (N. Fonds);https://bvmm.irht.cnrs.fr/iiif/2407/manifest
FR;Rennes;Bibliothèque municipale;27;https://bvmm.irht.cnrs.fr/iiif/5194/manifest
FR;Rennes;Bibliothèque municipale;28;https://bvmm.irht.cnrs.fr/iiif/5195/manifest
FR;Rennes;Bibliothèque municipale;29;https://bvmm.irht.cnrs.fr/iiif/5196/manifest
FR;Rennes;Bibliothèque municipale;30;https://bvmm.irht.cnrs.fr/iiif/5197/manifest
FR;Rennes;Bibliothèque municipale;31;https://bvmm.irht.cnrs.fr/iiif/5198/manifest
FR;Rennes;Bibliothèque municipale;32;https://bvmm.irht.cnrs.fr/iiif/5199/manifest
FR;Rennes;Bibliothèque municipale;35;https://bvmm.irht.cnrs.fr/iiif/5200/manifest
FR;Rennes;Bibliothèque municipale;36;https://bvmm.irht.cnrs.fr/iiif/5201/manifest
FR;Rennes;Bibliothèque municipale;37;https://bvmm.irht.cnrs.fr/iiif/5221/manifest
FR;Rennes;Bibliothèque municipale;1219;https://bvmm.irht.cnrs.fr/iiif/5090/manifest
FR;Rennes;Bibliothèque municipale;1277;https://bvmm.irht.cnrs.fr/iiif/5225/manifest
FR;Rennes;Bibliothèque municipale;1334;https://bvmm.irht.cnrs.fr/iiif/5226/manifest
FR;Rennes;Bibliothèque municipale;1335;https://bvmm.irht.cnrs.fr/iiif/5227/manifest
FR;Rennes;Bibliothèque municipale;1509;https://bvmm.irht.cnrs.fr/iiif/5228/manifest
FR;Rennes;Bibliothèque municipale;1510;https://bvmm.irht.cnrs.fr/iiif/5229/manifest
FR;Rennes;Bibliothèque municipale;1512;https://bvmm.irht.cnrs.fr/iiif/5230/manifest
FR;Rennes;Bibliothèque municipale;1557;https://bvmm.irht.cnrs.fr/iiif/5231/manifest
FR;Rennes;Bibliothèque municipale;1558;https://bvmm.irht.cnrs.fr/iiif/5232/manifest
FR;Rennes;Bibliothèque municipale;1588;https://bvmm.irht.cnrs.fr/iiif/5233/manifest
FR;Rennes;Bibliothèque municipale;1637;https://bvmm.irht.cnrs.fr/iiif/5234/manifest
FR;Rennes;Bibliothèque municipale;1685;https://bvmm.irht.cnrs.fr/iiif/5235/manifest
FR;Rennes;Bibliothèque municipale;1696;https://bvmm.irht.cnrs.fr/iiif/5236/manifest
FR;Rennes;Bibliothèque municipale;HP 0768;https://bvmm.irht.cnrs.fr/iiif/17667/manifest
FR;Rodez;Bibliothèque de la Société des lettres de l'Aveyron;1;https://bvmm.irht.cnrs.fr/iiif/3579/manifest
FR;Rodez;Bibliothèque municipale;138;https://bvmm.irht.cnrs.fr/iiif/2868/manifest
FR;Rouen;Musée des Beaux-Arts;AG.1975.4.5839;https://bvmm.irht.cnrs.fr/iiif/20463/manifest
FR;Rouen;Musée des Beaux-Arts;AG.1975.4.5840;https://bvmm.irht.cnrs.fr/iiif/20464/manifest
FR;Saumur;Château-Musée;2;https://bvmm.irht.cnrs.fr/iiif/1377/manifest
FR;Saumur;Château-Musée;inc. 0040;https://bvmm.irht.cnrs.fr/iiif/1373/manifest
FR;Sées;Archives diocésaines;026 (A-7);https://bvmm.irht.cnrs.fr/iiif/23919/manifest
FR;Solesmes;Bibliothèque de l'abbaye Saint-Pierre;204;https://bvmm.irht.cnrs.fr/iiif/3650/manifest
FR;Strasbourg;Bibliothèque du Grand Séminaire;739;https://bvmm.irht.cnrs.fr/iiif/2674/manifest
FR;Tonnerre;Bibliothèque municipale;01 (01);https://bvmm.irht.cnrs.fr/iiif/24224/manifest
FR;Toulouse;Bibliothèque municipale;129;https://bvmm.irht.cnrs.fr/iiif/1554/manifest
FR;Toulouse;Bibliothèque municipale;130;https://bvmm.irht.cnrs.fr/iiif/511/manifest
FR;Toulouse;Bibliothèque municipale;131;https://bvmm.irht.cnrs.fr/iiif/1555/manifest
FR;Toulouse;Bibliothèque municipale;132;https://bvmm.irht.cnrs.fr/iiif/512/manifest
FR;Toulouse;Bibliothèque municipale;133;https://bvmm.irht.cnrs.fr/iiif/513/manifest
FR;Toulouse;Bibliothèque municipale;135;https://bvmm.irht.cnrs.fr/iiif/515/manifest
FR;Toulouse;Bibliothèque municipale;136;https://bvmm.irht.cnrs.fr/iiif/517/manifest
FR;Toulouse;Bibliothèque municipale;137;https://bvmm.irht.cnrs.fr/iiif/518/manifest
FR;Toulouse;Bibliothèque municipale;138;https://bvmm.irht.cnrs.fr/iiif/519/manifest
FR;Toulouse;Bibliothèque municipale;143;https://bvmm.irht.cnrs.fr/iiif/523/manifest
FR;Toulouse;Bibliothèque municipale;2842;https://bvmm.irht.cnrs.fr/iiif/700/manifest
FR;Toulouse;Bibliothèque municipale;2881;https://bvmm.irht.cnrs.fr/iiif/702/manifest
FR;Toulouse;Bibliothèque municipale;2882;https://bvmm.irht.cnrs.fr/iiif/703/manifest
FR;Toulouse;Bibliothèque municipale;inc. Paris 0149;https://bvmm.irht.cnrs.fr/iiif/1193/manifest
FR;Toulouse;Musée Saint-Raymond;PM31000783;https://bvmm.irht.cnrs.fr/iiif/1429/manifest
FR;Tournus;Hôtel-Dieu - Musée Greuze;inv. 82.1206;https://bvmm.irht.cnrs.fr/iiif/19465/manifest
FR;Tours;Bibliothèque municipale;2273 A;https://bvmm.irht.cnrs.fr/iiif/8550/manifest
FR;Tours;Bibliothèque municipale;2273 B;https://bvmm.irht.cnrs.fr/iiif/8551/manifest
FR;Versailles;Bibliothèque municipale;0845 (168 G);https://bvmm.irht.cnrs.fr/iiif/5672/manifest
FR;Versailles;Bibliothèque municipale;1195 (171 M);https://bvmm.irht.cnrs.fr/iiif/5674/manifest
FR;Versailles;Bibliothèque municipale;1399 (172 M);https://bvmm.irht.cnrs.fr/iiif/5685/manifest
FR;Versailles;Bibliothèque municipale;1403 (173 M);https://bvmm.irht.cnrs.fr/iiif/5677/manifest
FR;Versailles;Bibliothèque municipale;1454 (047 M);https://bvmm.irht.cnrs.fr/iiif/5679/manifest
FR;Versailles;Bibliothèque municipale;1686 (139 M);https://bvmm.irht.cnrs.fr/iiif/5682/manifest
FR;Versailles;Bibliothèque municipale;1687 (140 M);https://bvmm.irht.cnrs.fr/iiif/5683/manifest
FR;Versailles;Bibliothèque municipale;1688 (141 M);https://bvmm.irht.cnrs.fr/iiif/5684/manifest
US;Baltimore;The Walters Art Museum;W.0037;https://purl.stanford.edu/dn556rp6795/iiif/manifest
US;Baltimore;The Walters Art Museum;W.0039;https://purl.stanford.edu/ww852nx4077/iiif/manifest
US;Baltimore;The Walters Art Museum;W.0041;https://purl.stanford.edu/cq459jb8197/iiif/manifest
US;Baltimore;The Walters Art Museum;W.0047;https://purl.stanford.edu/wq365zx5703/iiif/manifest
US;Baltimore;The Walters Art Museum;W.0082;https://purl.stanford.edu/pj107mc7715/iiif/manifest
US;Baltimore;The Walters Art Museum;W.0085;https://purl.stanford.edu/yy336hc7437/iiif/manifest
US;Baltimore;The Walters Art Museum;W.0086;https://purl.stanford.edu/dg026mz7261/iiif/manifest
US;Baltimore;The Walters Art Museum;W.0087;https://purl.stanford.edu/by124ph2402/iiif/manifest
US;Baltimore;The Walters Art Museum;W.0088;https://purl.stanford.edu/fc287hx5962/iiif/manifest
US;Baltimore;The Walters Art Museum;W.0089;https://purl.stanford.edu/kf436hc7882/iiif/manifest
US;Baltimore;The Walters Art Museum;W.0090;https://purl.stanford.edu/dk442xf9851/iiif/manifest
US;Baltimore;The Walters Art Museum;W.0095;https://purl.stanford.edu/yf686hv8184/iiif/manifest
US;Baltimore;The Walters Art Museum;W.0096;https://purl.stanford.edu/vs511jt0099/iiif/manifest
US;Baltimore;The Walters Art Museum;W.0099;https://purl.stanford.edu/wq809bf0102/iiif/manifest
US;Baltimore;The Walters Art Museum;W.0102;https://purl.stanford.edu/xq443wf4818/iiif/manifest
US;Baltimore;The Walters Art Museum;W.0104;https://purl.stanford.edu/hf206wb9742/iiif/manifest
US;Baltimore;The Walters Art Museum;W.0105;https://purl.stanford.edu/sr994pm0975/iiif/manifest
US;Baltimore;The Walters Art Museum;W.0113;https://purl.stanford.edu/gp528rw3198/iiif/manifest
US;Baltimore;The Walters Art Museum;W.0166;https://purl.stanford.edu/ff688vm4417/iiif/manifest
US;Baltimore;The Walters Art Museum;W.0168;https://purl.stanford.edu/qm670kv1873/iiif/manifest
US;Baltimore;The Walters Art Museum;W.0169;https://purl.stanford.edu/vj053mn4619/iiif/manifest
US;Baltimore;The Walters Art Museum;W.0170;https://purl.stanford.edu/qz701mh4428/iiif/manifest
US;Baltimore;The Walters Art Museum;W.0172;https://purl.stanford.edu/yz920mm4360/iiif/manifest
US;Baltimore;The Walters Art Museum;W.0173;https://purl.stanford.edu/td467pn7624/iiif/manifest
US;Baltimore;The Walters Art Museum;W.0176;https://purl.stanford.edu/sh232js9131/iiif/manifest
US;Baltimore;The Walters Art Museum;W.0177;https://purl.stanford.edu/sw741tz6027/iiif/manifest
US;Baltimore;The Walters Art Museum;W.0178;https://purl.stanford.edu/yk435gb3262/iiif/manifest
US;Baltimore;The Walters Art Museum;W.0180;https://purl.stanford.edu/qx197gr5341/iiif/manifest
US;Baltimore;The Walters Art Museum;W.0181;https://purl.stanford.edu/gz912rc9711/iiif/manifest
US;Baltimore;The Walters Art Museum;W.0183;https://purl.stanford.edu/xr480bs5669/iiif/manifest
US;Baltimore;The Walters Art Museum;W.0184;https://purl.stanford.edu/kx876df8760/iiif/manifest
US;Baltimore;The Walters Art Museum;W.0185;https://purl.stanford.edu/by397hw6027/iiif/manifest
US;Baltimore;The Walters Art Museum;W.0186;https://purl.stanford.edu/fx476tb0662/iiif/manifest
US;Baltimore;The Walters Art Museum;W.0189;https://purl.stanford.edu/kf205rk4807/iiif/manifest
US;Baltimore;The Walters Art Museum;W.0190;https://purl.stanford.edu/pb462wj5265/iiif/manifest
US;Baltimore;The Walters Art Museum;W.0193;https://purl.stanford.edu/kt794yq9040/iiif/manifest
US;Baltimore;The Walters Art Museum;W.0194;https://purl.stanford.edu/bd845tn4821/iiif/manifest
US;Baltimore;The Walters Art Museum;W.0195;https://purl.stanford.edu/vs234vd4916/iiif/manifest
US;Baltimore;The Walters Art Museum;W.0196;https://purl.stanford.edu/np517xz5161/iiif/manifest
US;Baltimore;The Walters Art Museum;W.0197;https://purl.stanford.edu/hw305bv4114/iiif/manifest
US;Baltimore;The Walters Art Museum;W.0202;https://purl.stanford.edu/my189pm5441/iiif/manifest
US;Baltimore;The Walters Art Museum;W.0204;https://purl.stanford.edu/wx114pq5623/iiif/manifest
US;Baltimore;The Walters Art Museum;W.0206;https://purl.stanford.edu/dt765nv8976/iiif/manifest
US;Baltimore;The Walters Art Museum;W.0208;https://purl.stanford.edu/jb119rn7623/iiif/manifest
US;Baltimore;The Walters Art Museum;W.0211;https://purl.stanford.edu/yw595xk3647/iiif/manifest
US;Baltimore;The Walters Art Museum;W.0215;https://purl.stanford.edu/kr986bn6539/iiif/manifest
US;Baltimore;The Walters Art Museum;W.0218;https://purl.stanford.edu/rn123cy2229/iiif/manifest
US;Baltimore;The Walters Art Museum;W.0220;https://purl.stanford.edu/zv762vd8005/iiif/manifest
US;Baltimore;The Walters Art Museum;W.0229;https://purl.stanford.edu/dr952cm5469/iiif/manifest
US;Baltimore;The Walters Art Museum;W.0239;https://purl.stanford.edu/cr603ff5962/iiif/manifest
US;Baltimore;The Walters Art Museum;W.0240;https://purl.stanford.edu/zs503zt2162/iiif/manifest
US;Baltimore;The Walters Art Museum;W.0246;https://purl.stanford.edu/gd972zf6050/iiif/manifest
US;Baltimore;The Walters Art Museum;W.0262;https://purl.stanford.edu/wn505gm7074/iiif/manifest
US;Baltimore;The Walters Art Museum;W.0263;https://purl.stanford.edu/wt195gt4247/iiif/manifest
US;Baltimore;The Walters Art Museum;W.0266;https://purl.stanford.edu/mn936zn4099/iiif/manifest
US;Baltimore;The Walters Art Museum;W.0267;https://purl.stanford.edu/qr056bk8287/iiif/manifest
US;Baltimore;The Walters Art Museum;W.0269;https://purl.stanford.edu/hh228zr1239/iiif/manifest
US;Baltimore;The Walters Art Museum;W.0270;https://purl.stanford.edu/bs390xv5099/iiif/manifest
US;Baltimore;The Walters Art Museum;W.0277;https://purl.stanford.edu/nm106gm5236/iiif/manifest
US;Baltimore;The Walters Art Museum;W.0279;https://purl.stanford.edu/hr678ct7683/iiif/manifest
US;Baltimore;The Walters Art Museum;W.0281;https://purl.stanford.edu/jt399mb8580/iiif/manifest
US;Baltimore;The Walters Art Museum;W.0282;https://purl.stanford.edu/xj035pj4779/iiif/manifest
US;Baltimore;The Walters Art Museum;W.0284;https://purl.stanford.edu/xz282wc8447/iiif/manifest
US;Baltimore;The Walters Art Museum;W.0289;https://purl.stanford.edu/jt855sc2143/iiif/manifest
US;Baltimore;The Walters Art Museum;W.0292;https://purl.stanford.edu/pr444bb2006/iiif/manifest
US;Baltimore;The Walters Art Museum;W.0420;https://purl.stanford.edu/fx508wc9951/iiif/manifest
US;Baltimore;The Walters Art Museum;W.0423;https://purl.stanford.edu/wy652xv2461/iiif/manifest
US;Baltimore;The Walters Art Museum;W.0427;https://purl.stanford.edu/vc281hf3102/iiif/manifest
US;Baltimore;The Walters Art Museum;W.0428;https://purl.stanford.edu/kz860yq2596/iiif/manifest
US;Baltimore;The Walters Art Museum;W.0429;https://purl.stanford.edu/xz419dn0625/iiif/manifest
US;Baltimore;The Walters Art Museum;W.0431;https://purl.stanford.edu/my769dn6747/iiif/manifest
US;Baltimore;The Walters Art Museum;W.0433;https://purl.stanford.edu/fq804fm0409/iiif/manifest
US;Baltimore;The Walters Art Museum;W.0434;https://purl.stanford.edu/mv404mn8568/iiif/manifest
US;Baltimore;The Walters Art Museum;W.0435;https://purl.stanford.edu/br791wh6450/iiif/manifest
US;Baltimore;The Walters Art Museum;W.0437;https://purl.stanford.edu/vn362wg6218/iiif/manifest
US;Baltimore;The Walters Art Museum;W.0439;https://purl.stanford.edu/xb915nd9363/iiif/manifest
US;Baltimore;The Walters Art Museum;W.0440;https://purl.stanford.edu/gh974by5078/iiif/manifest
US;Baltimore;The Walters Art Museum;W.0441;https://purl.stanford.edu/xw613th3364/iiif/manifest
US;Baltimore;The Walters Art Museum;W.0719;https://purl.stanford.edu/tc762gc0596/iiif/manifest
US;Baltimore;The Walters Art Museum;W.0721;https://purl.stanford.edu/zx896jf6359/iiif/manifest
US;Cambridge;Houghton Library;Lat 017;https://iiif.lib.harvard.edu/manifests/drs:10840328
US;Cambridge;Houghton Library;Lat 133;https://iiif.lib.harvard.edu/manifests/drs:10614144
US;Cambridge;Houghton Library;Lat 159;https://iiif.lib.harvard.edu/manifests/drs:4771822
US;Cambridge;Houghton Library;Lat 160;https://iiif.lib.harvard.edu/manifests/drs:15963247
US;Cambridge;Houghton Library;Lat 161;https://iiif.lib.harvard.edu/manifests/drs:47957493
US;Cambridge;Houghton Library;Lat 249;https://iiif.lib.harvard.edu/manifests/drs:26120881
US;Cambridge;Houghton Library;Lat 250;https://iiif.lib.harvard.edu/manifests/drs:10148946
US;Cambridge;Houghton Library;Lat 251;https://iiif.lib.harvard.edu/manifests/drs:10908606
US;Cambridge;Houghton Library;Lat 253;https://iiif.lib.harvard.edu/manifests/drs:10643868
US;Cambridge;Houghton Library;Richardson 05;https://iiif.lib.harvard.edu/manifests/drs:17695424
US;Cambridge;Houghton Library;Richardson 06;https://iiif.lib.harvard.edu/manifests/drs:15917855
US;Cambridge;Houghton Library;Richardson 07;https://iiif.lib.harvard.edu/manifests/drs:5981093
US;Cambridge;Houghton Library;Richardson 09;https://iiif.lib.harvard.edu/manifests/drs:16031964
US;Cambridge;Houghton Library;Richardson 34;https://iiif.lib.harvard.edu/manifests/drs:6135067
US;Cambridge;Houghton Library;Richardson 42;https://iiif.lib.harvard.edu/manifests/drs:9827622
US;Cambridge;Houghton Library;Richardson 45;https://iiif.lib.harvard.edu/manifests/drs:47899293
US;Cambridge;Houghton Library;Typ 0032;https://iiif.lib.harvard.edu/manifests/drs:48463951
US;Cambridge;Houghton Library;Typ 0253;https://iiif.lib.harvard.edu/manifests/drs:49309022
US;Cambridge;Houghton Library;Typ 0302;https://iiif.lib.harvard.edu/manifests/drs:49592873
US;Cambridge;Houghton Library;Typ 0443;https://iiif.lib.harvard.edu/manifests/drs:49314349
US;Cambridge;Houghton Library;Typ 0443.1;https://iiif.lib.harvard.edu/manifests/drs:48280898
US;Cambridge;Houghton Library;Typ 0463;https://iiif.lib.harvard.edu/manifests/drs:422676207
US;Cambridge;Houghton Library;Typ 0464;https://iiif.lib.harvard.edu/manifests/drs:49756151
US;Cambridge;Houghton Library;Typ 0957;https://iiif.lib.harvard.edu/manifests/drs:6522890
US;Cambridge;Houghton Library;Typ 0958;https://iiif.lib.harvard.edu/manifests/drs:6522891
US;Cambridge;Houghton Library;Typ 0999;https://iiif.lib.harvard.edu/manifests/drs:9899749
US;Cambridge;Houghton Library;Typ 1000;https://iiif.lib.harvard.edu/manifests/drs:10309732
US;Cambridge;Houghton Library;Typ 1005;https://iiif.lib.harvard.edu/manifests/drs:11676290
US;Cambridge;Houghton Library;Typ 1006;https://iiif.lib.harvard.edu/manifests/drs:11676291
US;Cambridge;Houghton Library;Typ 1008;https://iiif.lib.harvard.edu/manifests/drs:11676293
US;Cambridge;Houghton Library;Typ 1012;https://iiif.lib.harvard.edu/manifests/drs:11676296
US;Cambridge;Houghton Library;Widener 02;https://iiif.lib.harvard.edu/manifests/drs:47779375
