"","R1","R2","R3","R4","R5","R6","R7","R8","R9","R10","R11","R12","rowname.unlist","n"
"1",2,6,36,NA,75,84,67,NA,63,66,81,NA,"Ambrosian_BN2984",1
"2",2,6,NA,NA,36,67,NA,NA,42,62,NA,NA,"Ambrosian_BN1708",1
"3",2,6,NA,NA,36,67,NA,NA,75,84,NA,NA,"Ambrosian_MCR55",1
"4",2,6,NA,NA,36,75,NA,NA,63,85,NA,NA,"Ambrosian_MIL96",1
"5",2,6,NA,NA,75,84,NA,NA,63,66,NA,NA,"Ambrosian_MIL2102",1
"6",10,10,10,NA,10,10,10,NA,10,10,10,NA,"Otto of Riedenburg's Pontifici_BN1231S1",1
"7",11,10,84,NA,10,36,38,NA,67,75,12,NA,"St. Benoit-sur-Loire_ORLE125D",1
"8",13,14,44,NA,57,24,38,NA,28,40,58,NA,"St. Denis_BN976",1
"9",13,14,44,NA,57,24,38,NA,68,40,58,NA,"St. Denis_BN976E",1
"10",13,44,76,NA,10,58,38,NA,83,18,12,NA,"St. Denis_BN1072E",1
"11",13,44,76,NA,10,58,83,NA,38,NA,NA,NA,"St. Corneille-de-Compiegne_BN17329",1
"12",14,24,46,NA,1,18,83,NA,32,68,38,NA,"Seiler-Spital Berne_BERNEA90",1
"13",14,24,NA,NA,32,68,57,NA,NA,NA,NA,NA,"_VAT28",1
"14",14,25,13,NA,32,93,58,NA,72,68,38,NA,"_ARS288",1
"15",14,25,13,NA,93,58,1,NA,83,82,38,NA,"Renaix_BL1211",1
"16",14,32,72,NA,24,68,40,NA,89,46,38,NA,"Cambrai_CAMBR193 St. Gery_CAMBR235",2
"17",14,36,46,NA,51,75,95,NA,19,94,69,38,"Die_AVIGN127",1
"18",14,36,46,NA,51,75,95,NA,19,94,69,NA,"Lyons_LYO70",1
"19",14,36,46,NA,51,75,95,NA,NA,94,69,NA,"Lyons_S.1935-2",1
"20",14,36,46,NA,67,51,33,NA,60,95,53,NA,"Carthusian_CHARL182",1
"21",14,36,67,NA,46,51,75,NA,60,95,53,NA,"Grandmontine_BN16306",1
"22",14,36,72,NA,32,68,24,NA,51,56,38,NA,"Evora_PORT843 Santa Cruz de Coimbra_PORT1159 St. James of Compostela_MADR382 Braga_ESC10 St. Rufus_LYO44 Tortosa_MADR14604 Grasse_CARP42",7
"23",14,36,72,NA,32,NA,NA,NA,NA,NA,NA,NA,"St. Rufus_CARP719",1
"24",14,36,75,1,51,67,64,79,46,95,60,38,"Chaise-Dieu_CL-FD5009",1
"25",14,36,75,NA,51,67,64,NA,46,95,60,NA,"Chaise-Dieu_VES14",1
"26",14,58,18,NA,NA,NA,NA,NA,NA,NA,NA,NA,"_DIE60",1
"27",14,68,72,NA,32,79,40,NA,56,83,38,NA,"Carpentras_VAT53",1
"28",14,68,72,NA,32,79,90,NA,40,83,38,NA,"Arles_BN1091",1
"29",14,71,36,NA,11,64,35,NA,57,72,NA,NA,"Old Roman_VAT58",1
"30",14,72,1,NA,32,NA,68,NA,90,83,38,NA,"Uzes_BN23965",1
"31",14,72,1,NA,68,46,58,NA,32,58,38,NA,"St. Etienne-de-Troyes_TROY1043",1
"32",14,72,1,NA,90,32,57,NA,68,46,79,NA,"Lerins_BN10486",1
"33",14,72,3,NA,11,60,35,NA,36,57,NA,NA,"Old Roman_VAT79",1
"34",14,72,10,NA,32,57,1,NA,68,46,38,NA,"St. Severus Erfurt_BN4954B",1
"35",14,72,11,NA,28,24,32,NA,57,68,38,NA,"Carcassonne_BN1011",1
"36",14,72,12,NA,NA,NA,NA,NA,NA,NA,NA,NA,"Autun_S.1938-1",1
"37",14,72,13,NA,32,57,58,NA,24,40,38,NA,"Ste Waudru Mons_BL16(2)",1
"38",14,72,13,NA,32,57,83,NA,68,40,38,18,"Maubeuge_CAMBR133",1
"39",14,72,13,NA,32,57,83,NA,68,40,38,NA,"Maubeuge_VAT10288",1
"40",14,72,13,NA,32,57,83,NA,68,82,38,NA,"St. Ghislain_DOUAI133",1
"41",14,72,13,NA,32,68,46,NA,79,40,38,NA,"Grenoble_GREN784",1
"42",14,72,13,NA,32,68,57,NA,40,58,38,NA,"Ste Waudru Mons_BN1073",1
"43",14,72,13,NA,32,68,83,NA,58,93,38,NA,"_S.1938-5",1
"44",14,72,18,24,32,57,12,28,68,40,38,82,"St. Mary`s York_CAM27",1
"45",14,72,21,NA,32,36,79,NA,56,68,38,NA,"Adge_BN763",1
"46",14,72,21,NA,82,32,83,NA,68,28,38,NA,"Lerida_BN1309(A)",1
"47",14,72,21,NA,90,83,38,NA,79,28,92,NA,"St. Victor Marseilles_AIX14D",1
"48",14,72,24,1,32,57,28,79,68,40,82,38,"Ochsenhausen_STUTT117",1
"49",14,72,24,12,32,57,38,NA,68,28,46,NA,"St. Pere de Chartres_S.1954-1",1
"50",14,72,24,18,32,57,58,NA,68,82,38,NA,"St. Riquier_ABBV17",1
"51",14,72,24,36,90,32,57,67,28,46,38,NA,"St. Amand_VAL116",1
"52",14,72,24,36,90,32,57,67,68,28,46,38,"Arles-sur-Tech_NARB166 Sherborne_OXF12 Anchin_DOUAI159",3
"53",14,72,24,40,90,32,57,1,68,28,46,38,"Bourgueil_BN1071",1
"54",14,72,24,44,32,57,36,NA,68,46,NA,NA,"Saintes_BN16309",1
"55",14,72,24,67,90,32,57,NA,68,28,38,NA,"Vezelay_LYO555",1
"56",14,72,24,79,32,57,28,1,68,40,38,NA,"Zwiefalten_STUTT116 Blaubeuren_STUTT222",2
"57",14,72,24,NA,1,83,79,NA,47,18,38,NA,"_ZUR174",1
"58",14,72,24,NA,28,32,57,NA,71,40,38,NA,"Salerno_SALERNO",1
"59",14,72,24,NA,32,24,28,NA,68,82,38,NA,"Rennes_GEN2679",1
"60",14,72,24,NA,32,28,57,NA,68,11,38,NA,"Strasburg_MCR484",1
"61",14,72,24,NA,32,28,57,NA,68,11,40,NA,"Leopold's Psalter_KLNB987B",1
"62",14,72,24,NA,32,28,57,NA,68,40,38,NA,"Subiaco_SUB160 Zwiefalten_STUTT105",2
"63",14,72,24,NA,32,28,57,NA,68,82,38,NA,"Metz_METZ336",1
"64",14,72,24,NA,32,32,57,NA,68,28,38,NA,"Lyre_EVREUX121",1
"65",14,72,24,NA,32,57,12,NA,68,40,38,NA,"Bayeux_BAYEUX74D",1
"66",14,72,24,NA,32,57,28,40,68,82,38,NA,"Rouen_BN10549",1
"67",14,72,24,NA,32,57,28,NA,46,NA,38,NA,"_VAT7231",1
"68",14,72,24,NA,32,57,28,NA,68,28,38,NA,"Sarum_S.1953-1",1
"69",14,72,24,NA,32,57,28,NA,68,40,38,82,"Hospitallers_STRASN1",1
"70",14,72,24,NA,32,57,28,NA,68,40,38,NA,"Jerusalem_BL1139 Hospitallers_MAZ355 Marguerite's Hours_BL36684 Brigittine_UPS489 Blaubeuren_STUTT118 Bayeux_GEN2712 Zwiefalten_STUTT117 Remiremont_BN1508",8
"71",14,72,24,NA,32,57,28,NA,68,40,56,46,"Camaldolese (Rome)_VAT7722",1
"72",14,72,24,NA,32,57,28,NA,68,40,56,NA,"Camaldolese (Rome)_VAT7599 Camaldolese (Florence)_BL27171 Camaldolese_MIL1048",3
"73",14,72,24,NA,32,57,28,NA,68,40,79,90,"Camaldolese_TOL14",1
"74",14,72,24,NA,32,57,28,NA,68,40,79,NA,"St. Eutizio_VALL8 Nursia_VALL5",2
"75",14,72,24,NA,32,57,28,NA,68,40,82,NA,"Zwiefalten_KRL60B St. Lambrecht_BL18306B",2
"76",14,72,24,NA,32,57,28,NA,68,46,38,40,"Dominican_CPHN632",1
"77",14,72,24,NA,32,57,28,NA,68,46,38,NA,"Dominican_CLG20 Ste Croix Paris_MAZ372 Teutonic Order_FULD122B _STKH102 Uppsala_STKHTL Skara_UPS97 Västeras_GEN1292 Abo_STKHSN1 Mercedarians_MADR14265 Dominican Vienna_VIE1894",10
"78",14,72,24,NA,32,57,28,NA,68,71,40,NA,"Pontetetto_LUCCA601 Lucca_LUCCA606",2
"79",14,72,24,NA,32,57,28,NA,68,76,40,NA,"Canterbury_BL155",1
"80",14,72,24,NA,32,57,28,NA,68,82,38,12,"Vannes_GEN225",1
"81",14,72,24,NA,32,57,28,NA,68,82,38,40,"Crowland_BL230 Sarum_EDINB13 Coutances_BN786D Lisieux_GEN113 Rouen_ROUEN326 _S.1935-5 Brigittine (Syon)_OXF4 Aberdeen_ABERDSN",8
"82",14,72,24,NA,32,57,28,NA,68,82,38,NA,"Nidaros_CPHN133 Carmelite_BLU-C Hereford_HEREFDSN Lincoln_BL38116 Metz_ARS570 Sarum_BL305 Templars_BN10478D Rennes_S.1893 Oxford_VAT4757 Rouen_BN4600 _HAAG68 St. Arnulf_METZ333 Lisieux_CAEN17 Coutances_S.1953-2 The Hague_HAAG73B Hospitallers_BN1400 Hours of Marie de Bohun_CPHT547 Montieramey_BN1063 Seez_BN1272 St. Lo-de-Rouen_GEN1265 St. Jacut-de-la-Mer_BN3081 St. Sauveur Toul_BN17998 St. Lo-de-Coutances_GEN2722 Dol_OXF26 Aversa_VAT12 St. Maur Verdun_EPIN235",26
"83",14,72,24,NA,32,57,28,NA,68,82,40,38,"Coutances_MADR20 Ste Catherine-du-Mont_ROUEN203 Senones_NOGSN",3
"84",14,72,24,NA,32,57,28,NA,68,82,40,NA,"Arezzo_VAT4772 Hastieres_MUN13067B Montieramey_TROY721B St. Vanne_VERD129B Stavelot_BRU6386 St. Arnulf_METZ573 Durham_BL804S St. Bees_OXFG1 St. Symphorian_METZSSN",9
"85",14,72,24,NA,32,57,28,NA,68,83,38,NA,"Murbach_COLM229B",1
"86",14,72,24,NA,32,57,28,NA,68,NA,NA,NA,"Metz_VAT66 _VAT133",2
"87",14,72,24,NA,32,57,28,NA,71,38,68,NA,"Capua_MIL532",1
"88",14,72,24,NA,32,57,28,NA,71,46,38,NA,"S. Lupo di Beneveto_VAT176S",1
"89",14,72,24,NA,32,57,28,NA,71,46,40,38,"S. Lupo di Beneveto_BENEV21",1
"90",14,72,24,NA,32,57,28,NA,82,68,38,NA,"Bobbio_S.1952",1
"91",14,72,24,NA,32,57,28,NA,82,68,79,NA,"Bobbio_TOR10",1
"92",14,72,24,NA,32,57,28,NA,NA,46,38,NA,"Dominican_VAT507",1
"93",14,72,24,NA,32,57,36,NA,68,40,38,NA,"Chester_BL431 Bodmin_OXF22",2
"94",14,72,24,NA,32,57,36,NA,68,46,38,40,"Angouleme_MAZ11872",1
"95",14,72,24,NA,32,57,36,NA,68,46,38,NA,"Angouleme_BL7 Saintes_BN1307",2
"96",14,72,24,NA,32,57,37,NA,68,46,38,NA,"Nantes_GEN1251",1
"97",14,72,24,NA,32,57,37,NA,68,82,38,NA,"_MISERSN",1
"98",14,72,24,NA,32,57,38,NA,28,68,12,NA,"Autun_BAYEUX58",1
"99",14,72,24,NA,32,57,38,NA,68,28,46,40,"St. Pere de Chartres_CHARTR554",1
"100",14,72,24,NA,32,57,38,NA,68,28,46,NA,"St. Pere de Chartres_CHARTR565 St. Benoit-sur-Loire_ORLE776",2
"101",14,72,24,NA,32,57,38,NA,68,40,1,NA,"Chalon-sur-Saone_BN13273",1
"102",14,72,24,NA,32,57,40,28,68,82,38,NA,"St. Lo-de-Rouen_GEN2634D Rouen_ROUEN195",2
"103",14,72,24,NA,32,57,40,NA,46,82,38,NA,"Rouen_MTP3",1
"104",14,72,24,NA,32,57,40,NA,68,18,38,NA,"York_BL1663",1
"105",14,72,24,NA,32,57,40,NA,68,28,38,NA,"Compostela_SANTSN Dol_ARS102 Orense_ORENSE9",3
"106",14,72,24,NA,32,57,40,NA,68,28,46,12,"St. Wandrille_OXF71B",1
"107",14,72,24,NA,32,57,40,NA,68,28,46,38,"St. Martin-les-Bourges (?)_EBAI297 St. Wandrille_ARRAS248",2
"108",14,72,24,NA,32,57,40,NA,68,28,46,NA,"St. Wandrille_ROUEN207 St. Stephen's Caen_MTP314B",2
"109",14,72,24,NA,32,57,40,NA,68,46,38,NA,"Tiron_BL8 Tuy_PORT51",2
"110",14,72,24,NA,32,57,40,NA,68,82,38,NA,"Avranches_BN241 Rouen_BN1163 Dol_BN24022",3
"111",14,72,24,NA,32,57,40,NA,83,18,38,NA,"_CHANT7",1
"112",14,72,24,NA,32,57,46,NA,68,40,38,NA,"St. Brieuc_MALO1600",1
"113",14,72,24,NA,32,57,46,NA,68,67,38,NA,"_RIOM22",1
"114",14,72,24,NA,32,57,46,NA,68,79,83,NA,"Kitzingen_MIL263",1
"115",14,72,24,NA,32,57,46,NA,68,82,38,40,"Toul_ARS617",1
"116",14,72,24,NA,32,57,46,NA,68,82,38,NA,"Toul_VES13",1
"117",14,72,24,NA,32,57,51,NA,68,89,38,40,"Tournai_FECSN",1
"118",14,72,24,NA,32,57,51,NA,68,89,38,NA,"Tournai_LILLE49 Noyon_BN1615",2
"119",14,72,24,NA,32,57,56,NA,68,40,79,38,"Vercelli_MAZ1156",1
"120",14,72,24,NA,32,57,62,NA,4,38,62,NA,"A North Italian Nunnery_EBAMS12",1
"121",14,72,24,NA,32,57,68,NA,1,83,38,NA,"Weingarten_FULD56",1
"122",14,72,24,NA,32,57,68,NA,28,38,1,NA,"Würzburg_WURZB71B",1
"123",14,72,24,NA,32,57,68,NA,28,40,38,NA,"Klosterneuburg_KLNB1010 Merseburg_S.LON(10) Niederaltaich_MUN14741B Kremsmünster_KREMS5(2) Magdeburg_METZ1200B Bamberg_PAUL26B Linköping_UPS461 Guisborough_CAM30 _UDINE232B Alba Julia_GUS1-34B Speyer_S.1932-11 Meissen_BL16B Bremen_CPHN39B Brixen_VAT7227B Brixen diocese_BRIXEN_MIN",15
"124",14,72,24,NA,32,57,68,NA,28,40,44,NA,"Maria Garten_WOLF309B",1
"125",14,72,24,NA,32,57,68,NA,28,40,58,NA,"_UPS500B",1
"126",14,72,24,NA,32,57,68,NA,28,40,79,NA,"Passau_BN10526 Salzburg_S.1932-12",2
"127",14,72,24,NA,32,57,68,NA,28,40,82,NA,"St. Georg Prüfening_VIE1826B Augsburg (cathedral)_VAT523B Raitenbuch_MUN23288B",3
"128",14,72,24,NA,32,57,68,NA,28,71,40,38,"Celestine_NIMES5",1
"129",14,72,24,NA,32,57,68,NA,28,71,40,NA,"Celestine_AVIGN129",1
"130",14,72,24,NA,32,57,68,NA,28,79,38,NA,"Besancon_M.C.14268",1
"131",14,72,24,NA,32,57,68,NA,28,82,38,NA,"St. Felicity Münsterschwarzach_OXF297B _CHARTR551 Lambach (OSB)_LAMB103A Lambach (OSB)?_GRAZ1119",4
"132",14,72,24,NA,32,57,68,NA,28,82,40,NA,"Werden_BERL380B",1
"133",14,72,24,NA,32,57,68,NA,28,83,38,NA,"Eichstätt_CPHT119",1
"134",14,72,24,NA,32,57,68,NA,36,46,79,38,"Le Puy_BN1304",1
"135",14,72,24,NA,32,57,68,NA,36,46,79,NA,"Le Puy_CARP51",1
"136",14,72,24,NA,32,57,68,NA,38,83,1,NA,"Basle_CPHV892A St. Ursanne_BASLE39",2
"137",14,72,24,NA,32,57,68,NA,38,83,79,NA,"Basle_CPHV892B",1
"138",14,72,24,NA,32,57,68,NA,40,83,38,NA,"Montjoux_ROME440 Solothurn_SOLT251",2
"139",14,72,24,NA,32,57,68,NA,46,40,38,NA,"_MELUN12",1
"140",14,72,24,NA,32,57,68,NA,46,82,40,38,"Treviso_BN10488",1
"141",14,72,24,NA,32,57,68,NA,51,46,40,NA,"St. Donatian of Bruges_BL1018B",1
"142",14,72,24,NA,32,57,68,NA,58,83,38,NA,"Landgrave Psalter_STUTT24",1
"143",14,72,24,NA,32,57,68,NA,76,40,38,NA,"Minden_S.1932-B",1
"144",14,72,24,NA,32,57,68,NA,79,40,38,NA,"Cracow_VAT4751 Gran_BN8879B Agram_VAT16B Plock_S.1932-4 Olmütz_BL1487B Breslau_BLSN(4) Gnesen_VAT472 Hermits of St. Paul_MIL1856B",8
"145",14,72,24,NA,32,57,68,NA,79,83,38,NA,"Besancon_BESAN64",1
"146",14,72,24,NA,32,57,68,NA,82,28,38,40,"Waldkirch_VIE1888",1
"147",14,72,24,NA,32,57,68,NA,82,28,38,NA,"Zwiefalten_STUTT13B",1
"148",14,72,24,NA,32,57,68,NA,82,28,40,NA,"_VAT539",1
"149",14,72,24,NA,32,57,68,NA,82,40,38,NA,"Lund_UPS515",1
"150",14,72,24,NA,32,57,68,NA,82,76,38,NA,"_VEND14",1
"151",14,72,24,NA,32,57,68,NA,82,79,38,NA,"Ambronay_GAPS(1)",1
"152",14,72,24,NA,32,57,68,NA,82,83,28,38,"Weingarten_STUTT89B",1
"153",14,72,24,NA,32,57,68,NA,82,83,28,NA,"Weingarten_FULD116B",1
"154",14,72,24,NA,32,57,68,NA,82,83,38,NA,"St. Emmeram_BL18301 Zwiefalten_STUTTCB98 Weingarten_STUTT98 Mondsee_VIE1936B Ettenheimmünster_BERL722 Aquileia_UDINE72B St. Georg Prüfening_MUN23037",7
"155",14,72,24,NA,32,57,68,NA,83,40,38,NA,"Sion_SION47",1
"156",14,72,24,NA,32,57,68,NA,83,79,38,NA,"Trier_CHANT8",1
"157",14,72,24,NA,32,57,68,NA,NA,NA,NA,NA,"Bamberg_VAT27",1
"158",14,72,24,NA,32,57,82,NA,68,28,40,NA,"Freising (printed in 1516)_CPHV900B Moosburg_MOOS149A",2
"159",14,72,24,NA,32,57,82,NA,68,46,38,NA,"Angers (?)_ANGERS130",1
"160",14,72,24,NA,32,57,83,NA,68,28,38,NA,"St. Peter's Cardena_CHANT52",1
"161",14,72,24,NA,32,57,90,NA,68,28,38,NA,"St. Cyran_COMP1-2",1
"162",14,72,24,NA,32,57,NA,NA,NA,NA,NA,NA,"Bamberg_BAMB25B Coutances_BN27932",2
"163",14,72,24,NA,32,68,11,NA,82,28,40,NA,"Ste Croix-de-Poitiers_BN560",1
"164",14,72,24,NA,32,68,28,NA,57,82,38,NA,"_S.1964-1",1
"165",14,72,24,NA,32,68,46,NA,57,81,51,NA,"St. John's of Monza_MONZA16",1
"166",14,72,24,NA,32,68,57,NA,28,11,1,NA,"Marbach_STRASN2",1
"167",14,72,24,NA,32,68,57,NA,28,11,38,NA,"Marbach_NUE28603",1
"168",14,72,24,NA,32,68,57,NA,28,38,1,NA,"Constance_CPHN33D",1
"169",14,72,24,NA,32,68,57,NA,28,40,38,82,"St. Gallen_SGAL389",1
"170",14,72,24,NA,32,68,57,NA,28,40,38,NA,"Klosterneuburg_KLNB1011B Worms_BN1310B Speyer_SELS127 _ZUR65",4
"171",14,72,24,NA,32,68,57,NA,28,40,79,NA,"Grossmünster_FREIB1146",1
"172",14,72,24,NA,32,68,57,NA,28,40,82,38,"St. Gallen_SGAL391",1
"173",14,72,24,NA,32,68,57,NA,28,40,NA,NA,"Rheinau_ZUR28",1
"174",14,72,24,NA,32,68,57,NA,28,79,38,NA,"San Vito_VAT4749",1
"175",14,72,24,NA,32,68,57,NA,28,79,40,NA,"San Vito_VAT283",1
"176",14,72,24,NA,32,68,57,NA,28,82,58,NA,"Fulda_VAT525",1
"177",14,72,24,NA,32,68,57,NA,28,82,83,58,"Fulda_FULD136B",1
"178",14,72,24,NA,32,68,57,NA,40,79,38,NA,"St. Jean-de-Maurienne_ROMONTSN",1
"179",14,72,24,NA,32,68,57,NA,40,83,38,NA,"Geneva_VAT538",1
"180",14,72,24,NA,32,68,57,NA,46,40,38,NA,"Romano-Germanic Pontificial_BAMB53 Gondekar's Pontificial_EICHSTSN Otto of Riedenburg's Pontifici_BN1231B",3
"181",14,72,24,NA,32,68,57,NA,47,83,38,NA,"Chur_STUTT104",1
"182",14,72,24,NA,32,68,57,NA,79,40,38,NA,"Prague_PRAG9B",1
"183",14,72,24,NA,32,68,57,NA,79,40,89,NA,"Como_MIL16",1
"184",14,72,24,NA,32,68,57,NA,79,83,38,NA,"Embrun_S.1930 Moutiers-en-Tarentaise_BN18000",2
"185",14,72,24,NA,32,68,57,NA,79,83,40,NA,"Moutiers-en-Tarentaise_MOUTSN",1
"186",14,72,24,NA,32,68,57,NA,79,NA,NA,NA,"Como_MIL40",1
"187",14,72,24,NA,32,68,57,NA,83,40,38,NA,"Lausanne_S.1934-1",1
"188",14,72,24,NA,32,68,57,NA,83,79,38,NA,"St. Florinus Coblenz_TREV521",1
"189",14,72,24,NA,32,68,58,NA,79,46,40,38,"Fontevrault_BN27796",1
"190",14,72,24,NA,32,68,85,NA,28,40,38,NA,"Magdeburg_BL8075B Merseburg_S.1932-7 Halle_MIL1335B",3
"191",14,72,24,NA,32,82,57,NA,68,79,40,NA,"St. Abondino_VIT2110",1
"192",14,72,24,NA,32,91,57,NA,79,68,38,NA,"Morienval_CHARL14",1
"193",14,72,24,NA,32,NA,46,NA,68,82,38,NA,"Toul_BN1874",1
"194",14,72,24,NA,36,32,57,NA,28,68,40,38,"Siena_B1199",1
"195",14,72,24,NA,36,32,57,NA,68,28,40,38,"Siena_SIENA7",1
"196",14,72,24,NA,40,32,57,NA,68,28,38,NA,"_MONZAB15",1
"197",14,72,24,NA,46,32,57,NA,4,71,40,NA,"_VAT74",1
"198",14,72,24,NA,46,32,57,NA,28,46,38,40,"_DUN(3)",1
"199",14,72,24,NA,46,32,57,NA,28,71,38,40,"Sta Sophia_VAT4928",1
"200",14,72,24,NA,46,32,57,NA,28,71,38,NA,"Sta Sophia_VAT176",1
"201",14,72,24,NA,46,32,57,NA,68,28,38,40,"Roman_PER28 Franciscan_CLG107 _UPS517(1) Austin Friars_METZ584 Rodez_GEN202",5
"202",14,72,24,NA,46,32,57,NA,68,28,38,56,"Tournai_CPHG1605",1
"203",14,72,24,NA,46,32,57,NA,68,28,38,NA,"Roman_S.1938-10 Limoges_BN1396 St. Ulrich & Afra Augsburg_VAT517 Poor Clares_LISB166",4
"204",14,72,24,NA,46,32,57,NA,68,28,40,38,"Pontetetto_LUCCA603 Poor Clares_ASSDSN Aquileia_UDINE9 Olivetans_MIL18 Roman_BN4162 _ESC29 Austin Friars_VAT698 Badia Florence_OXF392 Ascoli Piceno_VAT6255 Chezal-Benoit_CL-FD87 Franciscan_CORT6 St. Peter's Perugia_FLO461 Taranto_VAT107 Bergamo_VAT7724 Montecassino_BN1687 Padua_VAT1009 Freising_BL18307 Melk_CPHV896 Beaumont-les-Tours_B1242 Neresheim_OXF304 Senlis_ARS2780",21
"205",14,72,24,NA,46,32,57,NA,68,28,40,NA,"Lucca_LUCCA609 Roman_ASS694 Franciscan_MUNSN Antonite_LYO551 _CL-FD85 Rodez_BN1306 Vallumbrosan_VCE145 Bologna_OXF221 Sts. Ulrich and Afra_EBAMS17 St. Fredian's_TORT10",10
"206",14,72,24,NA,46,32,57,NA,68,28,NA,NA,"Roman_LAMB199 San Sisto_BN10530",2
"207",14,72,24,NA,46,32,57,NA,68,40,38,NA,"Limoges_VAT184",1
"208",14,72,24,NA,46,32,57,NA,68,51,38,40,"Bordeaux_BORD920",1
"209",14,72,24,NA,46,32,57,NA,68,51,40,NA,"Bordeaux_BORD86",1
"210",14,72,24,NA,46,32,57,NA,68,79,38,NA,"_S.1939-1",1
"211",14,72,24,NA,46,32,57,NA,68,82,38,NA,"_RIOM21",1
"212",14,72,24,NA,46,32,57,NA,NA,NA,38,NA,"Roman_ARS434",1
"213",14,72,24,NA,46,32,57,NA,NA,NA,NA,NA,"Glandeves_BN1312",1
"214",14,72,24,NA,46,57,28,NA,68,71,40,NA,"Carinola_OXF339",1
"215",14,72,24,NA,46,68,57,NA,24,28,38,NA,"_NYPML6",1
"216",14,72,24,NA,47,1,79,NA,83,18,38,NA,"_EPIN127D",1
"217",14,72,24,NA,47,1,83,NA,79,18,38,NA,"Interlaken_METZ464D St. Maurice-en-Valais_VAT65D",2
"218",14,72,24,NA,56,46,58,NA,32,68,38,NA,"Orleans_BN14827",1
"219",14,72,24,NA,57,24,68,NA,28,46,38,NA,"_CPHN28",1
"220",14,72,24,NA,57,32,28,NA,68,82,40,NA,"_ANGERS91",1
"221",14,72,24,NA,57,32,40,NA,68,18,38,NA,"Premonstratensian_MUN17010 Hildesheim_BERL319B",2
"222",14,72,24,NA,57,32,40,NA,68,28,38,NA,"_VAT33B",1
"223",14,72,24,NA,57,32,40,NA,68,36,38,NA,"Ste Godeberta_BOLGSN",1
"224",14,72,24,NA,57,32,40,NA,68,58,38,NA,"_ARS280",1
"225",14,72,24,NA,57,32,68,NA,18,40,38,NA,"Seebach_CON1B",1
"226",14,72,24,NA,57,32,68,NA,28,46,38,NA,"_BN18026",1
"227",14,72,24,NA,57,32,68,NA,67,51,38,NA,"Ivrea_IVREA62",1
"228",14,72,24,NA,57,32,68,NA,67,68,40,NA,"Pavia_PAVM12",1
"229",14,72,24,NA,57,68,32,NA,83,11,38,NA,"_VAT61",1
"230",14,72,24,NA,68,32,38,NA,57,28,40,NA,"Perigueux_S.1932-1",1
"231",14,72,24,NA,68,32,46,NA,57,36,40,NA,"St. Hilaire-le-Grand_POIT26",1
"232",14,72,24,NA,68,32,57,NA,28,11,1,NA,"Basle St. Leonhard_ENGEL107",1
"233",14,72,24,NA,68,57,82,NA,32,58,38,NA,"Windesheim_GRGT(2)B Weidenbach Cologne_DARM848B",2
"234",14,72,24,NA,68,57,82,NA,90,40,38,NA,"St. Nicholas_TOULSN1",1
"235",14,72,24,NA,68,57,82,NA,93,58,29,38,"Utrecht_UTR12",1
"236",14,72,24,NA,68,57,82,NA,93,58,29,NA,"Utrecht_HAAG47B",1
"237",14,72,24,NA,68,57,82,NA,93,58,38,29,"Utrecht_CPHG3445B",1
"238",14,72,24,NA,75,32,57,NA,28,71,40,NA,"Carthusian(S. Martino)_NAPOLI7",1
"239",14,72,24,NA,79,32,57,NA,68,28,38,NA,"St. Simeon Trier_TREV427B",1
"240",14,72,24,NA,82,32,57,NA,68,28,38,46,"Braga_BRAGASEM",1
"241",14,72,24,NA,82,32,57,NA,68,28,38,NA,"St. Denis Rheims_BN915 Rheims_BN18021 La Couture_GEN1372 Notre-Dame-des-Pres-les-Troyes_B1234",4
"242",14,72,24,NA,82,32,57,NA,68,28,40,38,"Rheims_TROY1951",1
"243",14,72,24,NA,82,32,57,NA,68,28,46,38,"Braga_BRAGAMUS",1
"244",14,72,24,NA,82,32,57,NA,68,28,46,NA,"Braga_BRAGA1933 Croix-St-Leufroy_BOUV(2)",2
"245",14,72,24,NA,82,32,57,NA,68,83,38,NA,"_BN4509",1
"246",14,72,24,NA,82,32,57,NA,68,89,40,38,"Laon_LAON263",1
"247",14,72,24,NA,82,32,57,NA,79,83,38,NA,"St. Etienne-de-Dijon_DIJON1665 Langres_CPHT540",2
"248",14,72,24,NA,82,32,57,NA,NA,NA,NA,NA,"Braga_VAT164",1
"249",14,72,24,NA,82,32,NA,NA,NA,NA,NA,NA,"_LAON226",1
"250",14,72,24,NA,82,57,32,NA,28,68,38,NA,"_DOLE45",1
"251",14,72,24,NA,83,93,18,NA,58,79,38,NA,"Soignies_BRU4483",1
"252",14,72,24,NA,90,32,40,NA,68,28,38,NA,"Westminster_OXF10",1
"253",14,72,24,NA,90,32,57,NA,28,46,38,NA,"Vergy_MONTS36",1
"254",14,72,24,NA,90,32,57,NA,28,46,40,NA,"St. Vedast_ARRAS465",1
"255",14,72,24,NA,90,32,57,NA,28,68,40,38,"Sherborne_CAM422",1
"256",14,72,24,NA,90,32,57,NA,68,28,38,46,"Fecamp_ROUEN253 Marmoutier_GEN1370",2
"257",14,72,24,NA,90,32,57,NA,68,28,38,NA,"Tulle_BN1257 St. Frideswide Oxford_BL157 St. Maur-des-Fosses_BN12037 Marchiennes_DOUAI138 Faremoutiers_MAZ349 Sepulchre de Cambrai_CAMBR102 _CPHN29 Beaulieu-les-Loches_LOCH7 St. Serge_S.1938-2 St. Laumer_VAT60 St. Melaine_BN27701 St. Martial_BN783",12
"258",14,72,24,NA,90,32,57,NA,68,28,40,38,"St. Albans_BL6 Lyre_BL16975 St. Martial_BN1088 Tynemouth_OXF18",4
"259",14,72,24,NA,90,32,57,NA,68,28,40,NA,"Chester_OXF169 Bec_LAON255 Hyde Abbey_BL960 _EVREUX116 St. Ouen_BRU3827 Bonne Nouvelle_ROUEN254",6
"260",14,72,24,NA,90,32,57,NA,68,28,46,38,"Marchiennes_DOUAI68 Westminster_BL22 Fecamp_FEC186 Mont-Saint-Michel_AVRAN168 St. Pierre-le-Vif_BN1041 Norwich (Cathedral) OSB_BL3950 Evesham_OXF41 St. Faron_MEAUX4 St. Germain-des-Pres_BN13239 St. Vincent_LAON214 Soeiro_BRAGA657 _BERNE768 St. Serge_EBAMS10 St. Florent-les-Saumur_BRU5155 St. Julian_TOURS230 St. Ouen_BN19214 San Benito el Real_BLSN(3)",17
"261",14,72,24,NA,90,32,57,NA,68,28,46,40,"Montier-la-Celle_TROY109",1
"262",14,72,24,NA,90,32,57,NA,68,28,46,NA,"Moissac_OXF45 Winchcombe_VAL196 Jumieges_ROUEN211 Mont-Saint-Michel_AVRAN39 St. Benigne-de-Dijon_DIJON113 St. Tierry_REIMS314 St. Amand_BN13260 St. Vedast_ARRAS729 Bourgueil_BN1043 Troarn_BN13242B _ESC36 Sepulchre de Cambrai_CAMBR111 St. Bertin_ST.OM422 St. Ghislain_BRU4956 St. Victor Marseilles_AIX14 Montmajour_AIX101D San Benito el Real_MIL882 Monastery of Corbie_BN11949 Evesham_BL44874 Brooholm_OXF1523 Vendome_VEND17 St. Ouen_ROUEN192 St. Germain-des-Pres_BN12043 St. Maur-des-Fosses_BN12042 Cluny_BN27827 St. Remy_GEN2613 Villeneuve-les-Avignon_AIX159",27
"263",14,72,24,NA,90,32,57,NA,68,28,79,NA,"Northern Italy_VAT173",1
"264",14,72,24,NA,90,32,57,NA,68,28,82,NA,"Silos_BL30850 Villeneuve-les-Avignon_BESAN137",2
"265",14,72,24,NA,90,32,57,NA,68,28,83,38,"Sainte-Foy of Conques_BOUV(1)",1
"266",14,72,24,NA,90,32,57,NA,68,36,46,38,"Josaphat-les-Chartres_CHARTR541",1
"267",14,72,24,NA,90,32,57,NA,68,40,38,NA,"Todi_VAT530 St. Martial_MAZ11873",2
"268",14,72,24,NA,90,32,57,NA,68,40,79,31,"Piacenza_PIAC54B",1
"269",14,72,24,NA,90,32,57,NA,68,40,79,38,"St. Peter's Ravenna_OXF321",1
"270",14,72,24,NA,90,32,57,NA,68,40,79,72,"_TOL20",1
"271",14,72,24,NA,90,32,57,NA,68,46,38,NA,"St. Aubin_BNSN(1) Vendome_BN27910 St. Maximin Trier_TREV404",3
"272",14,72,24,NA,90,32,57,NA,68,46,60,NA,"_BN4758",1
"273",14,72,24,NA,90,32,57,NA,68,52,40,38,"Ivrea_IVREA31",1
"274",14,72,24,NA,90,32,57,NA,68,79,38,NA,"Lodi_BN1030",1
"275",14,72,24,NA,90,32,57,NA,68,79,40,NA,"Asti_MAZ525",1
"276",14,72,24,NA,90,32,57,NA,68,NA,NA,NA,"Cormery_ROUEN133 St. Vedast_ARRAS783",2
"277",14,72,24,NA,90,32,57,NA,83,28,46,NA,"La Grasse_GRASS1513",1
"278",14,72,24,NA,90,32,57,NA,NA,NA,NA,NA,"Jumieges_ROUEN226 Amiens(OSB)_CASS555",2
"279",14,72,24,NA,90,32,68,46,57,81,40,NA,"St. John's of Monza_MONZA12",1
"280",14,72,24,NA,90,32,68,NA,46,28,82,NA,"Aniane_MTP118",1
"281",14,72,24,NA,90,32,68,NA,46,NA,NA,NA,"Aniane_MTP119",1
"282",14,72,24,NA,90,32,68,NA,57,51,40,NA,"Bobbio_VAT5768",1
"283",14,72,24,NA,90,57,68,NA,28,40,82,NA,"St. Feliu_GERONA45",1
"284",14,72,24,NA,90,79,68,NA,83,32,38,NA,"_GAPS(2)",1
"285",14,72,24,NA,90,NA,NA,NA,68,28,46,NA,"Silos_BN2193",1
"286",14,72,24,NA,NA,57,40,28,68,82,38,NA,"St. Malo_BN2861",1
"287",14,72,24,NA,NA,NA,NA,NA,NA,NA,NA,NA,"_BL24683C Brussels_BRU10772C Autun_ARS634C St. Brieuc_BN14396 Tournai_S.1945-2 Ferrara_GEN98C",6
"288",14,72,28,NA,24,57,32,NA,68,40,38,NA,"Macon_BASLE43",1
"289",14,72,28,NA,46,32,57,NA,68,1,40,NA,"_LISB2",1
"290",14,72,32,58,68,57,NA,NA,NA,NA,NA,NA,"Angers_MCR25",1
"291",14,72,32,90,57,24,28,NA,68,40,46,7,"Prüm_LEIPZ93",1
"292",14,72,32,NA,24,57,12,68,76,40,38,NA,"Chartres_BN1752",1
"293",14,72,32,NA,24,57,12,NA,76,40,38,NA,"Chartres_VAT4756",1
"294",14,72,32,NA,24,57,28,NA,68,82,38,NA,"Treguier_LYO577",1
"295",14,72,32,NA,24,57,64,NA,28,40,38,NA,"Jerusalem_LUCCA5",1
"296",14,72,32,NA,24,57,64,NA,46,68,40,NA,"St. Fabian of Fibbia_VOL5403",1
"297",14,72,32,NA,24,57,68,12,76,40,38,NA,"Chartres_M.C.21532",1
"298",14,72,32,NA,24,57,68,NA,28,46,38,NA,"Chartres_BN1754",1
"299",14,72,32,NA,24,57,68,NA,76,36,38,NA,"St. Jean-en-Vallee_BN17300",1
"300",14,72,32,NA,24,57,68,NA,76,40,38,NA,"St. Jean-en-Vallee_BN1794 Chartres_ARS649 _BN3835",3
"301",14,72,32,NA,24,57,68,NA,82,28,38,NA,"St. Paul Verdun_LAON226",1
"302",14,72,32,NA,24,57,68,NA,82,40,38,NA,"_S.1933-3 St. Memmie-de-Chalons_CHALD5D Hamburg_MIL1869B",3
"303",14,72,32,NA,24,57,68,NA,90,40,38,NA,"Angers_BN1376",1
"304",14,72,32,NA,24,68,40,NA,83,82,38,NA,"Mont-Saint-Quentin_ARS120",1
"305",14,72,32,NA,36,68,46,NA,51,24,83,38,"Porquerolles_ARS132",1
"306",14,72,32,NA,36,68,46,NA,51,40,38,NA,"_COLLJ-B2",1
"307",14,72,32,NA,57,24,28,NA,68,40,46,NA,"Prüm_TRV597",1
"308",14,72,32,NA,57,24,68,NA,28,40,38,NA,"St. Magloire-de-Lehon_MAZ346",1
"309",14,72,32,NA,57,24,68,NA,28,46,38,NA,"Soissons_WAG38",1
"310",14,72,32,NA,57,24,68,NA,28,46,40,38,"Soissons_BN1259",1
"311",14,72,32,NA,57,24,68,NA,46,28,38,NA,"_LYO5146",1
"312",14,72,32,NA,57,28,68,NA,24,46,38,NA,"Soissons_ARS102D",1
"313",14,72,32,NA,57,68,46,NA,79,83,38,NA,"Erfurt_BL8192",1
"314",14,72,32,NA,57,68,57,NA,40,NA,38,NA,"_S.1939-4",1
"315",14,72,32,NA,57,68,58,NA,46,40,38,NA,"Senlis_BN1031",1
"316",14,72,32,NA,57,68,58,NA,46,82,38,NA,"Senlis_GEN124",1
"317",14,72,32,NA,57,68,58,NA,46,82,40,38,"Senlis_GEN1261",1
"318",14,72,32,NA,57,68,82,NA,36,46,40,38,"Eberhardsklausen_TREV439B",1
"319",14,72,32,NA,57,68,82,NA,36,46,40,NA,"Mainz_VAT4763",1
"320",14,72,32,NA,68,24,46,NA,28,57,38,NA,"Sens_BN1210",1
"321",14,72,32,NA,68,24,46,NA,84,40,38,NA,"Sens_AUX60(1)",1
"322",14,72,32,NA,68,24,46,NA,NA,NA,NA,NA,"Sens_SENS29",1
"323",14,72,32,NA,68,57,36,NA,64,1,38,NA,"_CAM6",1
"324",14,72,32,NA,68,57,46,NA,28,40,38,NA,"St. James of Melun_BN1206",1
"325",14,72,32,NA,68,57,46,NA,82,40,38,NA,"St. Quiriace of Provins_PROV229",1
"326",14,72,32,NA,68,57,79,NA,1,40,38,NA,"Belley_BN27754",1
"327",14,72,32,NA,68,57,79,NA,83,40,38,NA,"Gap_BN1605",1
"328",14,72,32,NA,68,57,82,NA,79,83,38,NA,"Viviers_BN659",1
"329",14,72,32,NA,68,57,82,NA,90,40,38,NA,"Angers_MIL46",1
"330",14,72,32,NA,68,79,83,NA,57,40,38,NA,"Frejus_BN1261",1
"331",14,72,32,NA,82,93,58,NA,13,40,38,NA,"Essommes_AMIENS-62",1
"332",14,72,32,NA,NA,NA,NA,NA,NA,NA,NA,NA,"Sens_BN1535C Tournai_S.1942",2
"333",14,72,36,NA,90,32,67,NA,68,28,38,NA,"Hasnon_VERD113",1
"334",14,72,36,NA,90,32,67,NA,68,46,38,NA,"St. Pierre-aux-Monts_CHAL16",1
"335",14,72,38,NA,32,68,57,NA,40,58,13,NA,"St. Ghislain_BRU10770",1
"336",14,72,38,NA,NA,NA,NA,NA,NA,NA,NA,NA,"Besancon_BL2947C Roman_SERCYSN2C Tournai_S.1938-9 Poitiers_BRU10531C Brussels_BRU2895C Avranches_ROUEN328C Cambrai_BRU10532C Dijon_S.1937-6 Langres_BN1186C Paris_LYO5150C Rouen_BN10546C Therouanne_BN1424C _CPHT546C Orleans_FRFT121C Troyes_ARS651C",15
"337",14,72,40,NA,32,57,46,NA,68,82,38,NA,"Beaulieu-les-Loches_B1086",1
"338",14,72,46,NA,24,32,79,NA,68,82,18,38,"St. Severin Cologne_DARM914",1
"339",14,72,46,NA,24,32,79,NA,68,82,18,NA,"St. Severin Cologne_DARM938",1
"340",14,72,46,NA,32,57,40,NA,68,28,38,NA,"Cistercian_ROME1720 St. Bertin_GEN1273 _MUN23083 Williamites_CAMBR1284 Heiligenkreuz_HEIL65",5
"341",14,72,46,NA,32,57,40,NA,68,28,NA,NA,"Cistercian_BERL269",1
"342",14,72,46,NA,32,57,40,NA,68,46,38,NA,"Dominican_COLM384",1
"343",14,72,46,NA,90,32,57,NA,68,40,38,NA,"_GEN2628",1
"344",14,72,47,NA,57,24,1,NA,28,27,38,NA,"Littlemore_BL2844",1
"345",14,72,51,NA,32,57,38,NA,36,68,12,NA,"Carthusian (Beaune)_BN27998",1
"346",14,72,51,NA,32,57,38,NA,36,68,46,12,"Carthusian (Beaune)_EBAMS8",1
"347",14,72,51,NA,90,32,57,NA,68,79,46,NA,"St. Oyan_BN3042",1
"348",14,72,52,NA,46,57,18,NA,79,82,38,NA,"Metz_METZ1546D",1
"349",14,72,56,NA,24,32,57,NA,68,28,40,NA,"Vallumbrosan_MAZ23834",1
"350",14,72,56,NA,24,32,57,NA,68,28,46,NA,"Vallumbrosan_BL40150",1
"351",14,72,56,NA,24,32,57,NA,68,40,79,NA,"Sta Maria in Trastevere_MCR74 Humiliati_MIL267",2
"352",14,72,56,NA,32,24,57,NA,68,40,79,NA,"Plasencia_S.1932-19",1
"353",14,72,56,NA,46,32,NA,NA,68,28,40,38,"_FULD126",1
"354",14,72,56,NA,90,24,32,NA,57,68,40,NA,"Como_OXF1",1
"355",14,72,57,NA,32,24,28,NA,68,82,38,NA,"_S.LYO(2)",1
"356",14,72,58,NA,25,13,46,NA,68,18,38,NA,"St. Bavon_CHARTR240",1
"357",14,72,58,NA,25,13,46,NA,68,82,38,NA,"_VAT206",1
"358",14,72,58,NA,32,57,18,NA,68,46,38,NA,"_AVIGN121",1
"359",14,72,58,NA,32,57,29,NA,83,46,38,NA,"St. Maurice-en-Valais_VAT69",1
"360",14,72,58,NA,32,57,68,NA,82,28,40,NA,"Siegburg_NANCY12",1
"361",14,72,58,NA,32,57,93,NA,68,18,38,NA,"_OXFUC12",1
"362",14,72,58,NA,90,32,68,NA,57,18,38,NA,"Mechlin_ROUEN232",1
"363",14,72,68,NA,24,32,83,NA,13,58,38,NA,"Soignies_BRU5501",1
"364",14,72,68,NA,32,38,21,NA,79,83,1,NA,"Cavaillon_AVIGN494",1
"365",14,72,68,NA,32,38,79,NA,67,40,64,NA,"Aurillac_ALBI20",1
"366",14,72,68,NA,32,46,79,NA,67,40,38,NA,"S. Lorenzo Oulx_GREN8790 Susa_GREN767",2
"367",14,72,68,NA,32,57,28,NA,46,28,38,NA,"Evreux_FRFT119",1
"368",14,72,68,NA,32,57,28,NA,46,82,38,NA,"Evreux_EVREUX95D",1
"369",14,72,68,NA,32,57,83,NA,79,40,38,NA,"Apt_OXF7",1
"370",14,72,68,NA,32,58,82,NA,44,79,18,NA,"Deventer_HAAG25B",1
"371",14,72,68,NA,32,79,83,NA,38,40,1,NA,"Aix-en-Provence_BN1061",1
"372",14,72,68,NA,32,NA,NA,NA,NA,NA,NA,NA,"Evreux_BN27834",1
"373",14,72,68,NA,57,32,46,NA,24,28,40,38,"Poitiers_BORD96",1
"374",14,72,68,NA,57,32,46,NA,24,51,38,NA,"Poitiers_INN281",1
"375",14,72,68,NA,57,32,46,NA,24,51,40,NA,"Poitiers_S.1954-2",1
"376",14,72,68,NA,57,32,46,NA,28,51,40,NA,"Poitiers_BN27801",1
"377",14,72,68,NA,90,32,57,NA,79,83,38,NA,"Sisteron_BN6328",1
"378",14,72,68,NA,NA,NA,NA,NA,NA,82,38,NA,"Evreux_BN19943",1
"379",14,72,68,NA,NA,NA,NA,NA,NA,NA,NA,NA,"Evreux_ROUEN216",1
"380",14,72,79,44,24,32,46,47,68,82,18,38,"Cologne_BL27913",1
"381",14,72,79,NA,24,32,18,NA,68,1,38,NA,"_VAT535",1
"382",14,72,79,NA,24,32,46,NA,68,82,18,38,"Cologne_CLG244 St. Andrews Cologne_DARM855",2
"383",14,72,79,NA,24,32,46,NA,68,82,18,NA,"St. Andrews Cologne_DARM3714",1
"384",14,72,79,NA,24,32,46,NA,68,82,38,NA,"Cologne_BL31913",1
"385",14,72,79,NA,46,32,1,NA,68,28,38,NA,"Pamplona_BN4947",1
"386",14,72,82,NA,1,28,93,NA,53,68,38,NA,"Troyes_TROY1188",1
"387",14,72,82,NA,1,28,93,NA,68,40,38,NA,"St. Etienne-de-Troyes_TROY980",1
"388",14,72,82,NA,24,28,32,NA,68,57,38,NA,"Passau_S.1932-18",1
"389",14,72,82,NA,24,32,1,NA,40,68,38,NA,"Tours_BN1202",1
"390",14,72,82,NA,24,32,1,NA,57,68,38,NA,"Tours_TOURS145",1
"391",14,72,82,NA,24,32,21,NA,68,79,93,NA,"Vich_GEN1299",1
"392",14,72,82,NA,24,32,21,NA,79,83,38,NA,"Vich_BN903",1
"393",14,72,82,NA,24,32,40,NA,68,40,38,NA,"Le Mans_BN9475",1
"394",14,72,82,NA,24,32,57,NA,28,68,40,38,"Sigüenza_MADR1425",1
"395",14,72,82,NA,24,32,57,NA,28,68,40,NA,"St. Sernin_NIMES8 Auch_GEN842",2
"396",14,72,82,NA,24,32,57,NA,68,28,38,NA,"Le Mans_NYPML17",1
"397",14,72,82,NA,24,32,57,NA,68,28,40,NA,"Dax_TOUL76 Bazas_BORD3861",2
"398",14,72,82,NA,24,32,57,NA,68,40,38,NA,"Le Mans_POIT53 Beaulieu-les-le-Mans_GEN1252 Vaas_GEN2639",3
"399",14,72,82,NA,24,32,57,NA,68,46,38,NA,"Segovia_MADR6491",1
"400",14,72,82,NA,24,32,57,NA,68,46,40,NA,"Agen_AGENSN",1
"401",14,72,82,NA,24,32,57,NA,68,56,40,NA,"Nimes_ALBI15",1
"402",14,72,82,NA,24,32,57,NA,68,79,38,NA,"St. Paulinus Trier_STUTT144 Pfalzel_TREV387 Trier_METZ527",3
"403",14,72,82,NA,24,32,57,NA,68,83,40,NA,"Roskilde_CPHN45B",1
"404",14,72,82,NA,24,56,57,NA,32,68,40,NA,"Couserans_ST.OM250",1
"405",14,72,82,NA,28,24,56,NA,57,68,1,NA,"St. Roma_MONTS72",1
"406",14,72,82,NA,32,24,28,NA,68,57,38,NA,"Passau_VIE43B",1
"407",14,72,82,NA,32,24,57,NA,68,40,38,NA,"Beaulieu-les-le-Mans_GEN2627D",1
"408",14,72,82,NA,32,24,57,NA,68,56,38,40,"Toulouse_TOUL74",1
"409",14,72,82,NA,32,24,57,NA,68,56,40,38,"Toulouse_TOUL72",1
"410",14,72,82,NA,32,57,38,NA,68,28,40,NA,"Oloron_BN1279 Valencia_ARS105 Saragossa_MADRSN Tudela_MADR371 Huesca_MADR3754 Hospitaller Sisters_MADR5097",6
"411",14,72,82,NA,32,57,40,NA,68,18,38,NA,"Odense_CPH29B Schleswig_VATPROP",2
"412",14,72,82,NA,32,57,40,NA,68,46,38,NA,"Toledo_TOL7 _MADR8694 Burgos_BN261 Seville_BN13234 Zamora_MADR25990 Plasencia_BN1589 Jaen_GEN84 Salamanca_MADR2658 Oviedo_MADRBAH2 Cuenca_CUENCA60",10
"413",14,72,82,NA,32,57,68,NA,40,38,83,38,"Aosta_AOSTA46",1
"414",14,72,82,NA,32,57,68,NA,40,38,83,NA,"Aosta_AOSTA44",1
"415",14,72,82,NA,32,57,83,NA,68,40,38,NA,"Burgos_BURG37",1
"416",14,72,82,NA,32,68,21,NA,51,79,38,NA,"Narbonne_LISB11",1
"417",14,72,82,NA,32,68,21,NA,79,83,38,NA,"Solsona_MADRBAH1",1
"418",14,72,82,NA,32,68,21,NA,83,79,38,NA,"Narbonne_ARS2160D",1
"419",14,72,82,NA,32,68,57,NA,51,79,38,NA,"Narbonne_ARS2160",1
"420",14,72,82,NA,32,68,57,NA,56,76,1,NA,"Beziers_BN1059",1
"421",14,72,82,NA,32,68,57,NA,79,83,38,NA,"St. Paul-Trois-Chateaux_S-CL14",1
"422",14,72,82,NA,32,68,83,NA,15,1,38,NA,"Elne_BN839D",1
"423",14,72,82,NA,32,68,83,NA,36,46,38,NA,"Elne_BN838",1
"424",14,72,82,NA,36,46,68,NA,57,32,38,NA,"Bourges_CPHG1610",1
"425",14,72,82,NA,68,11,21,79,83,38,1,NA,"Gerona_BN1309",1
"426",14,72,82,NA,NA,NA,57,NA,68,40,38,NA,"Le Mans_MANS212",1
"427",14,72,83,NA,24,32,18,10,68,28,38,NA,"Münster_MUNST(1)B",1
"428",14,72,83,NA,24,32,18,NA,68,28,38,NA,"Münster_GRGT(1)B",1
"429",14,72,83,NA,32,51,13,NA,68,28,38,NA,"Aquileia_BL19878",1
"430",14,72,83,NA,32,51,57,NA,58,13,38,NA,"Nivelles_BRU2810B",1
"431",14,72,90,56,24,32,57,NA,68,28,79,40,"Pavia_MIL512",1
"432",14,72,90,NA,3,60,71,NA,36,57,38,NA,"Old Roman_VAT11",1
"433",14,72,90,NA,24,32,57,NA,28,68,40,NA,"_LUCCA4",1
"434",14,72,90,NA,24,32,57,NA,68,28,40,NA,"Pavia_FLO122",1
"435",14,72,90,NA,24,32,57,NA,68,40,67,NA,"Reggio Emilia_VAT550",1
"436",14,72,90,NA,24,32,57,NA,68,40,79,NA,"Reggio Emilia_MIL27",1
"437",14,72,90,NA,24,32,57,NA,68,40,NA,NA,"Reggio Emilia_VAT7018",1
"438",14,72,90,NA,24,32,57,NA,68,83,38,NA,"Halberstadt_S.1933-4",1
"439",14,72,90,NA,32,24,57,NA,68,28,40,NA,"Florence_FLOSN(B)",1
"440",14,72,90,NA,32,24,57,NA,68,40,79,38,"Piacenza_PIAC65",1
"441",14,72,90,NA,32,24,57,NA,68,40,79,NA,"Piacenza_PIAC54A",1
"442",14,72,90,NA,32,57,68,NA,80,91,40,NA,"Remiremont_EPIN133",1
"443",14,72,90,NA,32,68,83,NA,79,40,38,NA,"Marseilles_BN1018 Malta_MALTA",2
"444",14,72,90,NA,36,57,71,NA,3,35,NA,NA,"Old Roman_BL29988",1
"445",14,72,91,NA,16,57,80,NA,30,23,38,NA,"Our Lady of Soisson_ARS2482",1
"446",14,72,NA,NA,32,57,40,NA,68,28,38,NA,"_LUCCA600",1
"447",14,72,NA,NA,NA,32,57,NA,28,71,40,NA,"Carthusian (Montefusco)_NAPOLISN",1
"448",14,72,NA,NA,NA,NA,40,NA,NA,NA,NA,NA,"Maguelonne_MTP110",1
"449",14,72,NA,NA,NA,NA,NA,NA,NA,NA,NA,NA,"Bourges_BN1255",1
"450",14,NA,NA,NA,32,24,57,NA,68,NA,72,90,"_VAT134",1
"451",14,NA,NA,NA,32,57,28,NA,68,82,38,NA,"_TREV475",1
"452",14,NA,NA,NA,46,32,57,NA,68,28,38,NA,"Roman_LISB165",1
"453",25,13,18,NA,58,83,93,NA,82,40,38,NA,"St. Jean de Chalons_METZ468A Chalons-sur-Marne_BN802D",2
"454",25,13,38,NA,NA,NA,NA,NA,NA,NA,NA,NA,"Chalons-sur-Marne_ARS2158C",1
"455",25,13,44,NA,93,83,58,NA,76,18,38,NA,"Utrecht_UTR421",1
"456",25,13,47,NA,93,83,18,NA,58,79,38,NA,"Hastieres_MUN13067A",1
"457",25,14,72,NA,13,32,93,NA,82,58,68,NA,"Aix-la-Chapelle_AACHEN20",1
"458",25,29,83,47,93,89,58,18,76,82,65,38,"St. Ghislain_BRU8223D",1
"459",25,44,47,NA,13,93,83,NA,40,79,18,38,"Utrecht_UTR418 The Hague_HAAG73A",2
"460",25,44,47,NA,13,93,83,NA,40,79,18,NA,"Windesheim_GRGT(2)A Utrecht_CPHC761 Corssendonck_MAZ370 Weidenbach Cologne_DARM848A",4
"461",25,44,83,NA,1,47,76,NA,10,18,38,NA,"Cologne_AVIGN208A",1
"462",25,72,18,NA,13,58,83,NA,93,82,38,NA,"Verdun_BL2871",1
"463",25,72,24,NA,57,32,40,NA,68,18,38,NA,"_WAG215",1
"464",25,72,38,NA,13,40,83,NA,93,58,18,NA,"Brussels_BRU10528",1
"465",25,72,38,NA,13,82,83,NA,93,58,18,NA,"_S.LON(7)",1
"466",25,72,38,NA,13,93,83,NA,82,58,18,NA,"Liege_S.1925 Louvain_S.1973",2
"467",25,72,38,NA,13,93,83,NA,NA,NA,NA,NA,"Liege_BN13235",1
"468",25,72,38,NA,32,57,13,NA,68,58,18,38,"Antwerp_EVREUX118",1
"469",25,72,38,NA,32,57,13,NA,68,58,18,NA,"Antwerp_BRU647",1
"470",25,72,38,NA,NA,NA,NA,NA,NA,NA,NA,NA,"Liege_BRU4917C",1
"471",25,72,82,NA,13,93,83,NA,44,79,47,NA,"Deventer_HAAG25A",1
"472",25,83,13,NA,58,29,93,NA,82,72,38,NA,"_BL30029",1
"473",25,83,79,NA,44,47,58,NA,NA,NA,38,87,"_AMSTD50",1
"474",28,46,38,NA,NA,NA,NA,NA,NA,NA,NA,NA,"Mont-Saint-Quentin_FEC204C",1
"475",32,58,38,NA,NA,NA,NA,NA,NA,NA,NA,NA,"Windesheim_MAZ385C",1
"476",36,25,83,NA,46,58,18,NA,13,93,38,NA,"St. Vanne_VERD129A",1
"477",44,47,1,NA,58,79,18,NA,83,76,38,NA,"Neustift?_NEU405",1
"478",44,47,58,NA,76,83,79,NA,1,18,38,NA,"Magdeburg_PRAG9E Hildesheim_BERL218 Brandenburg_BERL303D Werden_BERL380A Odense_UPS447 Havelberg_S.1932-5 Hamburg_BL1420 Halle_MIL1335A Halberstadt_S.1932-3",9
"479",44,47,58,NA,76,NA,NA,NA,1,18,38,NA,"Hildesheim_BN3102",1
"480",44,76,1,NA,NA,NA,NA,NA,NA,NA,NA,NA,"_LENIN47",1
"481",44,83,47,NA,79,76,10,NA,18,27,58,NA,"Constance_COLM27A",1
"482",46,28,36,NA,24,89,57,NA,14,32,38,NA,"St. Quentin_BN2859",1
"483",46,28,36,NA,NA,NA,NA,NA,14,32,38,NA,"St. Quentin_BN1267",1
"484",58,1,83,NA,44,47,76,NA,79,18,38,NA,"St. Lambrecht_BL18306A",1
"485",68,44,84,NA,1,18,83,NA,79,76,38,NA,"_STUTT25",1
"486",68,44,84,NA,NA,NA,NA,NA,NA,NA,NA,NA,"_VAT90C",1
"487",70,44,1,NA,89,4,47,NA,31,27,93,18,"Florence_FLOSN(A)",1
"488",70,44,10,NA,1,18,58,NA,27,83,38,NA,"St. George Prague_PRAG3",1
"489",70,44,10,NA,27,47,76,NA,83,18,43,NA,"Gran_BN8879A Hermits of St. Paul_MIL1856",2
"490",70,44,11,1,79,27,83,76,47,18,58,38,"Zwiefalten_KRL60A",1
"491",70,44,11,NA,1,79,27,NA,83,76,47,NA,"Einsiedeln_ZUR8",1
"492",70,44,11,NA,1,79,27,NA,83,76,58,NA,"Zwiefalten_STUTT13A",1
"493",70,44,11,NA,47,79,76,NA,27,1,38,18,"Weingarten_STUTT55",1
"494",70,44,11,NA,47,79,76,NA,27,1,38,NA,"Weingarten_STUTT89A",1
"495",70,44,43,NA,47,76,27,NA,83,18,1,NA,"Agram_VAT16A",1
"496",70,44,47,NA,1,58,18,NA,76,79,83,NA,"Raitenbuch_MUN23288",1
"497",70,44,47,NA,1,58,79,NA,76,18,38,NA,"_POLTEN101",1
"498",70,44,47,NA,1,79,67,NA,83,18,38,NA,"Reichenhall_MUN16526",1
"499",70,44,47,NA,58,79,83,NA,58,76,38,NA,"Vienne_STUTT91",1
"500",70,44,47,NA,58,83,76,NA,1,18,38,NA,"Neustift?_NEU15063",1
"501",70,44,47,NA,79,1,58,NA,18,10,38,NA,"Diessen_MUN1018",1
"502",70,44,47,NA,79,83,1,NA,76,18,38,NA,"Passau_CLG14",1
"503",70,44,47,NA,79,83,58,NA,76,18,38,NA,"_UPS500S",1
"504",70,44,47,NA,79,83,76,NA,58,18,38,NA,"_UPS500A Ratisbon_VAT102",2
"505",70,44,76,NA,47,58,83,NA,1,18,38,NA,"_VAT33A",1
"506",70,44,76,NA,58,18,83,NA,1,47,38,NA,"Prague_PRAG9A",1
"507",70,44,79,NA,47,27,76,NA,1,83,18,NA,"Augsburg_VAT523A",1
"508",70,44,83,NA,76,79,1,NA,18,47,38,NA,"_UDINE232A",1
"509",70,44,83,NA,76,79,1,NA,47,18,38,NA,"Brixen_VAT7227A",1
"510",70,44,83,NA,79,76,1,NA,47,18,30,NA,"Brixen diocese_BRIXEN_MAI",1
"511",70,44,89,NA,1,47,18,NA,79,83,38,NA,"Freising (printed in 1516)_CPHV900A",1
"512",70,44,89,NA,27,79,76,NA,18,1,38,NA,"Merseburg_S.1932-6",1
"513",70,44,89,NA,27,83,76,NA,47,1,43,NA,"Alba Julia_GUS1-34A",1
"514",70,44,89,NA,47,1,27,NA,93,85,38,NA,"Eichstätt_VAT13A",1
"515",70,47,1,NA,27,44,18,NA,79,83,38,NA,"Moosburg_MOOS149B",1
"516",70,47,79,NA,76,83,1,NA,44,58,18,38,"_BN584",1
"517",70,47,83,NA,76,58,1,NA,18,10,38,NA,"Olmütz_BL1487A",1
"518",70,79,44,NA,47,83,1,NA,58,76,18,NA,"Klosterneuburg_KLNB1011A",1
"519",70,85,44,NA,76,47,83,NA,79,18,27,NA,"Leopold's Psalter_KLNB987A",1
"520",70,89,44,NA,93,27,1,NA,76,47,18,NA,"Minden_S.1932-A",1
"521",70,93,4,NA,58,79,83,NA,76,1,18,10,"Otto of Riedenburg's Pontifici_BN1231A",1
"522",72,11,1,NA,32,57,90,18,83,79,38,NA,"_BN10524",1
"523",72,14,1,NA,NA,NA,NA,NA,NA,NA,NA,NA,"Amiens_BORD94C",1
"524",72,14,24,NA,32,36,46,NA,68,40,38,NA,"Peronne_S.1945-1",1
"525",72,14,24,NA,56,36,32,NA,51,46,68,NA,"Tournus_BN13310D",1
"526",72,14,24,NA,57,68,24,NA,28,46,38,NA,"_LYO5152",1
"527",72,14,24,NA,82,32,68,NA,57,28,38,NA,"_MONBRC",1
"528",72,14,24,NA,90,32,57,NA,28,46,38,NA,"_MAZ478",1
"529",72,14,32,38,NA,NA,NA,NA,NA,NA,NA,NA,"Paris_FULD137C",1
"530",72,14,32,NA,57,24,68,NA,28,1,38,NA,"Worcester_WORC160",1
"531",72,14,32,NA,57,24,68,NA,28,46,38,40,"Meaux_BN1054",1
"532",72,14,32,NA,57,24,68,NA,28,46,38,NA,"Paris_GEN93 Ste Genevieve_BN14403 St. Quentin_GEN2619 Victorines_BN13225 Genlis_GEN2689 Meaux_BN1266 Quimper_ARS636 St. Pol-de-Leon_BN1385 Trinitarians_ARS2900",9
"533",72,14,32,NA,57,24,68,NA,28,46,40,38,"Paris_BN748D St. Pol-de-Leon_BN27815",2
"534",72,14,32,NA,57,24,68,NA,28,46,40,NA,"St. Denis_B1139",1
"535",72,14,32,NA,57,24,68,NA,28,46,NA,NA,"St. Pol-de-Leon_S.1935-1",1
"536",72,14,32,NA,57,24,68,NA,28,58,38,40,"Beauvais_BN1030",1
"537",72,14,32,NA,57,24,68,NA,28,58,38,NA,"Beauvais_GEN2680",1
"538",72,14,32,NA,57,24,68,NA,28,58,40,38,"Beauvais_GEN117",1
"539",72,14,32,NA,57,24,68,NA,28,76,38,NA,"Hildesheim_CPHV1427B",1
"540",72,14,32,NA,57,24,68,NA,28,76,40,NA,"Worcester_CAM391 St. Corneille-de-Compiegne_BN17994 Durham_BL804 St. Denis_BN1072",4
"541",72,14,32,NA,57,24,68,NA,28,90,40,NA,"Peterborough_CAM10",1
"542",72,14,32,NA,57,24,68,NA,82,58,38,NA,"Therouanne_BL36672",1
"543",72,14,32,NA,57,24,68,NA,NA,NA,NA,NA,"Clermont-Ferrand_CL-FD88",1
"544",72,14,32,NA,57,24,NA,NA,NA,NA,40,38,"Beauvais_BN773",1
"545",72,14,32,NA,57,68,24,NA,28,76,40,NA,"Durham_CAMJC6",1
"546",72,14,32,NA,57,68,46,NA,24,51,38,NA,"_S.1937-2",1
"547",72,14,32,NA,NA,24,68,NA,NA,82,38,NA,"Paris_BN10541",1
"548",72,14,32,NA,NA,NA,68,NA,28,46,38,NA,"Paris_LISB35",1
"549",72,14,32,NA,NA,NA,NA,NA,28,46,38,NA,"Meaux_BN27760",1
"550",72,14,32,NA,NA,NA,NA,NA,NA,NA,38,NA,"Paris_GEN2684",1
"551",72,14,32,NA,NA,NA,NA,NA,NA,NA,NA,NA,"Paris_BN1402C",1
"552",72,14,38,NA,28,32,68,NA,57,56,38,NA,"Arras_BN10547",1
"553",72,14,38,NA,28,32,68,NA,57,56,40,NA,"Arras_BN622",1
"554",72,14,38,NA,NA,NA,NA,NA,NA,NA,NA,NA,"Arras_BRU2935C Meaux_ARS835C Paris_AMPLF276C Therouanne_BN1194C Sens or Paris_VAT67C _UPS510C",6
"555",72,14,40,NA,32,8,12,NA,68,36,38,NA,"Auxerre_BN1029",1
"556",72,14,46,NA,57,32,24,NA,82,68,38,NA,"French_BN1175",1
"557",72,14,56,25,24,32,57,93,68,40,1,38,"Amiens_AMIENSSN",1
"558",72,14,56,NA,24,32,57,NA,68,40,1,38,"St. Fuscien_AMIENS111 St. Martin-aux-Jumeaux_AMIENS179 Amiens_DUP(1)",3
"559",72,14,56,NA,24,32,57,NA,68,40,1,NA,"Amiens_BN9432 St. Martin-aux-Jumeaux_AMIENS137 St. Acheul_AMIENS148",3
"560",72,14,56,NA,24,32,57,NA,68,40,37,NA,"St. Fuscien_AMIENS19",1
"561",72,14,56,NA,24,32,57,NA,68,40,38,NA,"Amiens_BN13221",1
"562",72,14,56,NA,NA,NA,NA,NA,NA,NA,NA,NA,"Amiens_NIMES7C",1
"563",72,14,68,NA,36,46,79,NA,32,40,12,NA,"St. Rufus_S.1933-2",1
"564",72,14,82,NA,32,8,12,NA,53,68,38,NA,"_S.1936-1",1
"565",72,21,38,NA,NA,NA,NA,NA,NA,NA,NA,NA,"Barcelona_BN2739C",1
"566",72,32,40,NA,68,89,79,NA,83,12,38,NA,"St. Martin's at Tours_BN2871D",1
"567",72,79,8,NA,32,68,12,5,57,46,38,NA,"Nevers_BN27749",1
"568",72,82,1,NA,56,28,93,NA,53,51,38,NA,"St. Jean de Chalons_ARS595B",1
"569",72,82,1,NA,56,28,93,NA,53,51,68,NA,"St. Jean de Chalons_METZ468B",1
"570",72,82,1,NA,56,28,NA,NA,NA,NA,NA,NA,"St. Jean de Chalons_BN1069B",1
"571",72,82,14,NA,1,24,56,NA,36,93,28,NA,"_ALBI44",1
"572",72,82,14,NA,1,24,56,NA,68,32,38,NA,"Brioude_BN1287",1
"573",72,82,14,NA,1,24,56,NA,79,32,38,NA,"Clermont-Ferrand_GEN1262",1
"574",72,82,14,NA,24,56,40,NA,32,68,38,NA,"Mende_ALBI2",1
"575",72,82,14,NA,24,56,40,NA,32,68,79,38,"Mende_CARP75",1
"576",72,82,14,NA,68,1,79,NA,32,36,38,NA,"St. Barnard-de-Romans_BN323",1
"577",72,82,21,NA,1,83,92,NA,79,36,38,NA,"Mallorca_MADR6682",1
"578",72,82,38,NA,NA,NA,NA,NA,NA,NA,NA,NA,"Clermont-Ferrand_NIMES6C _HAAG72C",2
"579",73,79,76,NA,83,13,44,NA,18,58,38,NA,"Arras_MAZ23797S",1
"580",76,83,79,93,44,47,27,70,85,18,4,38,"St. Georg Prüfening_VIE1826A",1
"581",79,1,10,NA,44,58,47,NA,76,27,18,38,"St. Peter's Salzburg_VIE2700",1
"582",79,1,18,NA,47,58,83,NA,10,76,38,NA,"Murbach_COLM229A Petersberg_VAT81 St. Amand_VAL142 Bursfeld_BERL14 Cismar_CPHG3454 Ghistelles_BNSN(2) St. Martin Trier_BN1311 St. Matthias Trier_TREV383 St. Irminen Trier_TREV466 Lobbes_BRU3828 German Observance_PAR1518",11
"583",79,10,58,NA,44,47,1,NA,27,18,38,NA,"_SALZB23",1
"584",79,27,76,NA,44,47,58,NA,1,18,38,NA,"Mondsee_VIE1936A Aquileia_UDINE72A",2
"585",79,44,10,NA,47,58,1,NA,76,18,38,NA,"Erfurt_BL8192D St. Severus Erfurt_BN4954A",2
"586",79,44,47,NA,1,58,83,NA,18,76,38,NA,"Passau_PAS1496A Salzburg_GEN828A",2
"587",79,44,47,NA,1,58,83,NA,18,76,40,38,"Chiemsee_BL3366",1
"588",79,44,47,NA,10,83,1,NA,76,18,38,NA,"Blaubeuren_STUTT77",1
"589",79,44,47,NA,83,76,1,NA,10,18,38,NA,"_BL15482 Neustift?_NEU654",2
"590",79,44,47,NA,83,76,1,NA,58,18,38,NA,"Aquilaea Süddeutsch_AQUIC6",1
"591",79,44,58,NA,76,47,1,NA,83,18,38,NA,"Naumburg_S.1932-15",1
"592",79,44,58,NA,76,47,83,NA,1,10,18,NA,"_FULD71",1
"593",79,44,76,NA,27,47,1,NA,58,18,38,NA,"St. Emmeram_MUN14771K",1
"594",79,44,76,NA,47,27,1,NA,58,18,38,NA,"Heidenheim_BN10531",1
"595",79,44,83,NA,47,1,18,NA,58,10,38,NA,"Münster_CPHV906A",1
"596",79,58,47,NA,83,76,40,NA,18,38,1,NA,"St. Emillion_BORD902",1
"597",79,58,47,NA,83,76,44,NA,10,18,38,NA,"_UTR425A",1
"598",79,58,76,NA,47,1,83,NA,10,18,38,NA,"St. Simeon Trier_BRU3068",1
"599",79,58,76,NA,47,1,83,NA,10,18,40,NA,"St. Simeon Trier_TREV427A",1
"600",79,58,83,NA,76,27,44,NA,1,93,47,18,"Niederaltaich_MUN14741A",1
"601",79,76,47,NA,1,44,52,NA,83,58,38,NA,"St. Arnulf_METZ45A",1
"602",79,82,1,NA,83,47,58,NA,76,18,38,NA,"_WAG23",1
"603",79,82,47,NA,76,1,58,NA,18,83,38,NA,"Meissen_BL16A",1
"604",79,82,83,NA,1,58,47,NA,10,18,38,38,"_UPS488",1
"605",79,82,83,NA,1,58,47,NA,10,18,38,NA,"_UPS438",1
"606",79,82,83,NA,1,58,47,NA,76,18,10,NA,"Speyer_MAZ23823A",1
"607",79,82,83,NA,1,58,47,NA,76,18,38,NA,"Hildesheim_CPHV1427A",1
"608",79,82,83,NA,27,47,1,NA,58,76,18,38,"Bamberg_BAMB22",1
"609",79,82,83,NA,27,47,1,NA,58,76,18,NA,"Bamberg_PAUL26A Eichstätt_VAT13D",2
"610",79,82,83,NA,58,47,1,NA,76,18,38,NA,"Maria Garten_WOLF309A",1
"611",79,83,40,NA,85,58,76,NA,47,18,10,NA,"Würzburg_WURZB71A",1
"612",79,83,44,NA,47,58,76,NA,1,18,38,NA,"_EDINB48",1
"613",79,83,44,NA,47,76,18,NA,1,58,40,NA,"Arhus_CPH25",1
"614",79,83,44,NA,58,1,47,NA,10,18,38,NA,"Münster_MUNST(2)",1
"615",79,83,47,NA,44,76,27,NA,18,1,58,93,"St. Felicity Münsterschwarzach_OXF297A",1
"616",79,83,58,NA,76,47,18,NA,1,10,38,NA,"Teutonic Order_FULD122A _TREV359",2
"617",79,83,76,NA,27,1,47,NA,58,18,38,NA,"Seebach_CON1A",1
"618",79,83,76,NA,44,47,18,NA,10,58,38,NA,"Lambach (OSB)_KREMS239",1
"619",79,83,76,NA,85,1,18,NA,10,44,38,NA,"Therouanne_BL36672D",1
"620",82,11,11,NA,94,36,67,NA,84,95,3,NA,"Otto of Riedenburg's Pontifici_BN1231S2",1
"621",82,72,1,NA,14,36,56,NA,32,68,79,40,"Vienne_GEN781",1
"622",82,72,1,NA,14,36,56,NA,32,68,79,NA,"Vienne_S.1933-1",1
"623",82,83,58,NA,1,44,47,NA,79,18,38,NA,"Lund_GEN1293D",1
"624",82,93,83,NA,NA,NA,NA,NA,NA,NA,NA,NA,"_BL863",1
"625",83,14,32,NA,NA,NA,NA,NA,NA,NA,NA,NA,"_BN1394C",1
"626",83,25,13,58,93,52,18,65,29,44,47,38,"St. Vedast_CAMBR75D",1
"627",83,25,13,NA,29,93,58,NA,68,82,38,NA,"Carthusian (St. Omer)_BN3104",1
"628",83,25,13,NA,58,29,93,NA,72,82,38,NA,"Notre-Dame-du-Bon-Conseil_BEAUNE39 Watten_UTR91 St. Donatian of Bruges_BL1018A",3
"629",83,25,13,NA,58,29,93,NA,82,18,38,NA,"Tournai_CAMBR104D",1
"630",83,25,13,NA,58,29,93,NA,82,40,38,NA,"Mont-Saint-Eloi_BRU460",1
"631",83,25,13,NA,58,29,93,NA,82,72,38,NA,"Lille_DOUAI173 Margr. Skulesdatter_BERL78 _CPHT542 Phalempin_BN13312 Henin-Lietard_BN1326",5
"632",83,25,13,NA,58,93,29,NA,40,82,38,NA,"Nidaros_AM679 Skalholt_AM241",2
"633",83,25,13,NA,58,93,29,NA,72,82,38,NA,"Andres_ST.OM363 St. Omer_DARM4161",2
"634",83,25,13,NA,93,18,65,NA,29,44,38,NA,"St. Vedast_ARRAS230V",1
"635",83,25,38,NA,NA,NA,NA,NA,NA,NA,NA,NA,"_FRFT32C",1
"636",83,25,58,NA,93,18,65,NA,29,46,38,NA,"St. Vedast_ARRAS230M",1
"637",83,44,47,NA,1,58,79,NA,18,76,38,NA,"Bremen_CPHN31 Lübeck_CPHV3412",2
"638",83,57,79,NA,70,58,40,NA,44,47,18,NA,"Nivelles_BRU2810A",1
"639",83,82,58,NA,1,44,47,NA,79,18,38,NA,"Lund_LUND34D",1
"640",85,44,10,NA,47,1,76,NA,27,18,38,12,"St. Wandrille_OXF71A",1
"641",85,44,10,NA,47,1,76,NA,27,18,38,NA,"St. Wandrille_ROUEN225A",1
"642",85,44,10,NA,47,76,1,NA,27,18,12,NA,"St. Stephen's Caen_MTP314A",1
"643",85,44,10,NA,47,76,1,NA,27,18,38,NA,"Troarn_BN13242A",1
"644",85,44,10,NA,47,76,12,NA,1,27,38,NA,"St. Sauveur Evreux_EVREUX43",1
"645",85,44,47,NA,10,58,1,NA,79,18,38,NA,"Roskilde_CPHN45A",1
"646",85,44,47,NA,76,10,27,NA,83,18,38,NA,"Fulda_FULD136A",1
"647",85,58,70,NA,44,79,47,NA,18,10,38,NA,"St. Ulrich & Afra Augsburg_STUTT75",1
"648",85,58,70,NA,47,44,79,NA,1,18,38,NA,"St. Emmeram_BL10A",1
"649",85,70,58,NA,44,76,79,NA,1,18,38,NA,"_MUN26221",1
"650",85,76,83,NA,79,47,18,NA,44,10,1,NA,"Worms_BN1310A",1
"651",85,79,44,NA,47,10,76,NA,27,18,38,NA,"Fritzlar_KASS129",1
"652",85,79,76,NA,83,4,1,NA,47,27,38,NA,"Aquileia_GORZ(A)D",1
"653",85,79,76,NA,83,4,58,NA,47,27,38,NA,"Cividale_CIVD57",1
"654",85,83,44,NA,10,47,58,NA,1,79,18,NA,"Linköping_UPS461D",1
"655",85,83,44,NA,10,47,58,NA,1,79,38,NA,"Schleswig_VATPROPD",1
"656",85,83,44,NA,47,76,10,NA,1,27,18,NA,"Basle_PORRSN Eberhardsklausen_TREV439A Mainz_BN223A",3
"657",90,72,24,NA,32,57,28,NA,71,79,38,NA,"Montecassino_VAT211",1
"658",90,72,24,NA,46,32,57,NA,28,71,38,NA,"Sta Maria di Albaneta_CASS198",1
"659",90,72,24,NA,46,32,57,NA,28,71,40,NA,"Sta Sophia_VALL32",1
"660",90,79,8,NA,32,68,12,NA,57,46,38,NA,"Nevers_GEN998",1
"661",92,90,21,NA,14,32,79,NA,68,83,38,NA,"St. Cugat_BARCL73",1
"662",NA,44,76,NA,10,58,38,NA,83,18,12,NA,"St. Denis_BN17296",1
"663",NA,72,24,NA,32,57,40,NA,NA,NA,NA,NA,"Premonstratensian_DURH161",1
"664",NA,72,24,NA,32,57,68,NA,36,46,79,38,"Le Puy_ARS278",1
"665",NA,72,24,NA,57,32,40,NA,68,18,38,NA,"St. Ghislain_BRU10769",1
"666",NA,72,24,NA,NA,NA,NA,NA,68,28,40,NA,"Roman_SOL17",1
"667",NA,72,29,NA,13,93,83,NA,58,25,38,NA,"Winchester_CAM163",1
"668",NA,72,32,NA,57,24,68,NA,28,46,NA,NA,"Soissons_BN16306K",1
"669",NA,72,32,NA,68,57,82,NA,NA,NA,NA,NA,"Angers_BN23668",1
"670",NA,72,32,NA,NA,NA,NA,NA,NA,NA,NA,NA,"_BN4173",1
"671",NA,72,82,NA,1,28,93,NA,53,68,38,NA,"Troyes_TROY1149",1
"672",NA,72,NA,NA,NA,NA,NA,NA,NA,NA,38,NA,"Besancon_BN27948",1
"673",NA,NA,32,NA,57,24,68,NA,NA,NA,38,NA,"Meaux_ARS2977",1
"674",NA,NA,44,NA,10,47,58,NA,1,79,NA,NA,"Linköping_CPHRA",1
"675",NA,NA,72,NA,24,68,40,NA,89,46,38,NA,"Cambrai_CAMBR28",1
"676",NA,NA,NA,NA,32,57,28,NA,68,NA,NA,NA,"Sarum_BN27714",1
"677",NA,NA,NA,NA,32,57,28,NA,NA,NA,NA,NA,"Rennes_BN23686",1
"678",NA,NA,NA,NA,47,1,18,NA,58,10,38,NA,"Münster_GRGT(1)A",1
"679",NA,NA,NA,NA,57,24,68,NA,28,46,40,38,"Paris_BN15613",1
"680",NA,NA,NA,NA,57,24,68,NA,28,46,NA,NA,"Clermont-Ferrand_S.LON(14)",1
"681",NA,NA,NA,NA,NA,32,40,NA,68,18,NA,NA,"Premonstratensian_FALKNER4",1
"682",NA,NA,NA,NA,NA,49,83,NA,58,1,38,NA,"_OXF572",1
"683",NA,NA,NA,NA,NA,57,28,NA,68,82,38,NA,"Sarum_BL2856",1
"684",NA,NA,NA,NA,NA,57,68,NA,28,40,38,NA,"_MTMARIO",1
"685",NA,NA,NA,NA,NA,57,NA,NA,NA,NA,38,NA,"Toul_FALKNER3",1
"686",NA,NA,NA,NA,NA,NA,1,NA,58,76,18,NA,"Bamberg_BAMB25A",1
"687",NA,NA,NA,NA,NA,NA,10,NA,18,83,58,NA,"Montieramey_TROY721A",1
"688",NA,NA,NA,NA,NA,NA,37,NA,46,38,NA,NA,"Nantes_PAR1527",1
"689",NA,NA,NA,NA,NA,NA,79,NA,83,40,38,NA,"Gap_EBAMS5",1
"690",NA,NA,NA,NA,NA,NA,NA,NA,24,46,38,NA,"Soissons_BN2354D",1
"691",NA,NA,NA,NA,NA,NA,NA,NA,40,79,38,1,"St. Jean-de-Maurienne_BN1090",1
"692",NA,NA,NA,NA,NA,NA,NA,NA,68,28,46,NA,"St. Savin-en-Lavedan_TOUL70",1
"693",NA,NA,NA,NA,NA,NA,NA,NA,71,79,38,NA,"Montecassino_MAZ364",1
"694",NA,NA,NA,NA,NA,NA,NA,NA,79,83,38,NA,"Besancon_CHAL24",1
"695",NA,NA,NA,NA,NA,NA,NA,NA,NA,40,38,NA,"Senlis_BN6333",1
"696",NA,NA,NA,NA,NA,NA,NA,NA,NA,51,40,NA,"Lucon_S.LON(9)",1
"697",NA,NA,NA,NA,NA,NA,NA,NA,NA,NA,38,NA,"_MAZ384 Paris_BN10529",2
