"ID","Location","Set"
"BN2984","Ambrosian","2_6_36_75_84_67_63_66_81"
"BERNEA90","Seiler-Spital, Berne","14_24_46_1_18_83_32_68_38"
"ARS288","","14_25_13_32_93_58_72_68_38"
"BL1211","Renaix","14_25_13_93_58_1_83_82_38"
"CAMBR193","Cambrai","14_32_72_24_68_40_89_46_38"
"CAMBR235","St. Gery","14_32_72_24_68_40_89_46_38"
"CAMBR46","Cambrai","14_32_72_24_68_40_89_46_38"
"CAMBR37","Cambrai","14_32_72_24_68_40_89_46_38"
"CAMBR93","Cambrai","14_32_72_24_68_40_89_46_38"
"CAMBR35","Cambrai","14_32_72_24_68_40_89_46_38"
"CAMBR1233","Cambrai","14_32_72_24_68_40_89_46_38"
"ARS604","Cambrai","14_32_72_24_68_40_89_46_38"
"CAMBR33","Cambrai","14_32_72_24_68_40_89_46_38"
"CAMBR29","Cambrai","14_32_72_24_68_40_89_46_38"
"CAMBR106","Cambrai","14_32_72_24_68_40_89_46_38"
"CAMBR135","Cambrai","14_32_72_24_68_40_89_46_38"
"METZ582","Cambrai","14_32_72_24_68_40_89_46_38"
"CAMBR97","Cambrai","14_32_72_24_68_40_89_46_38"
"CAMBR55","Cambrai","14_32_72_24_68_40_89_46_38"
"CAMBR118","Cambrai","14_32_72_24_68_40_89_46_38"
"CAMBR1343","Cambrai","14_32_72_24_68_40_89_46_38"
"FRFT107","Cambrai","14_32_72_24_68_40_89_46_38"
"CAMBR105","St. Gery","14_32_72_24_68_40_89_46_38"
"CAMBR203","St. Gery","14_32_72_24_68_40_89_46_38"
"BRU2348","Cambrai","14_32_72_24_68_40_89_46_38"
"BN27727","Cambrai","14_32_72_24_68_40_89_46_38"
"GEN361","Cambrai","14_32_72_24_68_40_89_46_38"
"CAMBR6","Cambrai","14_32_72_24_68_40_89_46_38"
"CAMBR1014","Cambrai","14_32_72_24_68_40_89_46_38"
"BN1720","Cambrai","14_32_72_24_68_40_89_46_38"
"LYO70","Lyons","14_36_46_51_75_95_19_94_69"
"LYO1410","Lyons","14_36_46_51_75_95_19_94_69"
"MAZ817","Lyons","14_36_46_51_75_95_19_94_69"
"EBAI772","Lyons","14_36_46_51_75_95_19_94_69"
"ARS2964","Lyons","14_36_46_51_75_95_19_94_69"
"S.1937-1","Lyons","14_36_46_51_75_95_19_94_69"
"AVIGN127","Die","14_36_46_51_75_95_19_94_69"
"CHARL182","Carthusian","14_36_46_67_51_33_60_95_53"
"TREV434","Carthusian","14_36_46_67_51_33_60_95_53"
"DIJON617","Carthusian","14_36_46_67_51_33_60_95_53"
"MARS119","Carthusian","14_36_46_67_51_33_60_95_53"
"METZ474","Carthusian","14_36_46_67_51_33_60_95_53"
"METZ589","Carthusian","14_36_46_67_51_33_60_95_53"
"ST.OM427","Carthusian","14_36_46_67_51_33_60_95_53"
"VAT10296","Carthusian","14_36_46_67_51_33_60_95_53"
"CPHC768","Carthusian","14_36_46_67_51_33_60_95_53"
"BERL74","Carthusian","14_36_46_67_51_33_60_95_53"
"S.LON(12)","Carthusian","14_36_46_67_51_33_60_95_53"
"METZ466","Carthusian","14_36_46_67_51_33_60_95_53"
"WAG286","Carthusian","14_36_46_67_51_33_60_95_53"
"BN6250","Carthusian","14_36_46_67_51_33_60_95_53"
"AVIGN110","Carthusian","14_36_46_67_51_33_60_95_53"
"MCR414","Carthusian","14_36_46_67_51_33_60_95_53"
"BN1696","Carthusian","14_36_46_67_51_33_60_95_53"
"BN27975","Carthusian","14_36_46_67_51_33_60_95_53"
"BN16306","Grandmontine","14_36_67_46_51_75_60_95_53"
"GEN2629","Grandmontine","14_36_67_46_51_75_60_95_53"
"LIMO69","Grandmontine","14_36_67_46_51_75_60_95_53"
"LIMO78","Grandmontine","14_36_67_46_51_75_60_95_53"
"ANGERS131","Grandmontine","14_36_67_46_51_75_60_95_53"
"PORT843","Evora","14_36_72_32_68_24_51_56_38"
"PORT1159","Santa Cruz de Coimbra","14_36_72_32_68_24_51_56_38"
"MADR382","St. James of Compostela","14_36_72_32_68_24_51_56_38"
"ESC10","Braga","14_36_72_32_68_24_51_56_38"
"LYO44","St. Rufus","14_36_72_32_68_24_51_56_38"
"VALCE43","St. Rufus","14_36_72_32_68_24_51_56_38"
"MIL73","St. Rufus","14_36_72_32_68_24_51_56_38"
"VALCE1500","St. Rufus","14_36_72_32_68_24_51_56_38"
"LISB253","Evora","14_36_72_32_68_24_51_56_38"
"OSA1531","St. Rufus","14_36_72_32_68_24_51_56_38"
"MADR14604","Tortosa","14_36_72_32_68_24_51_56_38"
"MADR3827","Evora","14_36_72_32_68_24_51_56_38"
"CARP42","Grasse","14_36_72_32_68_24_51_56_38"
"ARLES163","Grasse","14_36_72_32_68_24_51_56_38"
"VES14","Chaise-Dieu","14_36_75_51_67_64_46_95_60"
"CL-FD5009","Chaise-Dieu","14_36_75_51_67_64_46_95_60"
"CARP333","Chaise-Dieu","14_36_75_51_67_64_46_95_60"
"VAT53","Carpentras","14_68_72_32_79_40_56_83_38"
"BN1091","Arles","14_68_72_32_79_90_40_83_38"
"BN1037","Arles","14_68_72_32_79_90_40_83_38"
"BN4537","Arles","14_68_72_32_79_90_40_83_38"
"ARLES101","Arles","14_68_72_32_79_90_40_83_38"
"TROY1043","St. Etienne-de-Troyes","14_72_1_68_46_58_32_58_38"
"BN10486","Lerins","14_72_1_90_32_57_68_46_79"
"BN4954B","St. Severus, Erfurt","14_72_10_32_57_1_68_46_38"
"CAM27","St. Mary`s York","14_72_18_32_57_12_68_40_38"
"BN763","Adge","14_72_21_32_36_79_56_68_38"
"BN4608","Adge","14_72_21_32_36_79_56_68_38"
"BN1309(A)","Lerida","14_72_21_82_32_83_68_28_38"
"MADR26297","Lerida","14_72_21_82_32_83_68_28_38"
"AIX14D","St. Viktor, Marseilles","14_72_21_90_83_38_79_28_92"
"ZUR174","","14_72_24_1_83_79_47_18_38"
"SALERNO","Salerno","14_72_24_28_32_57_71_40_38"
"GEN2679","Rennes","14_72_24_32_24_28_68_82_38"
"MCR484","Strasburg","14_72_24_32_28_57_68_11_38"
"CPHT549D","Strasburg","14_72_24_32_28_57_68_11_38"
"MAZ4519","Strasburg","14_72_24_32_28_57_68_11_38"
"VIE2706","Strasburg","14_72_24_32_28_57_68_11_38"
"EBAISN","Strasburg","14_72_24_32_28_57_68_11_38"
"HORT1521","Strasburg","14_72_24_32_28_57_68_11_38"
"KLNB987B","Leopold`s Psalter","14_72_24_32_28_57_68_11_40"
"SUB160","Subiaco","14_72_24_32_28_57_68_40_38"
"STUTT105","Zwiefalten","14_72_24_32_28_57_68_40_38"
"METZ336","Metz","14_72_24_32_28_57_68_82_38"
"EVREUX121","Lyre","14_72_24_32_32_57_68_28_38"
"BAYEUX74D","Bayeux","14_72_24_32_57_12_68_40_38"
"BAYEUX59","Bayeux","14_72_24_32_57_12_68_40_38"
"BN1426","Bayeux","14_72_24_32_57_12_68_40_38"
"BAYEUX72","Bayeux","14_72_24_32_57_12_68_40_38"
"CAEN18","Bayeux","14_72_24_32_57_12_68_40_38"
"BAYEUX76","Bayeux","14_72_24_32_57_12_68_40_38"
"BN1597","Bayeux","14_72_24_32_57_12_68_40_38"
"ARS279","Bayeux","14_72_24_32_57_12_68_40_38"
"BAYEUX119","Bayeux","14_72_24_32_57_12_68_40_38"
"BAYEUX121","Bayeux","14_72_24_32_57_12_68_40_38"
"S.1953-1","Sarum","14_72_24_32_57_28_68_28_38"
"BN13285","Sarum","14_72_24_32_57_28_68_28_38"
"BL1139","Jerusalem","14_72_24_32_57_28_68_40_38"
"MAZ355","Hospitallers","14_72_24_32_57_28_68_40_38"
"MARS111","Hospitallers","14_72_24_32_57_28_68_40_38"
"WANDD","Hospitallers","14_72_24_32_57_28_68_40_38"
"BL36684","Marguerite's Hours","14_72_24_32_57_28_68_40_38"
"UPS489","Brigittine","14_72_24_32_57_28_68_40_38"
"STUTT118","Blaubeuren","14_72_24_32_57_28_68_40_38"
"GEN2712","Bayeux","14_72_24_32_57_28_68_40_38"
"MAZ486","Bayeux","14_72_24_32_57_28_68_40_38"
"MARS109","Hospitallers","14_72_24_32_57_28_68_40_38"
"UTR52","Hospitallers","14_72_24_32_57_28_68_40_38"
"OXF2","Brigittine","14_72_24_32_57_28_68_40_38"
"ARS424","Brigittine","14_72_24_32_57_28_68_40_38"
"STUTT117","Zwiefalten","14_72_24_32_57_28_68_40_38"
"BN1508","Remiremont","14_72_24_32_57_28_68_40_38"
"MAZ23854","Hospitallers","14_72_24_32_57_28_68_40_38"
"BN1875","Brigittine","14_72_24_32_57_28_68_40_38"
"STRASN1","Hospitallers","14_72_24_32_57_28_68_40_38"
"STUTT116","Zwiefalten","14_72_24_32_57_28_68_40_38"
"STUTT222","Blaubeuren","14_72_24_32_57_28_68_40_38"
"VAT7599","Camaldolese (Rome)","14_72_24_32_57_28_68_40_56"
"VAT7722","Camaldolese (Rome)","14_72_24_32_57_28_68_40_56"
"BL27171","Camaldolese (Florence)","14_72_24_32_57_28_68_40_56"
"MIL1048","Camaldolese","14_72_24_32_57_28_68_40_56"
"VALL8","St. Eutizio","14_72_24_32_57_28_68_40_79"
"TOL14","Camaldolese","14_72_24_32_57_28_68_40_79"
"VALL5","Nursia","14_72_24_32_57_28_68_40_79"
"KRL60B","Zwiefalten","14_72_24_32_57_28_68_40_82"
"BL18306B","St. Lambrecht","14_72_24_32_57_28_68_40_82"
"STUTT117","Ochsenhausen","14_72_24_32_57_28_68_40_82"
"CLG20","Dominican","14_72_24_32_57_28_68_46_38"
"BL23935","Dominican","14_72_24_32_57_28_68_46_38"
"OXF393","Dominican","14_72_24_32_57_28_68_46_38"
"SABINA2","Dominican","14_72_24_32_57_28_68_46_38"
"FULD121","Dominican","14_72_24_32_57_28_68_46_38"
"TREV403","Dominican","14_72_24_32_57_28_68_46_38"
"SABINA1","Dominican","14_72_24_32_57_28_68_46_38"
"BRU9391","Dominican","14_72_24_32_57_28_68_46_38"
"STUTT152","Dominican","14_72_24_32_57_28_68_46_38"
"BRU3585","Dominican","14_72_24_32_57_28_68_46_38"
"BRU6429","Dominican","14_72_24_32_57_28_68_46_38"
"MAZ372","Ste Croix, Paris","14_72_24_32_57_28_68_46_38"
"BAMB92","Dominican","14_72_24_32_57_28_68_46_38"
"CPHG3450","Dominican","14_72_24_32_57_28_68_46_38"
"CPHN30","Dominican","14_72_24_32_57_28_68_46_38"
"ESC15","Dominican","14_72_24_32_57_28_68_46_38"
"GEN2693","Dominican","14_72_24_32_57_28_68_46_38"
"MAZ381","Dominican","14_72_24_32_57_28_68_46_38"
"MONTS759","Dominican","14_72_24_32_57_28_68_46_38"
"MONTS763","Dominican","14_72_24_32_57_28_68_46_38"
"FULD122B","Teutonic Order","14_72_24_32_57_28_68_46_38"
"FREIB283","Dominican","14_72_24_32_57_28_68_46_38"
"FREIB287","Dominican","14_72_24_32_57_28_68_46_38"
"HAAG60","Dominican","14_72_24_32_57_28_68_46_38"
"STKH102","","14_72_24_32_57_28_68_46_38"
"VAT30","Dominican","14_72_24_32_57_28_68_46_38"
"FREIB136","Dominican","14_72_24_32_57_28_68_46_38"
"STKHTL","Uppsala","14_72_24_32_57_28_68_46_38"
"CAM1","Uppsala","14_72_24_32_57_28_68_46_38"
"UPS97","Skara","14_72_24_32_57_28_68_46_38"
"BL1734B","Teutonic Order","14_72_24_32_57_28_68_46_38"
"BN10532","Dominican","14_72_24_32_57_28_68_46_38"
"BRU19004B","Teutonic Order","14_72_24_32_57_28_68_46_38"
"GEN1292","Västeras","14_72_24_32_57_28_68_46_38"
"STKHSN1","Abo","14_72_24_32_57_28_68_46_38"
"BN27","Dominican","14_72_24_32_57_28_68_46_38"
"MADR14265","Mercedarians","14_72_24_32_57_28_68_46_38"
"STRA2","Dominican","14_72_24_32_57_28_68_46_38"
"CPHN632","Dominican","14_72_24_32_57_28_68_46_38"
"LUCCA601","Pontetetto","14_72_24_32_57_28_68_71_40"
"LUCCA606","Lucca","14_72_24_32_57_28_68_71_40"
"BL155","Canterbury","14_72_24_32_57_28_68_76_40"
"BN770","Canterbury","14_72_24_32_57_28_68_76_40"
"CPHN133","Nidaros","14_72_24_32_57_28_68_82_38"
"BLU-C","Carmelite","14_72_24_32_57_28_68_82_38"
"HEREFDSN","Hereford","14_72_24_32_57_28_68_82_38"
"BL38116","Lincoln","14_72_24_32_57_28_68_82_38"
"ARS570","Metz","14_72_24_32_57_28_68_82_38"
"BL305","Sarum","14_72_24_32_57_28_68_82_38"
"BN10478D","Templars","14_72_24_32_57_28_68_82_38"
"S.1893","Reenes","14_72_24_32_57_28_68_82_38"
"ARS196","Carmelite","14_72_24_32_57_28_68_82_38"
"LAMB193","Carmelite","14_72_24_32_57_28_68_82_38"
"BN1361","Metz","14_72_24_32_57_28_68_82_38"
"VAT4757","Oxford","14_72_24_32_57_28_68_82_38"
"ARS616","Rennes","14_72_24_32_57_28_68_82_38"
"BN4600","Rouen","14_72_24_32_57_28_68_82_38"
"BN765","Sarum","14_72_24_32_57_28_68_82_38"
"BL33385","Sarum","14_72_24_32_57_28_68_82_38"
"BRU6291","Sarum","14_72_24_32_57_28_68_82_38"
"S.LON(1)","Sarum","14_72_24_32_57_28_68_82_38"
"HAAG68","","14_72_24_32_57_28_68_82_38"
"MUN23035","","14_72_24_32_57_28_68_82_38"
"METZ333","St. Arnulf","14_72_24_32_57_28_68_82_38"
"VAT514","Sarum","14_72_24_32_57_28_68_82_38"
"S.LON(3)","Metz","14_72_24_32_57_28_68_82_38"
"CAEN17","Lisieux","14_72_24_32_57_28_68_82_38"
"S.1953-2","Coutances","14_72_24_32_57_28_68_82_38"
"M.C.1800","Metz","14_72_24_32_57_28_68_82_38"
"MACONSN","","14_72_24_32_57_28_68_82_38"
"REN15939","Rennes","14_72_24_32_57_28_68_82_38"
"BN1403","Metz","14_72_24_32_57_28_68_82_38"
"BN844","Rennes","14_72_24_32_57_28_68_82_38"
"DUN(1)","Metz","14_72_24_32_57_28_68_82_38"
"BN10533","Metz","14_72_24_32_57_28_68_82_38"
"BAMB80","Carmelite","14_72_24_32_57_28_68_82_38"
"BN1275","Carmelite","14_72_24_32_57_28_68_82_38"
"CPHT545","Coutances","14_72_24_32_57_28_68_82_38"
"ARS560","Coutances","14_72_24_32_57_28_68_82_38"
"ARS643","Coutances","14_72_24_32_57_28_68_82_38"
"HAAG73B","The Hague","14_72_24_32_57_28_68_82_38"
"BN1400","Hospitallers","14_72_24_32_57_28_68_82_38"
"CPHT547","Hours of Marie de Bohun","14_72_24_32_57_28_68_82_38"
"BN1323","Lisieux","14_72_24_32_57_28_68_82_38"
"S.1937-5","Lisieux","14_72_24_32_57_28_68_82_38"
"BRU2890","Metz","14_72_24_32_57_28_68_82_38"
"METZ462","Metz","14_72_24_32_57_28_68_82_38"
"BN1063","Montieramey","14_72_24_32_57_28_68_82_38"
"S.LYO(1)","Rennes","14_72_24_32_57_28_68_82_38"
"S.1935-4","Rouen","14_72_24_32_57_28_68_82_38"
"TOUL131","Rouen","14_72_24_32_57_28_68_82_38"
"CPHT537","Rouen","14_72_24_32_57_28_68_82_38"
"MTP166","Rouen","14_72_24_32_57_28_68_82_38"
"DUN(4)","Sarum","14_72_24_32_57_28_68_82_38"
"BN1272","Seez","14_72_24_32_57_28_68_82_38"
"BN13243D","Seez","14_72_24_32_57_28_68_82_38"
"ROUEN217","Seez","14_72_24_32_57_28_68_82_38"
"GEN1265","St. Lo-de-Rouen","14_72_24_32_57_28_68_82_38"
"BN3081","St. Jacut-de-la-Mer","14_72_24_32_57_28_68_82_38"
"BN17998","St. Sauveur, Toul","14_72_24_32_57_28_68_82_38"
"MEN(1)","St. Sauveur, Toul","14_72_24_32_57_28_68_82_38"
"CPHA65","","14_72_24_32_57_28_68_82_38"
"MAZ506","Rennes","14_72_24_32_57_28_68_82_38"
"GEN2722","St. Lo-de-Coutances","14_72_24_32_57_28_68_82_38"
"LISB18","Rouen","14_72_24_32_57_28_68_82_38"
"OXF26","Dol","14_72_24_32_57_28_68_82_38"
"CLAIRV196","Templars","14_72_24_32_57_28_68_82_38"
"BAMB78","Carmelite","14_72_24_32_57_28_68_82_38"
"BN2439","Carmelite","14_72_24_32_57_28_68_82_38"
"VAT118","Rouen","14_72_24_32_57_28_68_82_38"
"VAT3767","","14_72_24_32_57_28_68_82_38"
"CPHT548","Coutances","14_72_24_32_57_28_68_82_38"
"BN1791","Coutances","14_72_24_32_57_28_68_82_38"
"MAZ800","Carmelite","14_72_24_32_57_28_68_82_38"
"VAT12","Aversa","14_72_24_32_57_28_68_82_38"
"BN10551","Rennes","14_72_24_32_57_28_68_82_38"
"M.C.10955","Rouen","14_72_24_32_57_28_68_82_38"
"BAMB75","Carmelite","14_72_24_32_57_28_68_82_38"
"S.1938-8","Rouen","14_72_24_32_57_28_68_82_38"
"ARS918","Sarum","14_72_24_32_57_28_68_82_38"
"BLSN(2)","Hereford","14_72_24_32_57_28_68_82_38"
"CAEN1743","Lisieux","14_72_24_32_57_28_68_82_38"
"BN1610","Metz","14_72_24_32_57_28_68_82_38"
"BN2937","Lisieux","14_72_24_32_57_28_68_82_38"
"BN1790","Lisieux","14_72_24_32_57_28_68_82_38"
"GEN187","Rennes","14_72_24_32_57_28_68_82_38"
"METZ1546","Metz","14_72_24_32_57_28_68_82_38"
"METZ104","Metz","14_72_24_32_57_28_68_82_38"
"LYO23","Carmelite","14_72_24_32_57_28_68_82_38"
"BL1611","Hospitallers","14_72_24_32_57_28_68_82_38"
"S.LON(4)","Seez","14_72_24_32_57_28_68_82_38"
"GEN225","Vannes","14_72_24_32_57_28_68_82_38"
"BL230","Crowland","14_72_24_32_57_28_68_82_38"
"EDINB13","Sarum","14_72_24_32_57_28_68_82_38"
"OXFL17","Sarum","14_72_24_32_57_28_68_82_38"
"DARM858","Sarum","14_72_24_32_57_28_68_82_38"
"CAM119D","Sarum","14_72_24_32_57_28_68_82_38"
"CAM2","Sarum","14_72_24_32_57_28_68_82_38"
"CAM2602","Sarum","14_72_24_32_57_28_68_82_38"
"BN786D","Countances","14_72_24_32_57_28_68_82_38"
"GEN113","Lisieux","14_72_24_32_57_28_68_82_38"
"ROUEN326","Rouen","14_72_24_32_57_28_68_82_38"
"S.1938-11","Sarum","14_72_24_32_57_28_68_82_38"
"S.1935-5","","14_72_24_32_57_28_68_82_38"
"BL2849","Sarum","14_72_24_32_57_28_68_82_38"
"DOUAI167","Sarum","14_72_24_32_57_28_68_82_38"
"FALKNER2","Sarum","14_72_24_32_57_28_68_82_38"
"LAMB560D","Sarum","14_72_24_32_57_28_68_82_38"
"LAMB561D","Sarum","14_72_24_32_57_28_68_82_38"
"BN17294D","Sarum","14_72_24_32_57_28_68_82_38"
"OXF4","Brigittine (Syon)","14_72_24_32_57_28_68_82_38"
"BN24925","Sarum","14_72_24_32_57_28_68_82_38"
"ABERDSN","Aberdeen","14_72_24_32_57_28_68_82_38"
"ABERDSND","Aberdeen","14_72_24_32_57_28_68_82_38"
"BN27770","Countances","14_72_24_32_57_28_68_82_38"
"BN1835","Sarum","14_72_24_32_57_28_68_82_38"
"BN10549","Rouen","14_72_24_32_57_28_68_82_38"
"ROUEN380","Rouen","14_72_24_32_57_28_68_82_38"
"BN1656","Rouen","14_72_24_32_57_28_68_82_38"
"EPIN235","St. Maur, Verdun","14_72_24_32_57_28_68_82_38"
"VAT4772","Arezzo","14_72_24_32_57_28_68_82_40"
"MUN13067B","Hastieres","14_72_24_32_57_28_68_82_40"
"TROY721B","Montieramey","14_72_24_32_57_28_68_82_40"
"VERD129B","St. Vanne","14_72_24_32_57_28_68_82_40"
"VERDSN","St. Vanne","14_72_24_32_57_28_68_82_40"
"VERD128B","St. Vanne","14_72_24_32_57_28_68_82_40"
"BRU6386","Stavelot","14_72_24_32_57_28_68_82_40"
"METZ573","St. Arnulf","14_72_24_32_57_28_68_82_40"
"METZ45B","St. Arnulf","14_72_24_32_57_28_68_82_40"
"BL804S","Durham","14_72_24_32_57_28_68_82_40"
"OXFG1","St. Bees","14_72_24_32_57_28_68_82_40"
"MADR20","Coutances","14_72_24_32_57_28_68_82_40"
"ROUEN203","Ste Catherine-du-Mont","14_72_24_32_57_28_68_82_40"
"NOGSN","Senones","14_72_24_32_57_28_68_82_40"
"METZSSN","St. Symphorian","14_72_24_32_57_28_68_82_40"
"COLM229B","Murbach","14_72_24_32_57_28_68_83_38"
"COLM430","Murbach","14_72_24_32_57_28_68_83_38"
"COLM432","Murbach","14_72_24_32_57_28_68_83_38"
"MIL532","Capua","14_72_24_32_57_28_71_38_68"
"VAT176S","S. Lupo di Beneveto","14_72_24_32_57_28_71_46_38"
"BENEV21","S. Lupo di Beneveto","14_72_24_32_57_28_71_46_40"
"BENEV1","S. Lupo di Beneveto","14_72_24_32_57_28_71_46_40"
"S.1952","Bobbio","14_72_24_32_57_28_82_68_38"
"TOR10","Bobbio","14_72_24_32_57_28_82_68_79"
"BL431","Chester","14_72_24_32_57_36_68_40_38"
"OXF22","Bodmin","14_72_24_32_57_36_68_40_38"
"BL7","Angouleme","14_72_24_32_57_36_68_46_38"
"BN1307","Saintes","14_72_24_32_57_36_68_46_38"
"S.1936-3","Saintes","14_72_24_32_57_36_68_46_38"
"S.1955","Saintes","14_72_24_32_57_36_68_46_38"
"S.1956","Saintes","14_72_24_32_57_36_68_46_38"
"BN1661","Saintes","14_72_24_32_57_36_68_46_38"
"BORD3862","Saintes","14_72_24_32_57_36_68_46_38"
"MAZ11872","Angouleme","14_72_24_32_57_36_68_46_38"
"GEN1214","Saintes","14_72_24_32_57_36_68_46_38"
"GEN1251","Nantes","14_72_24_32_57_37_68_46_38"
"M.C.1794","Nantes","14_72_24_32_57_37_68_46_38"
"NANT2376","Nantes","14_72_24_32_57_37_68_46_38"
"DUN(2)","Nantes","14_72_24_32_57_37_68_46_38"
"BN10534","Nantes","14_72_24_32_57_37_68_46_38"
"BN1159","Nantes","14_72_24_32_57_37_68_46_38"
"CPHT114","Nantes","14_72_24_32_57_37_68_46_38"
"GEN1277","Nantes","14_72_24_32_57_37_68_46_38"
"NANT25","Nantes","14_72_24_32_57_37_68_46_38"
"S.1937-3","Nantes","14_72_24_32_57_37_68_46_38"
"BN1815","Nantes","14_72_24_32_57_37_68_46_38"
"MISERSN","","14_72_24_32_57_37_68_82_38"
"BAYEUX58","Autun","14_72_24_32_57_38_28_68_12"
"BN18001","Autun","14_72_24_32_57_38_28_68_12"
"BN615","Autun","14_72_24_32_57_38_28_68_12"
"BRU4996","Autun","14_72_24_32_57_38_28_68_12"
"CARP69","Autun","14_72_24_32_57_38_28_68_12"
"BN1593","Autun","14_72_24_32_57_38_28_68_12"
"BN1730","Autun","14_72_24_32_57_38_28_68_12"
"EBAI17","Autun","14_72_24_32_57_38_28_68_12"
"CHARTR565","St. Pere de Chartres","14_72_24_32_57_38_68_28_46"
"CHARTR554","St. Pere de Chartres","14_72_24_32_57_38_68_28_46"
"S.1954-1","St. Pere de Chartres","14_72_24_32_57_38_68_28_46"
"ORLE776","St. Benoit-sur-Loire","14_72_24_32_57_38_68_28_46"
"BN13273","Chalon-sur-Saone","14_72_24_32_57_38_68_40_1"
"SERCYSN1","Chalon-sur-Saone","14_72_24_32_57_38_68_40_1"
"BN9732","Chalon-sur-Saone","14_72_24_32_57_38_68_40_1"
"BN9738","Chalon-sur-Saone","14_72_24_32_57_38_68_40_1"
"GEN1486","Chalon-sur-Saone","14_72_24_32_57_38_68_40_1"
"MTP3","Rouen","14_72_24_32_57_40_46_82_38"
"BL1663","York","14_72_24_32_57_40_68_18_38"
"OXF84","York","14_72_24_32_57_40_68_18_38"
"LONS40","York","14_72_24_32_57_40_68_18_38"
"YORK1493","York","14_72_24_32_57_40_68_18_38"
"SANTSN","Compostela","14_72_24_32_57_40_68_28_38"
"ARS102","Dol","14_72_24_32_57_40_68_28_38"
"ORENSE9","Orense","14_72_24_32_57_40_68_28_38"
"MADR874","Compostela","14_72_24_32_57_40_68_28_38"
"ROUEN207","St. Wandrille","14_72_24_32_57_40_68_28_46"
"ROUEN225B","St. Wandrille","14_72_24_32_57_40_68_28_46"
"OXF71B","St. Wandrille","14_72_24_32_57_40_68_28_46"
"EBAI297","St. Martin-les-Bourges (?)","14_72_24_32_57_40_68_28_46"
"ARRAS248","St. Wandrille","14_72_24_32_57_40_68_28_46"
"MTP314B","St. Stephen's, Caen","14_72_24_32_57_40_68_28_46"
"BL8","Tiron","14_72_24_32_57_40_68_46_38"
"MANS1837","Tiron","14_72_24_32_57_40_68_46_38"
"PORT51","Tuy","14_72_24_32_57_40_68_46_38"
"BN241","Avranches","14_72_24_32_57_40_68_82_38"
"BN1163","Rouen","14_72_24_32_57_40_68_82_38"
"CPHG1609","Rouen","14_72_24_32_57_40_68_82_38"
"CPHT543","Rouen","14_72_24_32_57_40_68_82_38"
"GEN2715","Rouen","14_72_24_32_57_40_68_82_38"
"ROUEN333","Avranches","14_72_24_32_57_40_68_82_38"
"S.1938-7","Rouen","14_72_24_32_57_40_68_82_38"
"S.1948","Rouen","14_72_24_32_57_40_68_82_38"
"FRFT130","Rouen","14_72_24_32_57_40_68_82_38"
"MONTS851","Rouen","14_72_24_32_57_40_68_82_38"
"LYO5149","Rouen","14_72_24_32_57_40_68_82_38"
"CPHT544","Rouen","14_72_24_32_57_40_68_82_38"
"MCR52","Rouen","14_72_24_32_57_40_68_82_38"
"SOLE-2-1","Rouen","14_72_24_32_57_40_68_82_38"
"BN2971","Rouen","14_72_24_32_57_40_68_82_38"
"ROUEN-12","Rouen","14_72_24_32_57_40_68_82_38"
"BN24022","Dol","14_72_24_32_57_40_68_82_38"
"ROUEN-30","Rouen","14_72_24_32_57_40_68_82_38"
"PARS(2)","Avranches","14_72_24_32_57_40_68_82_38"
"ROUEN-59","Rouen","14_72_24_32_57_40_68_82_38"
"ROUEN-73","Rouen","14_72_24_32_57_40_68_82_38"
"BN4855","Avranches","14_72_24_32_57_40_68_82_38"
"GEN2634D","St. Lo-de-Rouen","14_72_24_32_57_40_68_82_38"
"ROUEN195","Rouen","14_72_24_32_57_40_68_82_38"
"GEN2732D","St. Lo-de-Rouen","14_72_24_32_57_40_68_82_38"
"GEN629D","Rouen","14_72_24_32_57_40_68_82_38"
"CHANT7","","14_72_24_32_57_40_83_18_38"
"MALO1600","St. Brieuc","14_72_24_32_57_46_68_40_38"
"BN4925","St. Brieuc","14_72_24_32_57_46_68_40_38"
"RIOM22","","14_72_24_32_57_46_68_67_38"
"MIL263","Kitzingen","14_72_24_32_57_46_68_79_83"
"VES13","Toul","14_72_24_32_57_46_68_82_38"
"ROUEN335","Toul","14_72_24_32_57_46_68_82_38"
"STRA12","Toul","14_72_24_32_57_46_68_82_38"
"S.1935-6","Toul","14_72_24_32_57_46_68_82_38"
"S.1939","Toul","14_72_24_32_57_46_68_82_38"
"BN13280","Toul","14_72_24_32_57_46_68_82_38"
"BN1664","Toul","14_72_24_32_57_46_68_82_38"
"BN1665","Toul","14_72_24_32_57_46_68_82_38"
"ARS617","Toul","14_72_24_32_57_46_68_82_38"
"LILLE49","Tournai","14_72_24_32_57_51_68_89_38"
"CAMBR104","Tournai","14_72_24_32_57_51_68_89_38"
"HAAG66","Tournai","14_72_24_32_57_51_68_89_38"
"B1223","Tournai","14_72_24_32_57_51_68_89_38"
"B1224","Tournai","14_72_24_32_57_51_68_89_38"
"DOUAI163","Tournai","14_72_24_32_57_51_68_89_38"
"BN13169","Tournai","14_72_24_32_57_51_68_89_38"
"GEN828","Tournai","14_72_24_32_57_51_68_89_38"
"MAZ34959","Tournai","14_72_24_32_57_51_68_89_38"
"BN1615","Noyon","14_72_24_32_57_51_68_89_38"
"OXF183","Noyon","14_72_24_32_57_51_68_89_38"
"LYO002","Noyon","14_72_24_32_57_51_68_89_38"
"FECSN","Tournai","14_72_24_32_57_51_68_89_38"
"MAZ1156","Vercelli","14_72_24_32_57_56_68_40_79"
"ABBV17","St. Riquier","14_72_24_32_57_58_68_82_38"
"EBAMS12","A North Italian Nunnery","14_72_24_32_57_62_4_38_62"
"VAT360","A North Italian Nunnery","14_72_24_32_57_62_4_38_62"
"FULD56","Weingarten","14_72_24_32_57_68_1_83_38"
"WURZB71B","Würzburg","14_72_24_32_57_68_28_38_1"
"WURZB171B","Würzburg","14_72_24_32_57_68_28_38_1"
"WURZB172B","Würzburg","14_72_24_32_57_68_28_38_1"
"ARS423B","Würzburg","14_72_24_32_57_68_28_38_1"
"BL10521B","Würzburg","14_72_24_32_57_68_28_38_1"
"KLNB1010","Klosterneuburg","14_72_24_32_57_68_28_40_38"
"S.LON(10)","Merseburg","14_72_24_32_57_68_28_40_38"
"MUN14741B","Niederaltaich","14_72_24_32_57_68_28_40_38"
"KREMS5(2)","Kremsmünster","14_72_24_32_57_68_28_40_38"
"METZ1200B","Magdeburg","14_72_24_32_57_68_28_40_38"
"PAUL26B","Bamberg","14_72_24_32_57_68_28_40_38"
"UPS461","Linköping","14_72_24_32_57_68_28_40_38"
"DEBR603","Bamberg","14_72_24_32_57_68_28_40_38"
"CAM30","Guisborough","14_72_24_32_57_68_28_40_38"
"UPS475","Linköping","14_72_24_32_57_68_28_40_38"
"UDINE232B","","14_72_24_32_57_68_28_40_38"
"GUS1-34B","Alba Julia","14_72_24_32_57_68_28_40_38"
"BAMB94","Bamberg","14_72_24_32_57_68_28_40_38"
"UPS450","Linköping","14_72_24_32_57_68_28_40_38"
"BN670B","Bamberg","14_72_24_32_57_68_28_40_38"
"S.1932-11","Speyer","14_72_24_32_57_68_28_40_38"
"CAM7","Linköping","14_72_24_32_57_68_28_40_38"
"BAMB27B","Bamberg","14_72_24_32_57_68_28_40_38"
"BL16B","Meissen","14_72_24_32_57_68_28_40_38"
"CPHN39B","Bremen","14_72_24_32_57_68_28_40_38"
"VAT7227B","Brixen","14_72_24_32_57_68_28_40_38"
"BL35285","Guisborough","14_72_24_32_57_68_28_40_38"
"WOLF309B","Maria Garten","14_72_24_32_57_68_28_40_44"
"UPS500B","","14_72_24_32_57_68_28_40_58"
"BN10526","Passau","14_72_24_32_57_68_28_40_79"
"S.1932-12","Salzburg","14_72_24_32_57_68_28_40_79"
"PAS1496B","Passau","14_72_24_32_57_68_28_40_79"
"GEN828B","Salzburg","14_72_24_32_57_68_28_40_79"
"VIE1826B","St. Georg Prüfening","14_72_24_32_57_68_28_40_82"
"VAT523B","Augsburg (cathedral)","14_72_24_32_57_68_28_40_82"
"MUN23288B","Raitenbuch","14_72_24_32_57_68_28_40_82"
"MUN12201B","Raitenbuch","14_72_24_32_57_68_28_40_82"
"AVIGN129","Celestine","14_72_24_32_57_68_28_71_40"
"ARS286","Celestine","14_72_24_32_57_68_28_71_40"
"NIMES5","Celestine","14_72_24_32_57_68_28_71_40"
"BN1277","Celestine","14_72_24_32_57_68_28_71_40"
"MAZ360","Celestine","14_72_24_32_57_68_28_71_40"
"AVIGN13","Celestine","14_72_24_32_57_68_28_71_40"
"PROV74","Celestine","14_72_24_32_57_68_28_71_40"
"M.C.14268","Besancon","14_72_24_32_57_68_28_79_38"
"OXF297B","St. Felicity, Münsterschwarzach","14_72_24_32_57_68_28_82_38"
"CHARTR551","","14_72_24_32_57_68_28_82_38"
"BERL380B","Werden","14_72_24_32_57_68_28_82_40"
"CPHT119","Eichstätt","14_72_24_32_57_68_28_83_38"
"S.1932-13","Eichstätt","14_72_24_32_57_68_28_83_38"
"VAT13B","Eichstätt","14_72_24_32_57_68_28_83_38"
"BN4951","Eichstätt","14_72_24_32_57_68_28_83_38"
"CARP51","Le Puy","14_72_24_32_57_68_36_46_79"
"BN1304","Le Puy","14_72_24_32_57_68_36_46_79"
"BN2659","Le Puy","14_72_24_32_57_68_36_46_79"
"CPHV892A","Basle","14_72_24_32_57_68_38_83_1"
"CPHV893","Basle","14_72_24_32_57_68_38_83_1"
"BASLE22","Basle","14_72_24_32_57_68_38_83_1"
"BASLE39","St. Ursanne","14_72_24_32_57_68_38_83_1"
"CPHV892B","Basle","14_72_24_32_57_68_38_83_79"
"CPHV893B","Basle","14_72_24_32_57_68_38_83_79"
"ROME440","Montjoux","14_72_24_32_57_68_40_83_38"
"SOLT251","Solothurn","14_72_24_32_57_68_40_83_38"
"MELUN12","","14_72_24_32_57_68_46_40_38"
"BN10488","Treviso","14_72_24_32_57_68_46_82_40"
"BL1018B","St. Donatian of Bruges","14_72_24_32_57_68_51_46_40"
"STUTT24","Landgrave Psalter","14_72_24_32_57_68_58_83_38"
"S.1932-B","Minden","14_72_24_32_57_68_76_40_38"
"VAT4751","Cracow","14_72_24_32_57_68_79_40_38"
"BN8879B","Gran","14_72_24_32_57_68_79_40_38"
"VAT16B","Agram","14_72_24_32_57_68_79_40_38"
"S.1932-4","Plock","14_72_24_32_57_68_79_40_38"
"BL1487B","Olmütz","14_72_24_32_57_68_79_40_38"
"BLSN(4)","Breslau","14_72_24_32_57_68_79_40_38"
"MIL1633B","Gran","14_72_24_32_57_68_79_40_38"
"VAT472","Gnesen","14_72_24_32_57_68_79_40_38"
"MIL1856B","Hermits of St. Paul","14_72_24_32_57_68_79_40_38"
"BESAN64","Besancon","14_72_24_32_57_68_79_83_38"
"BESAN68","Besancon","14_72_24_32_57_68_79_83_38"
"ARS223","Besancon","14_72_24_32_57_68_79_83_38"
"BN10487","Besancon","14_72_24_32_57_68_79_83_38"
"BN1169","Besancon","14_72_24_32_57_68_79_83_38"
"LYO5148","Besancon","14_72_24_32_57_68_79_83_38"
"TOR558","Besancon","14_72_24_32_57_68_79_83_38"
"BESAN70","Besancon","14_72_24_32_57_68_79_83_38"
"BESAN69","Besancon","14_72_24_32_57_68_79_83_38"
"BN27829","Besancon","14_72_24_32_57_68_79_83_38"
"BN8692","Besancon","14_72_24_32_57_68_79_83_38"
"GEN863","Besancon","14_72_24_32_57_68_79_83_38"
"STUTT13B","Zwiefalten","14_72_24_32_57_68_82_28_38"
"VIE1888","Waldkirch","14_72_24_32_57_68_82_28_38"
"VAT539","","14_72_24_32_57_68_82_28_40"
"UTR425B","","14_72_24_32_57_68_82_28_40"
"UPS515","Lund","14_72_24_32_57_68_82_40_38"
"LUND34","Lund","14_72_24_32_57_68_82_40_38"
"GEN1293","Lund","14_72_24_32_57_68_82_40_38"
"VEND14","","14_72_24_32_57_68_82_76_38"
"BN820","","14_72_24_32_57_68_82_76_38"
"VIT36","","14_72_24_32_57_68_82_76_38"
"GAPS(1)","Ambronay","14_72_24_32_57_68_82_79_38"
"FULD116B","Weingarten","14_72_24_32_57_68_82_83_28"
"STUTT89B","Weingarten","14_72_24_32_57_68_82_83_28"
"BL18301","St. Emmeram","14_72_24_32_57_68_82_83_38"
"STUTTCB98","Zwiefalten","14_72_24_32_57_68_82_83_38"
"STUTT98","Weingarten","14_72_24_32_57_68_82_83_38"
"VIE1936B","Mondsee","14_72_24_32_57_68_82_83_38"
"BERL722","Ettenheimmünster","14_72_24_32_57_68_82_83_38"
"UDINE72B","Aquileia","14_72_24_32_57_68_82_83_38"
"UDINE73B","Aquileia","14_72_24_32_57_68_82_83_38"
"STUTT120","Zwiefalten","14_72_24_32_57_68_82_83_38"
"BL10B","St. Emmeram","14_72_24_32_57_68_82_83_38"
"SION47","Sion","14_72_24_32_57_68_83_40_38"
"RTOY1905","Sion","14_72_24_32_57_68_83_40_38"
"SIONSN","Sion","14_72_24_32_57_68_83_40_38"
"BASLE20","Sion","14_72_24_32_57_68_83_40_38"
"CHANT8","Trier","14_72_24_32_57_68_83_79_38"
"CPHV900B","Freising (printed in 1516)","14_72_24_32_57_82_68_28_40"
"BN24133B","Freising (printed in 1516)","14_72_24_32_57_82_68_28_40"
"ANGERS130","Angers (?)","14_72_24_32_57_82_68_46_38"
"CHANT52","St. Peter's Cardena","14_72_24_32_57_83_68_28_38"
"COMP1-2","St. Cyran","14_72_24_32_57_90_68_28_38"
"S.1964-1","","14_72_24_32_68_28_57_82_38"
"MONZA16","St. John's of Monza","14_72_24_32_68_46_57_81_51"
"STRASN2","Marbach","14_72_24_32_68_57_28_11_1"
"NUE28603","Marbach","14_72_24_32_68_57_28_11_38"
"CPHN33D","Constance","14_72_24_32_68_57_28_38_1"
"STUTT68","Constance","14_72_24_32_68_57_28_38_1"
"COLM27B","Constance","14_72_24_32_68_57_28_38_1"
"KONS1516","Constance","14_72_24_32_68_57_28_38_1"
"KLNB1011B","Klosterneuburg","14_72_24_32_68_57_28_40_38"
"BN1310B","Worms","14_72_24_32_68_57_28_40_38"
"SELS127","Speyer","14_72_24_32_68_57_28_40_38"
"MAZ1231B","Worms","14_72_24_32_68_57_28_40_38"
"BL1146B","Worms","14_72_24_32_68_57_28_40_38"
"BL19415B","Worms","14_72_24_32_68_57_28_40_38"
"B1271B","Worms","14_72_24_32_68_57_28_40_38"
"BN1070","Speyer","14_72_24_32_68_57_28_40_38"
"MAZ23823","Speyer","14_72_24_32_68_57_28_40_38"
"ZUR65","","14_72_24_32_68_57_28_40_38"
"SGAL389","St. Gallen","14_72_24_32_68_57_28_40_38"
"FREIB1146","Grossmünster","14_72_24_32_68_57_28_40_79"
"SGAL391","St. Gallen","14_72_24_32_68_57_28_40_82"
"VAT4749","San Vito","14_72_24_32_68_57_28_79_38"
"VAT283","San Vito","14_72_24_32_68_57_28_79_40"
"VAT525","Fulda","14_72_24_32_68_57_28_82_58"
"FULD136B","Fulda","14_72_24_32_68_57_28_82_83"
"ROMONTSN","St. Jean-de-Maurienne","14_72_24_32_68_57_40_79_38"
"VAT538","Geneva","14_72_24_32_68_57_40_83_38"
"OXF5","Geneva","14_72_24_32_68_57_40_83_38"
"LYO567","Geneva","14_72_24_32_68_57_40_83_38"
"BN41336","Geneva","14_72_24_32_68_57_40_83_38"
"GEN927","Geneva","14_72_24_32_68_57_40_83_38"
"BAMB53","Romano-Germanic Pontificial","14_72_24_32_68_57_46_40_38"
"CASS451","Romano-Germanic Pontificial","14_72_24_32_68_57_46_40_38"
"ERLANG149","Romano-Germanic Pontificial","14_72_24_32_68_57_46_40_38"
"EICHSTSN","Gondekar's Pontificial","14_72_24_32_68_57_46_40_38"
"BN1231B","Otto of Riedenburg's Pontifici","14_72_24_32_68_57_46_40_38"
"VIE701","Romano-Germanic Pontificial","14_72_24_32_68_57_46_40_38"
"STUTT104","Chur","14_72_24_32_68_57_47_83_38"
"BL37870","Chur","14_72_24_32_68_57_47_83_38"
"PRAG9B","Prague","14_72_24_32_68_57_79_40_38"
"BL18308B","Prague","14_72_24_32_68_57_79_40_38"
"PRAG10B","Prague","14_72_24_32_68_57_79_40_38"
"BLH3B","Prague","14_72_24_32_68_57_79_40_38"
"MIL16","Como","14_72_24_32_68_57_79_40_89"
"S.1930","Embrun","14_72_24_32_68_57_79_83_38"
"BN18000","Moutiers-en-Tarentaise","14_72_24_32_68_57_79_83_38"
"LYO560","Moutiers-en-Tarentaise","14_72_24_32_68_57_79_83_38"
"EMBRUN-89","Embrun","14_72_24_32_68_57_79_83_38"
"GREN880","Embrun","14_72_24_32_68_57_79_83_38"
"GEN918","Embrun","14_72_24_32_68_57_79_83_38"
"EBAI684","Embrun","14_72_24_32_68_57_79_83_38"
"MOUTSN","Moutiers-en-Tarentaise","14_72_24_32_68_57_79_83_40"
"S.1934-1","Lausanne","14_72_24_32_68_57_83_40_38"
"BN10539","Lausanne","14_72_24_32_68_57_83_40_38"
"PARS(1)","Lausanne","14_72_24_32_68_57_83_40_38"
"TREV521","St. Florinus, Coblenz","14_72_24_32_68_57_83_79_38"
"BN27796","Fontevrault","14_72_24_32_68_58_79_46_40"
"BL8075B","Magdeburg","14_72_24_32_68_85_28_40_38"
"CPHV903B","Magdeburg","14_72_24_32_68_85_28_40_38"
"S.1932-7","Merseburg","14_72_24_32_68_85_28_40_38"
"MIL1335B","Halle","14_72_24_32_68_85_28_40_38"
"BN560","Ste Croix-de-Poitiers","14_72_24_32_68_11_82_28_40"
"VIT2110","St. Abondino","14_72_24_32_82_57_68_79_40"
"CHARL14","Morienval","14_72_24_32_91_57_79_68_38"
"B1199","Siena","14_72_24_36_32_57_28_68_40"
"SIENA7","Siena","14_72_24_36_32_57_68_28_40"
"MONZAB15","","14_72_24_40_32_57_68_28_38"
"VAT74","","14_72_24_46_32_57_4_71_40"
"DUN(3)","","14_72_24_46_32_57_28_46_38"
"VAT4928","Sta Sophia","14_72_24_46_32_57_28_71_38"
"VAT176","Sta Sophia","14_72_24_46_32_57_28_71_38"
"S.1938-10","Roman","14_72_24_46_32_57_68_28_38"
"HAAG76","Roman","14_72_24_46_32_57_68_28_38"
"LYO5142","Roman","14_72_24_46_32_57_68_28_38"
"BN1396","Limoges","14_72_24_46_32_57_68_28_38"
"LYO5145","Roman","14_72_24_46_32_57_68_28_38"
"LYO5147","Roman","14_72_24_46_32_57_68_28_38"
"OSLO1693","Roman","14_72_24_46_32_57_68_28_38"
"SOL31","Roman","14_72_24_46_32_57_68_28_38"
"S.LON(2)","Roman","14_72_24_46_32_57_68_28_38"
"UPS517(2)","Roman","14_72_24_46_32_57_68_28_38"
"GREN1011","Roman","14_72_24_46_32_57_68_28_38"
"LAON243","Roman","14_72_24_46_32_57_68_28_38"
"FULD65","Roman","14_72_24_46_32_57_68_28_38"
"VAT517","St. Ulrich & Afra Augsburg","14_72_24_46_32_57_68_28_38"
"CPHG3447","Roman","14_72_24_46_32_57_68_28_38"
"FULD86","Roman","14_72_24_46_32_57_68_28_38"
"HAAG80","Roman","14_72_24_46_32_57_68_28_38"
"LISB16","Roman","14_72_24_46_32_57_68_28_38"
"LISB166","Poor Clares","14_72_24_46_32_57_68_28_38"
"HAAG74","Roman","14_72_24_46_32_57_68_28_38"
"PER28","Roman","14_72_24_46_32_57_68_28_38"
"CLG107","Franciscan","14_72_24_46_32_57_68_28_38"
"UPS517(1)","","14_72_24_46_32_57_68_28_38"
"METZ584","Austin Friars","14_72_24_46_32_57_68_28_38"
"OXF216","Franciscan","14_72_24_46_32_57_68_28_38"
"FLO116","Roman","14_72_24_46_32_57_68_28_38"
"MIL39","Roman","14_72_24_46_32_57_68_28_38"
"VAT546","Roman","14_72_24_46_32_57_68_28_38"
"S.LON(13)","","14_72_24_46_32_57_68_28_38"
"LYO5154","Roman","14_72_24_46_32_57_68_28_38"
"BL3166","Roman","14_72_24_46_32_57_68_28_38"
"GEN202","Rodez","14_72_24_46_32_57_68_28_38"
"CPHG1605","Tournai","14_72_24_46_32_57_68_28_38"
"LUCCA609","Lucca","14_72_24_46_32_57_68_28_40"
"LUCCA602","Lucca","14_72_24_46_32_57_68_28_40"
"ASS694","Roman","14_72_24_46_32_57_68_28_40"
"MUNSN","Franciscan","14_72_24_46_32_57_68_28_40"
"ASS261","Franciscan","14_72_24_46_32_57_68_28_40"
"SIENA2","Roman","14_72_24_46_32_57_68_28_40"
"LYO551","Antonite","14_72_24_46_32_57_68_28_40"
"CL-FD90","Franciscan","14_72_24_46_32_57_68_28_40"
"CL-FD85","","14_72_24_46_32_57_68_28_40"
"CL-FD76","Antonite","14_72_24_46_32_57_68_28_40"
"CL-FD83","Antonite","14_72_24_46_32_57_68_28_40"
"CL-FD84","Antonite","14_72_24_46_32_57_68_28_40"
"ASS697","Franciscan","14_72_24_46_32_57_68_28_40"
"ASS702","Franciscan","14_72_24_46_32_57_68_28_40"
"CORT20","Franciscan","14_72_24_46_32_57_68_28_40"
"BN1306","Rodez","14_72_24_46_32_57_68_28_40"
"FERMO112","Roman","14_72_24_46_32_57_68_28_40"
"VCE145","Vallumbrosan","14_72_24_46_32_57_68_28_40"
"UDINE5","Roman","14_72_24_46_32_57_68_28_40"
"CPHN34","","14_72_24_46_32_57_68_28_40"
"OXF221","Bologna","14_72_24_46_32_57_68_28_40"
"CPHN38","Roman","14_72_24_46_32_57_68_28_40"
"EBAMS17","Sts. Ulrich and Afra","14_72_24_46_32_57_68_28_40"
"MUN26227","Roman","14_72_24_46_32_57_68_28_40"
"LUCCA603","Pontetetto","14_72_24_46_32_57_68_28_40"
"ASSDSN","Poor Clares","14_72_24_46_32_57_68_28_40"
"UDINE9","Aquileia","14_72_24_46_32_57_68_28_40"
"MIL18","Olivetans","14_72_24_46_32_57_68_28_40"
"BN4162","Roman","14_72_24_46_32_57_68_28_40"
"ESC20","Roman","14_72_24_46_32_57_68_28_40"
"FLO117","Roman","14_72_24_46_32_57_68_28_40"
"MADR113","Roman","14_72_24_46_32_57_68_28_40"
"ESC29","","14_72_24_46_32_57_68_28_40"
"VAT698","Austin Friars","14_72_24_46_32_57_68_28_40"
"BN751","Roman","14_72_24_46_32_57_68_28_40"
"OXF392","Badia, Florence","14_72_24_46_32_57_68_28_40"
"VAT6255","Ascoli Piceno","14_72_24_46_32_57_68_28_40"
"CL-FD87","Chezal-Benoit","14_72_24_46_32_57_68_28_40"
"CORT6","Franciscan","14_72_24_46_32_57_68_28_40"
"CORT19","Franciscan","14_72_24_46_32_57_68_28_40"
"SIENA1","Franciscan","14_72_24_46_32_57_68_28_40"
"UPS511","Franciscan","14_72_24_46_32_57_68_28_40"
"VAT7235","Olivetans","14_72_24_46_32_57_68_28_40"
"STUTT119","Poor Clares","14_72_24_46_32_57_68_28_40"
"AMPLF192","Roman","14_72_24_46_32_57_68_28_40"
"CPHG1607","Roman","14_72_24_46_32_57_68_28_40"
"ESC40","Roman","14_72_24_46_32_57_68_28_40"
"FLO118","Roman","14_72_24_46_32_57_68_28_40"
"MONTS852","Roman","14_72_24_46_32_57_68_28_40"
"TOUL132","Roman","14_72_24_46_32_57_68_28_40"
"FLO461","St. Peter's, Perugia","14_72_24_46_32_57_68_28_40"
"VAT107","Taranto","14_72_24_46_32_57_68_28_40"
"CPHN27","","14_72_24_46_32_57_68_28_40"
"VAT255","","14_72_24_46_32_57_68_28_40"
"VAT3514","","14_72_24_46_32_57_68_28_40"
"OXF165","Roman","14_72_24_46_32_57_68_28_40"
"MONTS66","Roman","14_72_24_46_32_57_68_28_40"
"HAAG25","Roman","14_72_24_46_32_57_68_28_40"
"UPS493","Franciscan","14_72_24_46_32_57_68_28_40"
"STUTT94","Roman","14_72_24_46_32_57_68_28_40"
"GEN356","Roman","14_72_24_46_32_57_68_28_40"
"VAT7724","Bergamo","14_72_24_46_32_57_68_28_40"
"BN1687","Montecassino","14_72_24_46_32_57_68_28_40"
"LISB19","Roman","14_72_24_46_32_57_68_28_40"
"NYPML7","Roman","14_72_24_46_32_57_68_28_40"
"VAT112","Roman","14_72_24_46_32_57_68_28_40"
"VAT1009","Padua","14_72_24_46_32_57_68_28_40"
"CPHT541","Roman","14_72_24_46_32_57_68_28_40"
"BL18307","Freising","14_72_24_46_32_57_68_28_40"
"BN27954","Roman","14_72_24_46_32_57_68_28_40"
"CPHV896","Melk","14_72_24_46_32_57_68_28_40"
"HAAG81","Roman","14_72_24_46_32_57_68_28_40"
"VCEGRI","Roman","14_72_24_46_32_57_68_28_40"
"FRFT118","Roman","14_72_24_46_32_57_68_28_40"
"BN11587","Chezal-Benoit","14_72_24_46_32_57_68_28_40"
"LISB1","Roman","14_72_24_46_32_57_68_28_40"
"CPHCJ46","","14_72_24_46_32_57_68_28_40"
"S.1938-6","Roman","14_72_24_46_32_57_68_28_40"
"BL3595","Roman","14_72_24_46_32_57_68_28_40"
"FLO1075","Roman","14_72_24_46_32_57_68_28_40"
"MONTS53","Roman","14_72_24_46_32_57_68_28_40"
"OSB1525","Montecassino","14_72_24_46_32_57_68_28_40"
"UTR11","Roman","14_72_24_46_32_57_68_28_40"
"B1242","Beaumont-les-Tours","14_72_24_46_32_57_68_28_40"
"ARS2856","Chezal-Benoit","14_72_24_46_32_57_68_28_40"
"OXF304","Neresheim","14_72_24_46_32_57_68_28_40"
"CPHC799","Roman","14_72_24_46_32_57_68_28_40"
"MAZ11890","Roman","14_72_24_46_32_57_68_28_40"
"AMIENS-49","Roman","14_72_24_46_32_57_68_28_40"
"GEN237","Roman","14_72_24_46_32_57_68_28_40"
"ARS2780","Senlis","14_72_24_46_32_57_68_28_40"
"TORT10","St. Fredian's","14_72_24_46_32_57_68_28_40"
"VAT184","Limoges","14_72_24_46_32_57_68_40_38"
"BN1425","Limoges","14_72_24_46_32_57_68_40_38"
"BN2854","Limoges","14_72_24_46_32_57_68_40_38"
"GEN2702","Limoges","14_72_24_46_32_57_68_40_38"
"BORD920","Bordeaux","14_72_24_46_32_57_68_51_38"
"BORD86","Bordeaux","14_72_24_46_32_57_68_51_40"
"BN300","Bordeaux","14_72_24_46_32_57_68_51_40"
"S.1939-1","","14_72_24_46_32_57_68_79_38"
"RIOM21","","14_72_24_46_32_57_68_82_38"
"OXF339","Carinola","14_72_24_46_57_28_68_71_40"
"NYPML6","","14_72_24_46_68_57_24_28_38"
"EPIN127D","","14_72_24_47_1_79_83_18_38"
"METZ464D","Interlaken","14_72_24_47_1_83_79_18_38"
"VAT65D","St. Maurice-en-Valais","14_72_24_47_1_83_79_18_38"
"BN14827","Orleans","14_72_24_56_46_58_32_68_38"
"MAZ499","Orleans","14_72_24_56_46_58_32_68_38"
"ORLE132","Orleans","14_72_24_56_46_58_32_68_38"
"MAZ34968","Orleans","14_72_24_56_46_58_32_68_38"
"GEN827D","Orleans","14_72_24_56_46_58_32_68_38"
"GEN841","Orleans","14_72_24_56_46_58_32_68_38"
"CPHN28","","14_72_24_57_24_68_28_46_38"
"ANGERS91","","14_72_24_57_32_28_68_82_40"
"MUN17010","Premonstratensian","14_72_24_57_32_40_68_18_38"
"VERD125","Premonstratensian","14_72_24_57_32_40_68_18_38"
"BERL319B","Hildesheim","14_72_24_57_32_40_68_18_38"
"ASS599","Premonstratensian","14_72_24_57_32_40_68_18_38"
"BL27407","Premonstratensian","14_72_24_57_32_40_68_18_38"
"OXF402","Premonstratensian","14_72_24_57_32_40_68_18_38"
"CHARL42","Premonstratensian","14_72_24_57_32_40_68_18_38"
"ROME462","Premonstratensian","14_72_24_57_32_40_68_18_38"
"MUN17004","Premonstratensian","14_72_24_57_32_40_68_18_38"
"NUE4984","Premonstratensian","14_72_24_57_32_40_68_18_38"
"SCHL258","Premonstratensian","14_72_24_57_32_40_68_18_38"
"BN10496","Premonstratensian","14_72_24_57_32_40_68_18_38"
"EDINB48S","Premonstratensian","14_72_24_57_32_40_68_18_38"
"BN27979","Premonstratensian","14_72_24_57_32_40_68_18_38"
"B1155","Premonstratensian","14_72_24_57_32_40_68_18_38"
"BN27979","Premonstratensian","14_72_24_57_32_40_68_18_38"
"COLM434","Premonstratensian","14_72_24_57_32_40_68_18_38"
"VAT33B","","14_72_24_57_32_40_68_28_38"
"WASH134","","14_72_24_57_32_40_68_28_38"
"BOLGSN","Ste Godeberta","14_72_24_57_32_40_68_36_38"
"ARS280","","14_72_24_57_32_40_68_58_38"
"LYO5995","","14_72_24_57_32_40_68_58_38"
"CON1B","Seebach","14_72_24_57_32_68_18_40_38"
"CON1542B","Seebach","14_72_24_57_32_68_18_40_38"
"BN18026","","14_72_24_57_32_68_28_46_38"
"IVREA62","Ivrea","14_72_24_57_32_68_67_51_38"
"VAT61","","14_72_24_57_68_32_83_11_38"
"CHIC15534","","14_72_24_57_68_32_83_11_38"
"S.1932-1","Perigueux","14_72_24_68_32_38_57_28_40"
"MANS1779","Perigueux","14_72_24_68_32_38_57_28_40"
"BN2769","Perigueux","14_72_24_68_32_38_57_28_40"
"POIT26","St. Hilaire-le-Grand","14_72_24_68_32_46_57_36_40"
"ENGEL107","Basle, St. Leonhard","14_72_24_68_32_57_28_11_1"
"GRGT(2)B","Windesheim","14_72_24_68_57_82_32_58_38"
"MAZ375B","Windesheim","14_72_24_68_57_82_32_58_38"
"MAZ385B","Windesheim","14_72_24_68_57_82_32_58_38"
"HAARL28B","Windesheim","14_72_24_68_57_82_32_58_38"
"HAAG65B","Windesheim","14_72_24_68_57_82_32_58_38"
"MIL60B","Windesheim","14_72_24_68_57_82_32_58_38"
"UTRKM3B","Windesheim","14_72_24_68_57_82_32_58_38"
"CPHV913B","Windesheim","14_72_24_68_57_82_32_58_38"
"DARM848B","Weidenbach, Cologne","14_72_24_68_57_82_32_58_38"
"CPHV3508B","Windesheim","14_72_24_68_57_82_32_58_38"
"MAZ991B","Windesheim","14_72_24_68_57_82_32_58_38"
"CPHT123B","Windesheim","14_72_24_68_57_82_32_58_38"
"TOULSN1","St. Nicholas","14_72_24_68_57_82_90_40_38"
"HAAG47B","Utrecht","14_72_24_68_57_82_93_58_29"
"BN6343B","Utrecht","14_72_24_68_57_82_93_58_29"
"BN545B","Utrecht","14_72_24_68_57_82_93_58_29"
"HAAG35B","Utrecht","14_72_24_68_57_82_93_58_29"
"UTR12","Utrecht","14_72_24_68_57_82_93_58_29"
"BRU33208","Utrecht","14_72_24_68_57_82_93_58_29"
"CPHG3445B","Utrecht","14_72_24_68_57_82_93_58_38"
"NAPOLI7","Carthusian(S. Martino)","14_72_24_75_32_57_28_71_40"
"TREV427B","St. Simeon, Trier","14_72_24_79_32_57_68_28_38"
"BN915","St. Denis, Rheims","14_72_24_82_32_57_68_28_38"
"BN18021","Rheims","14_72_24_82_32_57_68_28_38"
"HAAG75","Rheims","14_72_24_82_32_57_68_28_38"
"REIMS308","Rheims","14_72_24_82_32_57_68_28_38"
"HAAG4","Rheims","14_72_24_82_32_57_68_28_38"
"GEN190","Rheims","14_72_24_82_32_57_68_28_38"
"BN2904","Rheims","14_72_24_82_32_57_68_28_38"
"REIMS1515","Rheims","14_72_24_82_32_57_68_28_38"
"GEN1372","La Couture","14_72_24_82_32_57_68_28_38"
"B1234","Notre-Dame-des-Pres-les-Troyes","14_72_24_82_32_57_68_28_38"
"BRAGASEM","Braga","14_72_24_82_32_57_68_28_38"
"TROY1951","Rheims","14_72_24_82_32_57_68_28_40"
"CAMBR87","Rheims","14_72_24_82_32_57_68_28_40"
"BRAGA1933","Braga","14_72_24_82_32_57_68_28_46"
"BOUV(2)","Croix-St-Leufroy","14_72_24_82_32_57_68_28_46"
"BN27783","Croix-St-Leufroy","14_72_24_82_32_57_68_28_46"
"BRAGAMUS","Braga","14_72_24_82_32_57_68_28_46"
"BLA2","Braga","14_72_24_82_32_57_68_28_46"
"BN4509","","14_72_24_82_32_57_68_83_38"
"LAON263","Laon","14_72_24_82_32_57_68_89_40"
"LAON12","Laon","14_72_24_82_32_57_68_89_40"
"ARS563","Laon","14_72_24_82_32_57_68_89_40"
"S.1932-16","Laon","14_72_24_82_32_57_68_89_40"
"BN2624","Laon","14_72_24_82_32_57_68_89_40"
"ARS2559","Laon","14_72_24_82_32_57_68_89_40"
"DIJON1665","St. Etienne-de-Dijon","14_72_24_82_32_57_79_83_38"
"CPHT540","Langres","14_72_24_82_32_57_79_83_38"
"MAZ515","Langres","14_72_24_82_32_57_79_83_38"
"BN27902","Langres","14_72_24_82_32_57_79_83_38"
"BN2849","Langres","14_72_24_82_32_57_79_83_38"
"BN27716","Langres","14_72_24_82_32_57_79_83_38"
"DOLE45","","14_72_24_82_57_32_28_68_38"
"BRU4483","Soignies","14_72_24_83_93_18_58_79_38"
"OXF10","Westminster","14_72_24_90_32_40_68_28_38"
"MONTS36","Vergy","14_72_24_90_32_57_28_46_38"
"VAL116","St. Amand","14_72_24_90_32_57_28_46_38"
"ARRAS465","St. Vedast","14_72_24_90_32_57_28_46_40"
"CAM422","Sherbone","14_72_24_90_32_57_28_68_40"
"BN1257","Tulle","14_72_24_90_32_57_68_28_38"
"BL157","St. Frideswide, Oxford","14_72_24_90_32_57_68_28_38"
"BN12037","St. Maur-des-Fosses","14_72_24_90_32_57_68_28_38"
"DOUAI138","Marchiennes","14_72_24_90_32_57_68_28_38"
"MAZ349","Faremoutiers","14_72_24_90_32_57_68_28_38"
"CAMBR102","Sepulchre de Cambrai","14_72_24_90_32_57_68_28_38"
"CPHN29","","14_72_24_90_32_57_68_28_38"
"LOCH7","Beaulieu-les-Loches","14_72_24_90_32_57_68_28_38"
"S.1938-2","St. Serge","14_72_24_90_32_57_68_28_38"
"VAT60","St. Laumer","14_72_24_90_32_57_68_28_38"
"BN27701","St. Melaine","14_72_24_90_32_57_68_28_38"
"ROUEN253","Fecamp","14_72_24_90_32_57_68_28_38"
"GEN1370","Marmoutier","14_72_24_90_32_57_68_28_38"
"TROY1752","St. Maur-des-Fosses","14_72_24_90_32_57_68_28_38"
"BN783","St. Martial","14_72_24_90_32_57_68_28_38"
"BN774","St. Martial","14_72_24_90_32_57_68_28_38"
"LIMO4","St. Martial","14_72_24_90_32_57_68_28_38"
"LYO555","Vezelay","14_72_24_90_32_57_68_28_38"
"OXF169","Chester","14_72_24_90_32_57_68_28_40"
"LAON255","Bec","14_72_24_90_32_57_68_28_40"
"BL960","Hyde Abbey","14_72_24_90_32_57_68_28_40"
"EVREUX116","","14_72_24_90_32_57_68_28_40"
"BN27996","Bec","14_72_24_90_32_57_68_28_40"
"OXF8","Hyde Abbey","14_72_24_90_32_57_68_28_40"
"BL6","St. Albans","14_72_24_90_32_57_68_28_40"
"BL16975","Lyre","14_72_24_90_32_57_68_28_40"
"BN1088","St. Martial","14_72_24_90_32_57_68_28_40"
"OXF18","Tynemouth","14_72_24_90_32_57_68_28_40"
"BRU3827","St. Ouen","14_72_24_90_32_57_68_28_40"
"ROUEN254","Bonne Nouvelle","14_72_24_90_32_57_68_28_40"
"OXF45","Moissac","14_72_24_90_32_57_68_28_46"
"VAL196","Winchcombe","14_72_24_90_32_57_68_28_46"
"ROUEN211","Jumieges","14_72_24_90_32_57_68_28_46"
"AVRAN39","Mont-Saint-Michel","14_72_24_90_32_57_68_28_46"
"ROUEN212","Jumieges","14_72_24_90_32_57_68_28_46"
"DIJON113","St. Benigne-de-Dijon","14_72_24_90_32_57_68_28_46"
"REIMS314","St. Tierry","14_72_24_90_32_57_68_28_46"
"BN13260","St. Amand","14_72_24_90_32_57_68_28_46"
"ARRAS729","St. Vedast","14_72_24_90_32_57_68_28_46"
"BN1043","Bourgueil","14_72_24_90_32_57_68_28_46"
"ROUEN228","Jumieges","14_72_24_90_32_57_68_28_46"
"ARS274","St. Benigne-de-Dijon","14_72_24_90_32_57_68_28_46"
"ARRAS725","St. Vedast","14_72_24_90_32_57_68_28_46"
"BN13242B","Troarn","14_72_24_90_32_57_68_28_46"
"ESC36","","14_72_24_90_32_57_68_28_46"
"CAMBR111","Sepulchre de Cambrai","14_72_24_90_32_57_68_28_46"
"ST.OM422","St. Bertin","14_72_24_90_32_57_68_28_46"
"BRU4956","St. Ghislain","14_72_24_90_32_57_68_28_46"
"ST.OM383","St. Bertin","14_72_24_90_32_57_68_28_46"
"AIX14","St. Victor, Marseilles","14_72_24_90_32_57_68_28_46"
"AIX101D","Montmajour","14_72_24_90_32_57_68_28_46"
"MIL882","San Benito el Real","14_72_24_90_32_57_68_28_46"
"BN11949","Monastery of Corbie","14_72_24_90_32_57_68_28_46"
"COLLJ-B1","St. Victor, Marseilles","14_72_24_90_32_57_68_28_46"
"BL44874","Evesham","14_72_24_90_32_57_68_28_46"
"OXF1523","Brooholm","14_72_24_90_32_57_68_28_46"
"DOUAI68","Marchiennes","14_72_24_90_32_57_68_28_46"
"BL22","Westminster","14_72_24_90_32_57_68_28_46"
"FEC186","Fecamp","14_72_24_90_32_57_68_28_46"
"ROUEN244","Fecamp","14_72_24_90_32_57_68_28_46"
"AVRAN168","Mont-Saint-Michel","14_72_24_90_32_57_68_28_46"
"BN1041","St. Pierre-le-Vif","14_72_24_90_32_57_68_28_46"
"BL3950","Norwich (Cathedral) OSB","14_72_24_90_32_57_68_28_46"
"OXF41","Evesham","14_72_24_90_32_57_68_28_46"
"MAREDSOUS","Mont-Saint-Michel","14_72_24_90_32_57_68_28_46"
"MEAUX4","St. Faron","14_72_24_90_32_57_68_28_46"
"BN13239","St. Germain-des-Pres","14_72_24_90_32_57_68_28_46"
"LAON214","St. Vincent","14_72_24_90_32_57_68_28_46"
"BN424","Mont-Saint-Michel","14_72_24_90_32_57_68_28_46"
"BRAGA657","Soeiro","14_72_24_90_32_57_68_28_46"
"BERNE768","","14_72_24_90_32_57_68_28_46"
"EBAMS10","St. Serge","14_72_24_90_32_57_68_28_46"
"BRU5155","St. Florent-les-Saumur","14_72_24_90_32_57_68_28_46"
"BN13311","St. Germain-des-Pres","14_72_24_90_32_57_68_28_46"
"S.1954-5","St. Pierre-le-Vif","14_72_24_90_32_57_68_28_46"
"TOURS230","St. Julian","14_72_24_90_32_57_68_28_46"
"BN19214","St. Ouen","14_72_24_90_32_57_68_28_46"
"BLSN(3)","San Benito el Real","14_72_24_90_32_57_68_28_46"
"GEN1376","Fecamp","14_72_24_90_32_57_68_28_46"
"VEND17","Vendome","14_72_24_90_32_57_68_28_46"
"TROY109","Montier-la-Celle","14_72_24_90_32_57_68_28_46"
"ROUEN192","St. Ouen","14_72_24_90_32_57_68_28_46"
"BN12043","St. Germain-des-Pres","14_72_24_90_32_57_68_28_46"
"BN12042","St. Maur-des-Fosses","14_72_24_90_32_57_68_28_46"
"BN18034","Monastery of Corbie","14_72_24_90_32_57_68_28_46"
"BN27827","Cluny","14_72_24_90_32_57_68_28_46"
"NARB166","Arles-sur-Tech","14_72_24_90_32_57_68_28_46"
"OXF12","Sherborne","14_72_24_90_32_57_68_28_46"
"DOUAI159","Anchin","14_72_24_90_32_57_68_28_46"
"GEN2613","St. Remy","14_72_24_90_32_57_68_28_46"
"SOL334","Cluny","14_72_24_90_32_57_68_28_46"
"PARIC1","Moissac","14_72_24_90_32_57_68_28_46"
"BN1071","Bourgueil","14_72_24_90_32_57_68_28_46"
"AIX159","Villeneuve-les-Avignon","14_72_24_90_32_57_68_28_46"
"VAT173","Northern Italy","14_72_24_90_32_57_68_28_79"
"BL30850","Silos","14_72_24_90_32_57_68_28_82"
"BESAN137","Villeneuve-les-Avignon","14_72_24_90_32_57_68_28_82"
"BOUV(1)","Sainte-Foy of Conques","14_72_24_90_32_57_68_28_83"
"CHARTR541","Josaphat-les-Chartres","14_72_24_90_32_57_68_36_46"
"VAT530","Todi","14_72_24_90_32_57_68_40_38"
"MAZ11873","St. Martial","14_72_24_90_32_57_68_40_38"
"ARS2996","St. Martial","14_72_24_90_32_57_68_40_38"
"PIAC54B","Piacenza","14_72_24_90_32_57_68_40_79"
"OXF321","St. Peter's Ravenna","14_72_24_90_32_57_68_40_79"
"TOL20","","14_72_24_90_32_57_68_40_79"
"BNSN(1)","St. Aubin","14_72_24_90_32_57_68_46_38"
"BN5208","St. Aubin","14_72_24_90_32_57_68_46_38"
"BN27910","Vendome","14_72_24_90_32_57_68_46_38"
"TREV404","St. Maximin, Trier","14_72_24_90_32_57_68_46_38"
"BN4758","","14_72_24_90_32_57_68_46_60"
"BN1030","Lodi","14_72_24_90_32_57_68_79_38"
"MAZ525","Asti","14_72_24_90_32_57_68_79_40"
"GRASS1513","La Grasse","14_72_24_90_32_57_83_28_46"
"MTP118","Aniane","14_72_24_90_32_68_46_28_82"
"MTP27","Aniane","14_72_24_90_32_68_46_28_82"
"VAT5768","Bobbio","14_72_24_90_32_68_57_51_40"
"MONZA12","St. John's of Monza","14_72_24_90_32_68_57_81_40"
"GERONA45","St. Feliu","14_72_24_90_57_68_28_40_82"
"GAPS(2)","","14_72_24_90_79_68_83_32_38"
"BASLE43","Macon","14_72_28_24_57_32_68_40_38"
"LYO573","Macon","14_72_28_24_57_32_68_40_38"
"LYO580","Macon","14_72_28_24_57_32_68_40_38"
"BN1608","Macon","14_72_28_24_57_32_68_40_38"
"BN487","Macon","14_72_28_24_57_32_68_40_38"
"LISB2","","14_72_28_46_32_57_68_1_40"
"BN1752","Chartres","14_72_32_24_57_12_76_40_38"
"BN1756","Chartres","14_72_32_24_57_12_76_40_38"
"VAT4756","Chartres","14_72_32_24_57_12_76_40_38"
"LYO577","Treguier","14_72_32_24_57_28_68_82_38"
"VOL5403","St. Fabian of Fibbia","14_72_32_24_57_64_46_68_40"
"LUCCA5","Jerusalem","14_72_32_24_57_64_28_40_38"
"BN1754","Chartres","14_72_32_24_57_68_28_46_38"
"BN17300","St. Jean-en-Vallee","14_72_32_24_57_68_76_36_38"
"BN1794","St. Jean-en-Vallee","14_72_32_24_57_68_76_40_38"
"ARS649","Chartres","14_72_32_24_57_68_76_40_38"
"ARS1406","Chartres","14_72_32_24_57_68_76_40_38"
"BN1420","Chartres","14_72_32_24_57_68_76_40_38"
"ARS1421","Chartres","14_72_32_24_57_68_76_40_38"
"BN27931","Chartres","14_72_32_24_57_68_76_40_38"
"BN2954","Chartres","14_72_32_24_57_68_76_40_38"
"BN39","Chartres","14_72_32_24_57_68_76_40_38"
"BN1604","Chartres","14_72_32_24_57_68_76_40_38"
"M.C.21532","Chartres","14_72_32_24_57_68_76_40_38"
"BN3835","","14_72_32_24_57_68_76_40_38"
"LAON226","St. Paul, Verdun","14_72_32_24_57_68_82_28_38"
"S.1933-3","","14_72_32_24_57_68_82_40_38"
"CHALD5D","St. Memmie-de-Chalons","14_72_32_24_57_68_82_40_38"
"MIL1869B","Hamburg","14_72_32_24_57_68_82_40_38"
"BN1376","Angers","14_72_32_24_57_68_90_40_38"
"ARS120","Mont-Saint-Quentin","14_72_32_24_68_40_83_82_38"
"ARS132","Porquerolles","14_72_32_36_68_46_51_24_83"
"COLLJ-B2","","14_72_32_36_68_46_51_40_38"
"TRV597","Prüm","14_72_32_57_24_28_68_40_46"
"LEIPZ93","Prüm","14_72_32_57_24_28_68_40_46"
"MAZ346","St. Magloire-de-Lehon","14_72_32_57_24_68_28_40_38"
"WAG38","Soissons","14_72_32_57_24_68_28_46_38"
"BN1259","Soissons","14_72_32_57_24_68_28_46_40"
"LYO5146","","14_72_32_57_24_68_46_28_38"
"ARS102D","Soissons","14_72_32_57_28_68_24_46_38"
"BN9163","Soissons","14_72_32_57_28_68_24_46_38"
"BN2623","Soissons","14_72_32_57_28_68_24_46_38"
"BL8192","Erfurt","14_72_32_57_68_46_79_83_38"
"BN1031","Senlis","14_72_32_57_68_58_46_40_38"
"BN1031D","Senlis","14_72_32_57_68_58_46_40_38"
"BN1772","Senlis","14_72_32_57_68_58_46_40_38"
"S.1932-2","Senlis","14_72_32_57_68_58_46_40_38"
"GEN124","Senlis","14_72_32_57_68_58_46_82_38"
"GEN1261","Senlis","14_72_32_57_68_58_46_82_40"
"VAT4763","Mainz","14_72_32_57_68_82_36_46_40"
"VAT4763","Mainz","14_72_32_57_68_82_36_46_40"
"BN223B","Mainz","14_72_32_57_68_82_36_46_40"
"MAINZ950B","Mainz","14_72_32_57_68_82_36_46_40"
"BN1678B","Mainz","14_72_32_57_68_82_36_46_40"
"CPHV904B","Mainz","14_72_32_57_68_82_36_46_40"
"TREV439B","Eberhardsklausen","14_72_32_57_68_82_36_46_40"
"BN1210","Sens","14_72_32_68_24_46_28_57_38"
"AUX60(1)","Sens","14_72_32_68_24_46_84_40_38"
"SENS6","Sens","14_72_32_68_24_46_84_40_38"
"AUX60(2)","Sens","14_72_32_68_24_46_84_40_38"
"BN1028","Sens","14_72_32_68_24_46_84_40_38"
"AUT1605","Sens","14_72_32_68_24_46_84_40_38"
"BN13261","Sens","14_72_32_68_24_46_84_40_38"
"BN1195","Sens","14_72_32_68_24_46_84_40_38"
"GEN207","Sens","14_72_32_68_24_46_84_40_38"
"BN9158","Sens","14_72_32_68_24_46_84_40_38"
"CAM6","","14_72_32_68_57_36_64_1_38"
"BN1206","St. James of Melun","14_72_32_68_57_46_28_40_38"
"PROV229","St. Quiriace of Provins","14_72_32_68_57_46_82_40_38"
"BN27754","Belley","14_72_32_68_57_79_1_40_38"
"BN1605","Gap","14_72_32_68_57_79_83_40_38"
"BN659","Viviers","14_72_32_68_57_82_79_83_38"
"AVIGN128","Viviers","14_72_32_68_57_82_79_83_38"
"MADR6086","Viviers","14_72_32_68_57_82_79_83_38"
"MARS113","Viviers","14_72_32_68_57_82_79_83_38"
"BN2884","Viviers","14_72_32_68_57_82_79_83_38"
"MIL46","Angers","14_72_32_68_57_82_90_40_38"
"S.LON(6)","Angers","14_72_32_68_57_82_90_40_38"
"ANGERS83","Angers","14_72_32_68_57_82_90_40_38"
"ARS577","Angers","14_72_32_68_57_82_90_40_38"
"BAUGY3","Angers","14_72_32_68_57_82_90_40_38"
"BN10543","Angers","14_72_32_68_57_82_90_40_38"
"CARP77","Angers","14_72_32_68_57_82_90_40_38"
"BN25","Angers","14_72_32_68_57_82_90_40_38"
"BN1813","Angers","14_72_32_68_57_82_90_40_38"
"BN6220","Angers","14_72_32_68_57_82_90_40_38"
"BN1261","Frejus","14_72_32_68_79_83_57_40_38"
"MAZ814","Frejus","14_72_32_68_79_83_57_40_38"
"ARLES7","Frejus","14_72_32_68_79_83_57_40_38"
"AMIENS-62","Essommes","14_72_32_82_93_58_13_40_38"
"VERD113","Hasnon","14_72_36_90_32_67_68_28_38"
"CHAL16","St. Pierre-aux-Monts","14_72_36_90_32_67_68_46_38"
"CHAL30","St. Pierre-aux-Monts","14_72_36_90_32_67_68_46_38"
"BRU10770","St. Ghislain","14_72_38_32_68_57_40_58_13"
"B1086","Beaulieu-les-Loches","14_72_40_32_57_46_68_82_38"
"DARM938","St. Severin, Cologne","14_72_46_24_32_79_68_82_18"
"DARM914","St. Severin, Cologne","14_72_46_24_32_79_68_82_18"
"ROME1720","Cistercian","14_72_46_32_57_40_68_28_38"
"BN1410","Cistercian","14_72_46_32_57_40_68_28_38"
"EBAMS66","Cistercian","14_72_46_32_57_40_68_28_38"
"TROY574","Cistercian","14_72_46_32_57_40_68_28_38"
"DIJON114","Cistercian","14_72_46_32_57_40_68_28_38"
"MUN7907","Cistercian","14_72_46_32_57_40_68_28_38"
"TREV411","Cistercian","14_72_46_32_57_40_68_28_38"
"CAMBR123","Cistercian","14_72_46_32_57_40_68_28_38"
"KREMS5(1)","Cistercian","14_72_46_32_57_40_68_28_38"
"BOLG346","Cistercian","14_72_46_32_57_40_68_28_38"
"GEN1273","St. Bertin","14_72_46_32_57_40_68_28_38"
"UDINE6","Cistercian","14_72_46_32_57_40_68_28_38"
"VAT37","Cistercian","14_72_46_32_57_40_68_28_38"
"MUN23083","","14_72_46_32_57_40_68_28_38"
"FREIB301","Cistercian","14_72_46_32_57_40_68_28_38"
"COLM436","Cistercian","14_72_46_32_57_40_68_28_38"
"FREIB43","Cistercian","14_72_46_32_57_40_68_28_38"
"COLM300","Cistercian","14_72_46_32_57_40_68_28_38"
"MAZ472","Cistercian","14_72_46_32_57_40_68_28_38"
"STUTT92","Cistercian","14_72_46_32_57_40_68_28_38"
"CAMBR1284","Williamites","14_72_46_32_57_40_68_28_38"
"MIL365","Cistercian","14_72_46_32_57_40_68_28_38"
"FREIB406","Cistercian","14_72_46_32_57_40_68_28_38"
"BN2852","Cistercian","14_72_46_32_57_40_68_28_38"
"CPHCJ72","Cistercian","14_72_46_32_57_40_68_28_38"
"COLM384","Dominican","14_72_46_32_57_40_68_46_38"
"GEN2628","","14_72_46_90_32_57_68_40_38"
"BL2844","Littlemore","14_72_47_57_24_1_28_27_38"
"BN27998","Carthusian (Beaune)","14_72_51_32_57_38_36_68_12"
"EBAMS8","Carthusian (Beaune)","14_72_51_32_57_38_36_68_46"
"BN1056","Carthusian (Beaune)","14_72_51_32_57_38_36_68_46"
"BN3042","St. Oyan","14_72_51_90_32_57_68_79_46"
"S.1937-4","St. Oyan","14_72_51_90_32_57_68_79_46"
"BN24138","St. Oyan","14_72_51_90_32_57_68_79_46"
"METZ1546D","Metz","14_72_52_46_57_18_79_82_38"
"MAZ23834","Vallumbrosan","14_72_56_24_32_57_68_28_40"
"BL40150","Vallumbrosan","14_72_56_24_32_57_68_28_46"
"VAT76","Vallumbrosan","14_72_56_24_32_57_68_28_46"
"MCR74","Sta Maria in Trastevere","14_72_56_24_32_57_68_40_79"
"MIL267","Humiliati","14_72_56_24_32_57_68_40_79"
"BL2883","Humiliati","14_72_56_24_32_57_68_40_79"
"BN5338","Humiliati","14_72_56_24_32_57_68_40_79"
"S.1932-19","Plasencia","14_72_56_32_24_57_68_40_79"
"OXF1","Como","14_72_56_90_24_32_57_68_40"
"S.LYO(2)","","14_72_57_32_24_28_68_82_38"
"CHARTR240","St. Bavon","14_72_58_25_13_46_68_18_38"
"VAT206","","14_72_58_25_13_46_68_82_38"
"BERKL28","","14_72_58_25_13_46_68_82_38"
"EBAMS16","","14_72_58_25_13_46_68_82_38"
"AVIGN121","","14_72_58_32_57_18_68_46_38"
"VAT69","St Maurice-en-Valais","14_72_58_32_57_29_83_46_38"
"NANCY12","Siegburg","14_72_58_32_57_68_82_28_40"
"OXFUC12","","14_72_58_32_57_93_68_18_38"
"ROUEN232","Mechlin","14_72_58_90_32_68_57_18_38"
"BRU5501","Soignies","14_72_68_24_32_83_13_58_38"
"AVIGN494","Cavaillon","14_72_68_32_38_21_79_83_1"
"ALBI20","Aurillac","14_72_68_32_38_79_67_40_64"
"GREN8790","S. Lorenzo, Oulx","14_72_68_32_46_79_67_40_38"
"GREN767","Susa","14_72_68_32_46_79_67_40_38"
"FRFT119","Evreux","14_72_68_32_57_28_46_28_38"
"EVREUX95D","Evreux","14_72_68_32_57_28_46_82_38"
"ROUEN381","Evreux","14_72_68_32_57_28_46_82_38"
"BN388","Evreux","14_72_68_32_57_28_46_82_38"
"BN1349","Evreux","14_72_68_32_57_28_46_82_38"
"BORD1780","Evreux","14_72_68_32_57_28_46_82_38"
"ROUEN400","Evreux","14_72_68_32_57_28_46_82_38"
"S.1976","Evreux","14_72_68_32_57_28_46_82_38"
"EBA1622","Evreux","14_72_68_32_57_28_46_82_38"
"OXF7","Apt","14_72_68_32_57_83_79_40_38"
"CARP2675","Apt","14_72_68_32_57_83_79_40_38"
"ARLES74","Apt","14_72_68_32_57_83_79_40_38"
"HAAG25B","Deventer","14_72_68_32_58_82_44_79_18"
"BN1061","Aix-en-Provence","14_72_68_32_79_83_38_40_1"
"ARLES164","Aix-en-Provence","14_72_68_32_79_83_38_40_1"
"BORD96","Poitiers","14_72_68_57_32_46_24_28_40"
"INN281","Poitiers","14_72_68_57_32_46_24_51_38"
"S.1954-2","Poitiers","14_72_68_57_32_46_24_51_40"
"BN922","Poitiers","14_72_68_57_32_46_24_51_40"
"BN1057","Poitiers","14_72_68_57_32_46_24_51_40"
"MELUN5","Poitiers","14_72_68_57_32_46_24_51_40"
"VATT119","Poitiers","14_72_68_57_32_46_24_51_40"
"EBAI536","Poitiers","14_72_68_57_32_46_24_51_40"
"GEN2705","Poitiers","14_72_68_57_32_46_24_51_40"
"BN1655","Poitiers","14_72_68_57_32_46_24_51_40"
"BN4568","Poitiers","14_72_68_57_32_46_24_51_40"
"POIT25","Poitiers","14_72_68_57_32_46_24_51_40"
"BN27801","Poitiers","14_72_68_57_32_46_28_51_40"
"BN6328","Sisteron","14_72_68_90_32_57_79_83_38"
"VAT535","","14_72_79_24_32_18_68_1_38"
"DARM3714","St. Andrews, Cologne","14_72_79_24_32_46_68_82_18"
"CLG244","Cologne","14_72_79_24_32_46_68_82_18"
"DARM855","St. Andrews, Cologne","14_72_79_24_32_46_68_82_18"
"DARM352","St. Andrews, Cologne","14_72_79_24_32_46_68_82_18"
"BL27913","Cologne","14_72_79_24_32_46_68_82_18"
"BL1244","Cologne","14_72_79_24_32_46_68_82_18"
"BN27807","Cologne","14_72_79_24_32_46_68_82_18"
"BL31913","Cologne","14_72_79_24_32_46_68_82_38"
"S.1915","Cologne","14_72_79_24_32_46_68_82_38"
"AVIGN208B","Cologne","14_72_79_24_32_46_68_82_38"
"BN4947","Pamplona","14_72_79_46_32_1_68_28_38"
"TROY1188","Troyes","14_72_82_1_28_93_53_68_38"
"TROY838","Troyes","14_72_82_1_28_93_53_68_38"
"S.1938-12","Troyes","14_72_82_1_28_93_53_68_38"
"BESAN140","Troyes","14_72_82_1_28_93_53_68_38"
"BN13271","Troyes","14_72_82_1_28_93_53_68_38"
"BN924","Troyes","14_72_82_1_28_93_53_68_38"
"CPHG1608","Troyes","14_72_82_1_28_93_53_68_38"
"LYO5143","Troyes","14_72_82_1_28_93_53_68_38"
"S.SD-2","Troyes","14_72_82_1_28_93_53_68_38"
"S.1954-4","Troyes","14_72_82_1_28_93_53_68_38"
"GEN1280","Troyes","14_72_82_1_28_93_53_68_38"
"B1231","Troyes","14_72_82_1_28_93_53_68_38"
"TREV491","Troyes","14_72_82_1_28_93_53_68_38"
"BN1671","Troyes","14_72_82_1_28_93_53_68_38"
"BN4881","Troyes","14_72_82_1_28_93_53_68_38"
"GEN2637","Troyes","14_72_82_1_28_93_53_68_38"
"BN2923","Troyes","14_72_82_1_28_93_53_68_38"
"TROY980","St. Etienne-de-Troyes","14_72_82_1_28_93_68_40_38"
"S.1932-18","Passau","14_72_82_24_28_32_68_57_38"
"BN1202","Tours","14_72_82_24_32_1_40_68_38"
"TOURS145","Tours","14_72_82_24_32_1_57_68_38"
"ARS561","Tours","14_72_82_24_32_1_57_68_38"
"BN1237","Tours","14_72_82_24_32_1_57_68_38"
"GEN2688","Tours","14_72_82_24_32_1_57_68_38"
"GEN2694","Tours","14_72_82_24_32_1_57_68_38"
"LYO5153","Tours","14_72_82_24_32_1_57_68_38"
"SOL25","Tours","14_72_82_24_32_1_57_68_38"
"BN2850","Tours","14_72_82_24_32_1_57_68_38"
"TOURS2850","Tours","14_72_82_24_32_1_57_68_38"
"BN17965","Tours","14_72_82_24_32_1_57_68_38"
"GEN2709","Tours","14_72_82_24_32_1_57_68_38"
"BN1666","Tours","14_72_82_24_32_1_57_68_38"
"TOURS1668","Tours","14_72_82_24_32_1_57_68_38"
"TOURS2736","Tours","14_72_82_24_32_1_57_68_38"
"GEN1299","Vich","14_72_82_24_32_21_68_79_93"
"BN903","Vich","14_72_82_24_32_21_79_83_38"
"VICH3880","Vich","14_72_82_24_32_21_79_83_38"
"BN9475","Le Mans","14_72_82_24_32_40_68_40_38"
"NIMES8","St. Sernin","14_72_82_24_32_57_28_68_40"
"GEN842","Auch","14_72_82_24_32_57_28_68_40"
"MADR1425","Sigüenza","14_72_82_24_32_57_28_68_40"
"NYPML17","Le Mans","14_72_82_24_32_57_68_28_38"
"LUCCA611","Le Mans","14_72_82_24_32_57_68_28_38"
"TOUL76","Dax","14_72_82_24_32_57_68_28_40"
"BORD3861","Bazas","14_72_82_24_32_57_68_28_40"
"POIT53","Le Mans","14_72_82_24_32_57_68_40_38"
"CLG6","Le Mans","14_72_82_24_32_57_68_40_38"
"GEN1252","Beaulieu-les-le-Mans","14_72_82_24_32_57_68_40_38"
"BN1180","Le Mans","14_72_82_24_32_57_68_40_38"
"BN1302","Le Mans","14_72_82_24_32_57_68_40_38"
"MANS136","Le Mans","14_72_82_24_32_57_68_40_38"
"MANS190","Le Mans","14_72_82_24_32_57_68_40_38"
"S.1943","Le Mans","14_72_82_24_32_57_68_40_38"
"BN1607","Le Mans","14_72_82_24_32_57_68_40_38"
"GEN2639","Vaas","14_72_82_24_32_57_68_40_38"
"BN1609","Le Mans","14_72_82_24_32_57_68_40_38"
"BN1810","Le Mans","14_72_82_24_32_57_68_40_38"
"MANS1529","Le Mans","14_72_82_24_32_57_68_40_38"
"MADR6491","Segovia","14_72_82_24_32_57_68_46_38"
"AGENSN","Agen","14_72_82_24_32_57_68_46_40"
"AGEN10705","Agen","14_72_82_24_32_57_68_46_40"
"ALBI15","Nimes","14_72_82_24_32_57_68_56_40"
"STUTT144","St. Paulinus, Trier","14_72_82_24_32_57_68_79_38"
"TREV387","Pfalzel","14_72_82_24_32_57_68_79_38"
"METZ527","Trier","14_72_82_24_32_57_68_79_38"
"BN27828","Trier","14_72_82_24_32_57_68_79_38"
"CPHN45B","Roskilde","14_72_82_24_32_57_68_83_40"
"CPH32B","Roskilde","14_72_82_24_32_57_68_83_40"
"ST.OM250","Couserans","14_72_82_24_56_57_32_68_40"
"MONTS72","St. Roma","14_72_82_28_24_56_57_68_1"
"VIE43B","Passau","14_72_82_32_24_28_68_57_38"
"GEN2627D","Beaulieu-les-le-Mans","14_72_82_32_24_57_68_40_38"
"S.1950-1","Beaulieu-les-le-Mans","14_72_82_32_24_57_68_40_38"
"TOUL74","Toulouse","14_72_82_32_24_57_68_56_38"
"TOUL72","Toulouse","14_72_82_32_24_57_68_56_40"
"TOULOUSE","Toulouse","14_72_82_32_24_57_68_56_40"
"BN1279","Oloron","14_72_82_32_57_38_68_28_40"
"ARS105","Valencia","14_72_82_32_57_38_68_28_40"
"MADRSN","Saragossa","14_72_82_32_57_38_68_28_40"
"MADR371","Tudela","14_72_82_32_57_38_68_28_40"
"MADR3754","Huesca","14_72_82_32_57_38_68_28_40"
"MADR5097","Hospitaller Sisters","14_72_82_32_57_38_68_28_40"
"MADR3833","Tudela","14_72_82_32_57_38_68_28_40"
"CPH29B","Odense","14_72_82_32_57_40_68_18_38"
"VATPROP","Schleswig","14_72_82_32_57_40_68_18_38"
"CPH30B","Odense","14_72_82_32_57_40_68_18_38"
"CPH31B","Odense","14_72_82_32_57_40_68_18_38"
"CPH33","Schleswig","14_72_82_32_57_40_68_18_38"
"TOL7","Toledo","14_72_82_32_57_40_68_46_38"
"MADR8694","","14_72_82_32_57_40_68_46_38"
"BN261","Burgos","14_72_82_32_57_40_68_46_38"
"BN13234","Seville","14_72_82_32_57_40_68_46_38"
"BN982","Seville","14_72_82_32_57_40_68_46_38"
"MADR372","Toledo","14_72_82_32_57_40_68_46_38"
"MADR415","Toledo","14_72_82_32_57_40_68_46_38"
"MADR25990","Zamora","14_72_82_32_57_40_68_46_38"
"BN1589","Plasencia","14_72_82_32_57_40_68_46_38"
"GEN84","Jaen","14_72_82_32_57_40_68_46_38"
"MADR2658","Salamanca","14_72_82_32_57_40_68_46_38"
"MADRBAH2","Oviedo","14_72_82_32_57_40_68_46_38"
"CUENCA60","Cuenca","14_72_82_32_57_40_68_46_38"
"AOSTA44","Aosta","14_72_82_32_57_68_40_38_83"
"AOSTA45","Aosta","14_72_82_32_57_68_40_38_83"
"AOSTA8","Aosta","14_72_82_32_57_68_40_38_83"
"AOSTA46","Aosta","14_72_82_32_57_68_40_38_83"
"BURG37","Burgos","14_72_82_32_57_83_68_40_38"
"MADR3474","Burgos","14_72_82_32_57_83_68_40_38"
"BURG274","Burgos","14_72_82_32_57_83_68_40_38"
"LISB11","Narbonne","14_72_82_32_68_21_51_79_38"
"MADRBAH1","Solsona","14_72_82_32_68_21_79_83_38"
"ARS2160","Narbonne","14_72_82_32_68_57_51_79_38"
"ARS2160D","Narbonne","14_72_82_32_68_21_83_79_38"
"BN1059","Beziers","14_72_82_32_68_57_56_76_1"
"S-CL14","St. Paul-Trois-Chateaux","14_72_82_32_68_57_79_83_38"
"BN839D","Elne","14_72_82_32_68_83_15_1_38"
"BN838","Elne","14_72_82_32_68_83_36_46_38"
"GEN364","Elne","14_72_82_32_68_83_36_46_38"
"CPHG1610","Bourges","14_72_82_36_46_68_57_32_38"
"FALKNER1","Bourges","14_72_82_36_46_68_57_32_38"
"S.1927","Bourges","14_72_82_36_46_68_57_32_38"
"S.1938-3","Bourges","14_72_82_36_46_68_57_32_38"
"LYO5141","Bourges","14_72_82_36_46_68_57_32_38"
"GEN753","Bourges","14_72_82_36_46_68_57_32_38"
"BN2488","Bourges","14_72_82_36_46_68_57_32_38"
"S.1946-2","Bourges","14_72_82_36_46_68_57_32_38"
"MAZ34974","Bourges","14_72_82_36_46_68_57_32_38"
"BN1309","Gerona","14_72_82_68_11_21_83_38_1"
"GRGT(1)B","Münster","14_72_83_24_32_18_68_28_38"
"VAT93","Münster","14_72_83_24_32_18_68_28_38"
"DORTMSNB","Münster","14_72_83_24_32_18_68_28_38"
"CPHV906B","Münster","14_72_83_24_32_18_68_28_38"
"BN6289B","Münster","14_72_83_24_32_18_68_28_38"
"MUNST(1)B","Münster","14_72_83_24_32_18_68_28_38"
"BRU2810B","Nivelles","14_72_83_32_51_57_58_13_38"
"BL19878","Aquileia","14_72_83_32_51_13_68_28_38"
"VAT11","Old Roman","14_72_90_3_60_71_36_57_38"
"LUCCA4","","14_72_90_24_32_57_28_68_40"
"FLO122","Pavia","14_72_90_24_32_57_68_28_40"
"MIL512","Pavia","14_72_90_24_32_57_68_28_79"
"VAT550","Reggio Emilia","14_72_90_24_32_57_68_40_67"
"MIL27","Reggio Emilia","14_72_90_24_32_57_68_40_79"
"S.1933-4","Halberstadt","14_72_90_24_32_57_68_83_38"
"FLOSN(B)","Florence","14_72_90_32_24_57_68_28_40"
"PIAC65","Piacenza","14_72_90_32_24_57_68_40_79"
"PIAC54A","Piacenza","14_72_90_32_24_57_68_40_79"
"EPIN133","Remiremont","14_72_90_32_57_68_80_91_40"
"BN1018","Marseilles","14_72_90_32_68_83_79_40_38"
"AIX416","Marseilles","14_72_90_32_68_83_79_40_38"
"MALTA","Malta","14_72_90_32_68_83_79_40_38"
"ARS2482","Our Lady of Soisson","14_72_91_16_57_80_30_23_38"
"BN1011","Carcassonne","14_72_11_28_24_32_57_68_38"
"BN1036","Carcassonne","14_72_11_28_24_32_57_68_38"
"BL16(2)","Ste Waudru, Mons","14_72_13_32_57_58_24_40_38"
"VAT10288","Maubeuge","14_72_13_32_57_83_68_40_38"
"BL16(1)","Maubeuge","14_72_13_32_57_83_68_40_38"
"CAMBR133","Maubeuge","14_72_13_32_57_83_68_40_38"
"DOUAI133","St. Ghislain","14_72_13_32_57_83_68_82_38"
"BN1073","Ste Waudru, Mons","14_72_13_32_68_57_40_58_38"
"BRU6630","Ste Waudru, Mons","14_72_13_32_68_57_40_58_38"
"AMIENS206","Ste Waudru, Mons","14_72_13_32_68_57_40_58_38"
"COL180","Ste Waudru, Mons","14_72_13_32_68_57_40_58_38"
"S.1938-5","","14_72_13_32_68_83_58_93_38"
"GREN784","Grenoble","14_72_13_32_68_46_79_40_38"
"GREN136","Grenoble","14_72_13_32_68_46_79_40_38"
"GREN1513","Grenoble","14_72_13_32_68_46_79_40_38"
"GREN1132","Grenoble","14_72_13_32_68_46_79_40_38"
"AACHEN20","Aix-la-Chapelle","25_14_72_13_32_93_82_58_68"
"BRU8223D","St. Ghislain","25_29_83_93_89_58_76_82_65"
"GRGT(2)A","Windesheim","25_44_47_13_93_83_40_79_18"
"CPHC761","Utrecht","25_44_47_13_93_83_40_79_18"
"MAZ375A","Windesheim","25_44_47_13_93_83_40_79_18"
"MAZ385A","Windesheim","25_44_47_13_93_83_40_79_18"
"HAARL28A","Windesheim","25_44_47_13_93_83_40_79_18"
"MAZ370","Corssendonck","25_44_47_13_93_83_40_79_18"
"CPHG3445A","Utrecht","25_44_47_13_93_83_40_79_18"
"FULD132","Utrecht","25_44_47_13_93_83_40_79_18"
"UTR431","Utrecht","25_44_47_13_93_83_40_79_18"
"S.1954-3","Windeheim","25_44_47_13_93_83_40_79_18"
"HAAG77","Utrecht","25_44_47_13_93_83_40_79_18"
"HAAG65A","Utrecht","25_44_47_13_93_83_40_79_18"
"HAAG47A","Windesheim","25_44_47_13_93_83_40_79_18"
"FULD124","Utrecht","25_44_47_13_93_83_40_79_18"
"BN6343A","Utrecht","25_44_47_13_93_83_40_79_18"
"HAARL49","Utrecht","25_44_47_13_93_83_40_79_18"
"HAARL50","Utrecht","25_44_47_13_93_83_40_79_18"
"MIL60A","Windesheim","25_44_47_13_93_83_40_79_18"
"UTR18","Utrecht","25_44_47_13_93_83_40_79_18"
"HAAG19","Utrecht","25_44_47_13_93_83_40_79_18"
"ARS283","Windesheim","25_44_47_13_93_83_40_79_18"
"DARM848A","Weidenbach, Cologne","25_44_47_13_93_83_40_79_18"
"UTRKM3A","Windesheim","25_44_47_13_93_83_40_79_18"
"CPHV913A","Windesheim","25_44_47_13_93_83_40_79_18"
"MCR39","Utrecht","25_44_47_13_93_83_40_79_18"
"BN545A","Utrecht","25_44_47_13_93_83_40_79_18"
"CPHV3508A","Windesheim","25_44_47_13_93_83_40_79_18"
"MAZ991A","Windesheim","25_44_47_13_93_83_40_79_18"
"HAAG35A","Utrecht","25_44_47_13_93_83_40_79_18"
"CPHT123A","Windesheim","25_44_47_13_93_83_40_79_18"
"BRU33208A","Utrecht","25_44_47_13_93_83_40_79_18"
"HAARL24","Utrecht","25_44_47_13_93_83_40_79_18"
"UTR418","Utrecht","25_44_47_13_93_83_40_79_18"
"HAAG73A","The Hague","25_44_47_13_93_83_40_79_18"
"UTR12D","Utrecht","25_44_47_13_93_83_40_79_18"
"AVIGN208A","Cologne","25_44_83_1_47_76_10_18_38"
"BL2871","Verdun","25_72_18_13_58_83_93_82_38"
"BN13291","Verdun","25_72_18_13_58_83_93_82_38"
"BN17999","Verdun","25_72_18_13_58_83_93_82_38"
"BN1672","Verdun","25_72_18_13_58_83_93_82_38"
"BN27778","Verdun","25_72_18_13_58_83_93_82_38"
"BN27787","Verdun","25_72_18_13_58_83_93_82_38"
"WAG215","","25_72_24_57_32_40_68_18_38"
"BRU647","Antwerp","25_72_38_32_57_13_68_58_18"
"BL16","Antwerp","25_72_38_32_57_13_68_58_18"
"EVREUX118","Antwerp","25_72_38_32_57_13_68_58_18"
"BRU10528","Brussels","25_72_38_13_40_83_93_58_18"
"BL19","Brussels","25_72_38_13_40_83_93_58_18"
"S.LON(7)","","25_72_38_13_82_83_93_58_18"
"S.1925","Liege","25_72_38_13_93_83_82_58_18"
"BL28729","Liege","25_72_38_13_93_83_82_58_18"
"BL2930","Liege","25_72_38_13_93_83_82_58_18"
"BN1077","Liege","25_72_38_13_93_83_82_58_18"
"LIEGE431","Liege","25_72_38_13_93_83_82_58_18"
"BRU11791","Liege","25_72_38_13_93_83_82_58_18"
"BRU19095","Liege","25_72_38_13_93_83_82_58_18"
"BN10525","Liege","25_72_38_13_93_83_82_58_18"
"DARM999","Liege","25_72_38_13_93_83_82_58_18"
"S.1973","Louvain","25_72_38_13_93_83_82_58_18"
"BN6272","Liege","25_72_38_13_93_83_82_58_18"
"ARRAS417","Liege","25_72_38_13_93_83_82_58_18"
"VAL97","Liege","25_72_38_13_93_83_82_58_18"
"BLI2","Liege","25_72_38_13_93_83_82_58_18"
"HAAG25A","Deventer","25_72_82_13_93_83_44_79_47"
"BL30029","","25_83_13_58_29_93_82_72_38"
"METZ468A","St. Jean de Chalons","25_13_18_58_83_93_82_40_38"
"BN802D","Chalons-sur-Marne","25_13_18_58_83_93_82_40_38"
"ARS595A","St. Jean de Chalons","25_13_18_58_83_93_82_40_38"
"BN1269A","St. Jean de Chalons","25_13_18_58_83_93_82_40_38"
"CHAL36","Chalons-sur-Marne","25_13_18_58_83_93_82_40_38"
"CLG2","Chalons-sur-Marne","25_13_18_58_83_93_82_40_38"
"BN1069A","St. Jean de Chalons","25_13_18_58_83_93_82_40_38"
"S.1949","Chalons-sur-Marne","25_13_18_58_83_93_82_40_38"
"CHIC26","Chalons-sur-Marne","25_13_18_58_83_93_82_40_38"
"MEAUX134","Chalons-sur-Marne","25_13_18_58_83_93_82_40_38"
"M.C.13966","Chalons-sur-Marne","25_13_18_58_83_93_82_40_38"
"S.1939-2","Chalons-sur-Marne","25_13_18_58_83_93_82_40_38"
"ARS2978","Chalons-sur-Marne","25_13_18_58_83_93_82_40_38"
"LISB48","Chalons-sur-Marne","25_13_18_58_83_93_82_40_38"
"BN1168","Chalons-sur-Marne","25_13_18_58_83_93_82_40_38"
"CHAL1539","Chalons-sur-Marne","25_13_18_58_83_93_82_40_38"
"CHEV1569","Chalons-sur-Marne","25_13_18_58_83_93_82_40_38"
"UTR421","Utrecht","25_13_44_93_83_58_76_18_38"
"MUN13067A","Hastieres","25_13_47_93_83_18_58_79_38"
"VERD129A","St. Vanne","36_25_83_46_58_18_13_93_38"
"VERD128A","St. Vanne","36_25_83_46_58_18_13_93_38"
"PRAG9E","Magdeburg","44_47_58_76_83_79_1_18_38"
"BERL218","Hildesheim","44_47_58_76_83_79_1_18_38"
"BERL319A","Hildesheim","44_47_58_76_83_79_1_18_38"
"METZ1200A","Magdeburg","44_47_58_76_83_79_1_18_38"
"BERL303D","Brandenburg","44_47_58_76_83_79_1_18_38"
"BERL380A","Werden","44_47_58_76_83_79_1_18_38"
"UPS447","Odense","44_47_58_76_83_79_1_18_38"
"CPH29A","Odense","44_47_58_76_83_79_1_18_38"
"BL8075A","Magdeburg","44_47_58_76_83_79_1_18_38"
"CPHV903A","Magdeburg","44_47_58_76_83_79_1_18_38"
"S.1932-5","Havelberg","44_47_58_76_83_79_1_18_38"
"CPH30A","Odense","44_47_58_76_83_79_1_18_38"
"BL1420","Hamburg","44_47_58_76_83_79_1_18_38"
"CPH31A","Odense","44_47_58_76_83_79_1_18_38"
"MIL1869A","Hmburg","44_47_58_76_83_79_1_18_38"
"MIL1335A","Halle","44_47_58_76_83_79_1_18_38"
"S.1932-3","Halberstadt","44_47_58_76_83_79_1_18_38"
"COLM27A","Constance","44_83_47_79_76_10_18_27_58"
"BN2859","St. Quentin","46_28_36_24_89_57_14_32_38"
"BL18306A","St. Lambrecht","58_1_83_44_47_76_79_18_38"
"STUTT25","","68_44_84_1_18_83_79_76_38"
"FLOSN(A)","Florence","70_44_1_89_4_47_31_27_93"
"PRAG3","St. George, Prague","70_44_10_1_18_58_27_83_38"
"BN8879A","Gran","70_44_10_27_47_76_83_18_43"
"MIL1633A","Gran","70_44_10_27_47_76_83_18_43"
"MIL1856","Hermits of St. Paul","70_44_10_27_47_76_83_18_43"
"ZUR8","Einsiedeln","70_44_11_1_79_27_83_76_47"
"STUTT13A","Zwiefalten","70_44_11_1_79_27_83_76_58"
"STUTT89A","Weingarten","70_44_11_47_79_76_27_1_38"
"FULD116A","Weingarten","70_44_11_47_79_76_27_1_38"
"STUTT106","Weingarten","70_44_11_47_79_76_27_1_38"
"STUTT55","Weingarten","70_44_11_47_79_76_27_1_38"
"KRL60A","Zwiefalten","70_44_11_79_27_83_47_18_58"
"VAT16A","Agram","70_44_43_47_76_27_83_18_1"
"MUN23288","Raitenbuch","70_44_47_1_58_18_76_79_83"
"MUN12201A","Raitenbuch","70_44_47_1_58_18_76_79_83"
"POLTEN101","","70_44_47_1_58_79_76_18_38"
"MUN16526","Reichenhall","70_44_47_1_79_67_83_18_38"
"MUN26208","Reichenhall","70_44_47_1_79_67_83_18_38"
"MUN26209","Reichenhall","70_44_47_1_79_67_83_18_38"
"MUN26210","Reichenhall","70_44_47_1_79_67_83_18_38"
"STUTT91","Vienna","70_44_47_58_79_83_58_76_38"
"MUN1018","Diessen","70_44_47_79_1_58_18_10_38"
"CLG14","Passau","70_44_47_79_83_1_76_18_38"
"VIE43A","Passau","70_44_47_79_83_1_76_18_38"
"S.1932-17","Passau","70_44_47_79_83_1_76_18_38"
"UPS500S","","70_44_47_79_83_58_76_18_38"
"UPS500A","","70_44_47_79_83_76_58_18_38"
"VAT102","Ratisbon","70_44_47_79_83_76_58_18_38"
"S.1932-10","Ratisbon","70_44_47_79_83_76_58_18_38"
"BN24135","Ratisbon","70_44_47_79_83_76_58_18_38"
"BRU3835","Ratisbon","70_44_47_79_83_76_58_18_38"
"VAT33A","","70_44_76_47_58_83_1_18_38"
"PRAG9A","Prague","70_44_76_58_18_83_1_47_38"
"BL18308A","Prague","70_44_76_58_18_83_1_47_38"
"PRAG6","Prague","70_44_76_58_18_83_1_47_38"
"PRAG10A","Prague","70_44_76_58_18_83_1_47_38"
"BLH3A","Prague","70_44_76_58_18_83_1_47_38"
"VAT523A","Augsburg","70_44_79_47_27_76_1_83_18"
"CPHV891","Augsburg","70_44_79_47_27_76_1_83_18"
"BN24134","Augsburg","70_44_79_47_27_76_1_83_18"
"UDINE232A","","70_44_83_76_79_1_18_47_38"
"VAT7227A","Brixen","70_44_83_76_79_1_47_18_38"
"CPHV900A","Freising (printed in 1516)","70_44_89_1_47_18_79_83_38"
"BN24133A","Freising (printed in 1516)","70_44_89_1_47_18_79_83_38"
"S.1932-6","Merseburg","70_44_89_27_79_76_18_1_38"
"GUS1-34A","Alba Julia","70_44_89_27_83_76_47_1_43"
"VAT13A","Eichstätt","70_44_89_47_1_27_93_85_38"
"BN4951E","Eichstätt","70_44_89_47_1_27_93_85_38"
"BN584","","70_47_79_76_83_1_44_58_18"
"BL1487A","Olmütz","70_47_83_76_58_1_18_10_38"
"KLNB1011A","Klosterneuburg","70_79_44_47_83_1_58_76_18"
"KLNB987A","Leopold's Psalter","70_85_44_76_47_83_79_18_27"
"S.1932-A","Minden","70_89_44_93_27_1_76_47_18"
"BN1231A","Otto of Riedenburg's Pontifici","70_93_4_58_79_83_76_1_18"
"S.1945-1","Peronne","72_14_24_32_36_46_68_40_38"
"BN13310D","Tournus","72_14_24_56_36_32_51_46_68"
"LYO5152","","72_14_24_57_68_24_28_46_38"
"MONBRC","","72_14_24_82_32_68_57_28_38"
"MAZ478","","72_14_24_90_32_57_28_46_38"
"WORC160","Worcester","72_14_32_57_24_68_28_1_38"
"GEN93","Paris","72_14_32_57_24_68_28_46_38"
"BN14403","Ste Genevieve","72_14_32_57_24_68_28_46_38"
"GEN2619","St. Quentin","72_14_32_57_24_68_28_46_38"
"BN13225","Victorines","72_14_32_57_24_68_28_46_38"
"GEN2641D","Ste Genevieve","72_14_32_57_24_68_28_46_38"
"GEN2689","Genlis","72_14_32_57_24_68_28_46_38"
"MAZ347","Ste Genevieve","72_14_32_57_24_68_28_46_38"
"GEN1263","Ste Genevieve","72_14_32_57_24_68_28_46_38"
"AMIENS178","Paris","72_14_32_57_24_68_28_46_38"
"BN10528","Paris","72_14_32_57_24_68_28_46_38"
"BN1266","Meaux","72_14_32_57_24_68_28_46_38"
"S.1977","Paris","72_14_32_57_24_68_28_46_38"
"BN14279","Victorines","72_14_32_57_24_68_28_46_38"
"BN1358","Paris","72_14_32_57_24_68_28_46_38"
"BN1209","Meaux","72_14_32_57_24_68_28_46_38"
"BN1295","Meaux","72_14_32_57_24_68_28_46_38"
"BN17996","Meaux","72_14_32_57_24_68_28_46_38"
"BN10545","Paris","72_14_32_57_24_68_28_46_38"
"BN1401","Paris","72_14_32_57_24_68_28_46_38"
"BN761","Paris","72_14_32_57_24_68_28_46_38"
"BN921","Paris","72_14_32_57_24_68_28_46_38"
"CPHN131","Paris","72_14_32_57_24_68_28_46_38"
"CPHT355","Paris","72_14_32_57_24_68_28_46_38"
"CPHT534","Paris","72_14_32_57_24_68_28_46_38"
"MAZ495","Meaux","72_14_32_57_24_68_28_46_38"
"S.LON(11)","Paris","72_14_32_57_24_68_28_46_38"
"S.1938-4","Paris","72_14_32_57_24_68_28_46_38"
"ARS636","Quimper","72_14_32_57_24_68_28_46_38"
"LYO5140","Paris","72_14_32_57_24_68_28_46_38"
"BN18030","Paris","72_14_32_57_24_68_28_46_38"
"BN4393","Paris","72_14_32_57_24_68_28_46_38"
"FRFT229","Paris","72_14_32_57_24_68_28_46_38"
"ORLE124","Paris","72_14_32_57_24_68_28_46_38"
"BN1385","St. Pol-de-Leon","72_14_32_57_24_68_28_46_38"
"BN14817","Victorines","72_14_32_57_24_68_28_46_38"
"VAT198","Paris","72_14_32_57_24_68_28_46_38"
"SOL24","Paris","72_14_32_57_24_68_28_46_38"
"BN1347","Meaux","72_14_32_57_24_68_28_46_38"
"BN10540","Paris","72_14_32_57_24_68_28_46_38"
"ARS168","Paris","72_14_32_57_24_68_28_46_38"
"BN13167","Paris","72_14_32_57_24_68_28_46_38"
"FRFT129","Paris","72_14_32_57_24_68_28_46_38"
"BN2569","Paris","72_14_32_57_24_68_28_46_38"
"GEN162","Paris","72_14_32_57_24_68_28_46_38"
"ARS2900","Trinitarians","72_14_32_57_24_68_28_46_38"
"GEN1312","Victorines","72_14_32_57_24_68_28_46_38"
"BN4920","St. Pol-de-Leon","72_14_32_57_24_68_28_46_38"
"BN6337","Trinitarians","72_14_32_57_24_68_28_46_38"
"ARS950","Meaux","72_14_32_57_24_68_28_46_38"
"GEN1008","Meaux","72_14_32_57_24_68_28_46_38"
"GEN166","Paris","72_14_32_57_24_68_28_46_38"
"BN42304","Paris","72_14_32_57_24_68_28_46_38"
"BN1054","Meaux","72_14_32_57_24_68_28_46_38"
"GEN2618D","Paris","72_14_32_57_24_68_28_46_38"
"B1139","St. Denis","72_14_32_57_24_68_28_46_40"
"BN748D","Paris","72_14_32_57_24_68_28_46_40"
"BN5658","Paris","72_14_32_57_24_68_28_46_40"
"PAR178","Paris","72_14_32_57_24_68_28_46_40"
"PAR1220D","Paris","72_14_32_57_24_68_28_46_40"
"BN15182D","Paris","72_14_32_57_24_68_28_46_40"
"BN10482D","Paris","72_14_32_57_24_68_28_46_40"
"BN749D","Paris","72_14_32_57_24_68_28_46_40"
"GEN150","Paris","72_14_32_57_24_68_28_46_40"
"MAZ533","Paris","72_14_32_57_24_68_28_46_40"
"BN27815","St. Pol-de-Leon","72_14_32_57_24_68_28_46_40"
"GEN2680","Beauvais","72_14_32_57_24_68_28_58_38"
"MEAUX1077","Beauvais","72_14_32_57_24_68_28_58_38"
"BEAUVSN","Beauvais","72_14_32_57_24_68_28_58_38"
"ARS832","Beauvais","72_14_32_57_24_68_28_58_38"
"BN1030","Beauvais","72_14_32_57_24_68_28_58_38"
"GEN2640","Beauvais","72_14_32_57_24_68_28_58_38"
"BN27735","Beauvais","72_14_32_57_24_68_28_58_38"
"ARS2504","Beauvais","72_14_32_57_24_68_28_58_38"
"GEN117","Beauvais","72_14_32_57_24_68_28_58_40"
"CPHV1427B","Hildesheim","72_14_32_57_24_68_28_76_38"
"CAM391","Worcester","72_14_32_57_24_68_28_76_40"
"BN17994","St. Corneille-de-Compiegne","72_14_32_57_24_68_28_76_40"
"BL804","Durham","72_14_32_57_24_68_28_76_40"
"BN1072","St. Denis","72_14_32_57_24_68_28_76_40"
"CAM10","Peterborough","72_14_32_57_24_68_28_90_40"
"OXF17","Peterborough","72_14_32_57_24_68_28_90_40"
"BL36672","Therouanne","72_14_32_57_24_68_82_58_38"
"BN17997","Therouanne","72_14_32_57_24_68_82_58_38"
"S.1953-3","Therouanne","72_14_32_57_24_68_82_58_38"
"BN2872","Therouanne","72_14_32_57_24_68_82_58_38"
"CAMJC6","Durham","72_14_32_57_68_24_28_76_40"
"S.1937-2","","72_14_32_57_68_46_24_51_38"
"BN10547","Arras","72_14_38_28_32_68_57_56_38"
"BN622","Arras","72_14_38_28_32_68_57_56_40"
"ARRAS779","Arras","72_14_38_28_32_68_57_56_40"
"MAZ23296","Arras","72_14_38_28_32_68_57_56_40"
"MAZ23797","Arras","72_14_38_28_32_68_57_56_40"
"EBAMS83","Arras","72_14_38_28_32_68_57_56_40"
"ARRAS365","Arras","72_14_38_28_32_68_57_56_40"
"ARRAS412","Arras","72_14_38_28_32_68_57_56_40"
"GEN235","Arras","72_14_38_28_32_68_57_56_40"
"BN1029","Auxerre","72_14_40_32_8_12_68_36_38"
"BN1595","Auxerre","72_14_40_32_8_12_68_36_38"
"S.1934-2","Auxerre","72_14_40_32_8_12_68_36_38"
"ARS831","Auxerre","72_14_40_32_8_12_68_36_38"
"ARS2497","Auxerre","72_14_40_32_8_12_68_36_38"
"BN1175","French","72_14_46_57_32_24_82_68_38"
"BN9432","Amiens","72_14_56_24_32_57_68_40_1"
"AMIENS137","St. Martin-aux-Jumeaux","72_14_56_24_32_57_68_40_1"
"BN1416","Amiens","72_14_56_24_32_57_68_40_1"
"AMIENS148","St. Acheul","72_14_56_24_32_57_68_40_1"
"ABBV9","Amiens","72_14_56_24_32_57_68_40_1"
"AMIENS111","St. Fuscien","72_14_56_24_32_57_68_40_1"
"AMIENS179","St. Martin-aux-Jumeaux","72_14_56_24_32_57_68_40_1"
"DUP(1)","Amiens","72_14_56_24_32_57_68_40_1"
"S.LON(5)","Amiens","72_14_56_24_32_57_68_40_1"
"AMIENS442","Amiens","72_14_56_24_32_57_68_40_1"
"CHEV1541","Amiens","72_14_56_24_32_57_68_40_1"
"AMIENS925","Amiens","72_14_56_24_32_57_68_40_1"
"BN27949","Amiens","72_14_56_24_32_57_68_40_1"
"AMIENSSN","Amiens","72_14_56_24_32_57_68_40_1"
"AMIENS19","St. Fuscien","72_14_56_24_32_57_68_40_37"
"BN13221","Amiens","72_14_56_24_32_57_68_40_38"
"S.LON(8)","Amiens","72_14_56_24_32_57_68_40_38"
"BN13263","Amiens","72_14_56_24_32_57_68_40_38"
"OXF23","Amiens","72_14_56_24_32_57_68_40_38"
"BN10536","Amiens","72_14_56_24_32_57_68_40_38"
"BN1592","Amiens","72_14_56_24_32_57_68_40_38"
"S.1933-2","St. Rufus","72_14_68_36_46_79_32_40_12"
"S.1932-14","St. Rufus","72_14_68_36_46_79_32_40_12"
"S.1936-1","","72_14_82_32_8_12_53_68_38"
"BN2871D","St. Martin's at Tours","72_32_40_68_89_79_83_12_38"
"BN27749","Nevers","72_79_8_32_68_12_57_46_38"
"METZ468B","St. Jean de Chalons","72_82_1_56_28_93_53_51_68"
"ARS595B","St. Jean de Chalons","72_82_1_56_28_93_53_51_38"
"BN1269B","St. Jean de Chalons","72_82_1_56_28_93_53_51_68"
"BN1287","Brioude","72_82_14_1_24_56_68_32_38"
"BL2979","Brioude","72_82_14_1_24_56_68_32_38"
"CL-FD724","Brioude","72_82_14_1_24_56_68_32_38"
"GEN1262","Clermont-Ferrand","72_82_14_1_24_56_79_32_38"
"CL-FD86","Clermont-Ferrand","72_82_14_1_24_56_79_32_38"
"BN116","Clermont-Ferrand","72_82_14_1_24_56_79_32_38"
"BN1274","Clermont-Ferrand","72_82_14_1_24_56_79_32_38"
"CL-FD71","Clermont-Ferrand","72_82_14_1_24_56_79_32_38"
"CL-FD1509","Clermont-Ferrand","72_82_14_1_24_56_79_32_38"
"BN2894","Clermont-Ferrand","72_82_14_1_24_56_79_32_38"
"CLERM1502","Clermont-Ferrand","72_82_14_1_24_56_79_32_38"
"CL-FD5372","Clermont-Ferrand","72_82_14_1_24_56_79_32_38"
"ALBI2","Mende","72_82_14_24_56_40_32_68_38"
"TOULSN2","Mende","72_82_14_24_56_40_32_68_38"
"CARP75","Mende","72_82_14_24_56_40_32_68_79"
"BN323","St. Barnard-de-Romans","72_82_14_68_1_79_32_36_38"
"BN357","St. Barnard-de-Romans","72_82_14_68_1_79_32_36_38"
"MADR6682","Mallorca","72_82_21_1_83_92_79_36_38"
"BN10524","","72_11_1_32_57_90_83_79_38"
"MAZ23797S","Arras","73_79_76_83_13_44_18_58_38"
"VIE1826A","St. Georg Prüfening","76_83_79_44_47_27_85_18_4"
"VIE2700","St. Peter's, Salzburg","79_1_10_44_58_47_76_27_18"
"COLM229A","Murbach","79_1_18_47_58_83_10_76_38"
"MCR3","Murbach","79_1_18_47_58_83_10_76_38"
"VAT81","Petersberg","79_1_18_47_58_83_10_76_38"
"VAL142","St. Amand","79_1_18_47_58_83_10_76_38"
"BERL14","Bursfeld","79_1_18_47_58_83_10_76_38"
"CPHN37","Bursfeld","79_1_18_47_58_83_10_76_38"
"VAT542","Bursfeld","79_1_18_47_58_83_10_76_38"
"CPHG3454","Cismar","79_1_18_47_58_83_10_76_38"
"CPHG3456","Cismar","79_1_18_47_58_83_10_76_38"
"BNSN(2)","Ghistelles","79_1_18_47_58_83_10_76_38"
"BN1311","St. Martin, Trier","79_1_18_47_58_83_10_76_38"
"TREV383","St. Matthias, Trier","79_1_18_47_58_83_10_76_38"
"TREV466","St. Irminen, Trier","79_1_18_47_58_83_10_76_38"
"BRU3828","Lobbes","79_1_18_47_58_83_10_76_38"
"VAL134","St. Amand","79_1_18_47_58_83_10_76_38"
"PAR1518","German Observance","79_1_18_47_58_83_10_76_38"
"BURSF1521","Bursfeld","79_1_18_47_58_83_10_76_38"
"SALZB23","","79_10_58_44_47_1_27_18_38"
"VIE1936A","Mondsee","79_27_76_44_47_58_1_18_38"
"UDINE72A","Aquileia","79_27_76_44_47_58_1_18_38"
"UDINE73A","Aquileia","79_27_76_44_47_58_1_18_38"
"BL8192D","Erfurt","79_44_10_47_58_1_76_18_38"
"BN4954A","St. Severus, Erfurt","79_44_10_47_58_1_76_18_38"
"PAS1496A","Passau","79_44_47_1_58_83_18_76_38"
"GEN828A","Salzburg","79_44_47_1_58_83_18_76_38"
"BL3366","Chiemsee","79_44_47_1_58_83_18_76_40"
"STUTT77","Blaubeuren","79_44_47_10_83_1_76_18_38"
"BL15482","","79_44_47_83_76_1_10_18_38"
"S.1932-15","Naumburg","79_44_58_76_47_1_83_18_38"
"FULD71","","79_44_58_76_47_83_1_10_18"
"MUN14771K","St. Emmeram","79_44_76_27_47_1_58_18_38"
"BN10531","Heidenheim","79_44_76_47_27_1_58_18_38"
"CPHV906A","Münster","79_44_83_47_1_18_58_10_38"
"BN6289A","Münster","79_44_83_47_1_18_58_10_38"
"MUNST(1)A","Münster","79_44_83_47_1_18_58_10_38"
"BORD902","St. Emillion","79_58_47_83_76_40_18_38_1"
"UTR425A","","79_58_47_83_76_44_10_18_38"
"BRU3068","St. Simeon, Trier","79_58_76_47_1_83_10_18_38"
"TREV427A","St. Simeon, Trier","79_58_76_47_1_83_10_18_40"
"MUN14741A","Niederaltaich","79_58_83_76_27_44_1_93_47"
"METZ45A","St. Arnulf","79_76_47_1_44_52_83_58_38"
"WAG23","","79_82_1_83_47_58_76_18_38"
"BL16A","Meissen","79_82_47_76_1_58_18_83_38"
"UPS438","","79_82_83_1_58_47_10_18_38"
"UPS454","","79_82_83_1_58_47_10_18_38"
"UPS474","","79_82_83_1_58_47_10_18_38"
"UPS491","","79_82_83_1_58_47_10_18_38"
"UPS488","","79_82_83_1_58_47_10_18_38"
"MAZ23823A","Speyer","79_82_83_1_58_47_76_18_10"
"CPHV1427A","Hildesheim","79_82_83_1_58_47_76_18_38"
"PAUL26A","Bamberg","79_82_83_27_47_1_58_76_18"
"BN670A","Bamberg","79_82_83_27_47_1_58_76_18"
"ARS423A","Bamberg","79_82_83_27_47_1_58_76_18"
"VAT13D","Eichstätt","79_82_83_27_47_1_58_76_18"
"BAMB27A","Bamberg","79_82_83_27_47_1_58_76_18"
"BN4951A","Eichstätt","79_82_83_27_47_1_58_76_18"
"BAMB22","Bamberg","79_82_83_27_47_1_58_76_18"
"BAMB26","Bamberg","79_82_83_27_47_1_58_76_18"
"WOLF309A","Maria Garten","79_82_83_58_47_1_76_18_38"
"WURZB71A","Würzburg","79_83_40_85_58_76_47_18_10"
"WURZB171A","Würzburg","79_83_40_85_58_76_47_18_10"
"WURZB172A","Würzburg","79_83_40_85_58_76_47_18_10"
"BL10521A","Würzburg","79_83_40_85_58_76_47_18_10"
"EDINB48","","79_83_44_47_58_76_1_18_38"
"CPH25","Arhus","79_83_44_47_76_18_1_58_40"
"MUNST(2)","Münster","79_83_44_58_1_47_10_18_38"
"DORTMSNA","Münster","79_83_44_58_1_47_10_18_38"
"OXF297A","St. Felicity, Münsterschwarzach","79_83_47_44_76_27_18_1_58"
"FULD122A","Teutonic Order","79_83_58_76_47_18_1_10_38"
"VAT114","Teutonic Order","79_83_58_76_47_18_1_10_38"
"TREV359","","79_83_58_76_47_18_1_10_38"
"BL1734A","Teutonic Order","79_83_58_76_47_18_1_10_38"
"BRU19004A","Teutonic Order","79_83_58_76_47_18_1_10_38"
"CON1A","Seebach","79_83_76_27_1_47_58_18_38"
"CON1542A","Seebach","79_83_76_27_1_47_58_18_38"
"KREMS239","Lambach (OSB)","79_83_76_44_47_18_10_58_38"
"BL36672D","Therouanne","79_83_76_85_1_18_10_44_38"
"BN17997","Therouanne","79_83_76_85_1_18_10_44_38"
"MAZ484","Therouanne","79_83_76_85_1_18_10_44_38"
"St.OM389D","Therouanne","79_83_76_85_1_18_10_44_38"
"S.1933-1","Vienne","82_72_1_14_36_56_32_68_79"
"BN1129","Vienne","82_72_1_14_36_56_32_68_79"
"VAT59","Vienne","82_72_1_14_36_56_32_68_79"
"GREN8690","Vienne","82_72_1_14_36_56_32_68_79"
"GEN781","Vienne","82_72_1_14_36_56_32_68_79"
"GEN1293D","Lund","82_83_58_1_44_47_79_18_38"
"BN1231S2","Otto of Riedenburg's Pontifici","82_11_11_94_36_67_84_95_3"
"ARRAS230M","St. Vedast","83_25_58_93_18_65_29_46_38"
"BN3104","Carthusian (St. Omer)","83_25_13_29_93_58_68_82_38"
"BEAUNE39","Notre-Dame-du-Bon-Conseil","83_25_13_58_29_93_72_82_38"
"WAG47","Notre-Dame-du-Bon-Conseil","83_25_13_58_29_93_72_82_38"
"UTR91","Watten","83_25_13_58_29_93_72_82_38"
"BL1018A","St. Donatian of Bruges","83_25_13_58_29_93_72_82_38"
"CAMBR104D","Tournai","83_25_13_58_29_93_82_18_38"
"DOUAI163D","Tournai","83_25_13_58_29_93_82_18_38"
"BRU460","Mont-Saint-Eloi","83_25_13_58_29_93_82_40_38"
"ARRAS530","Mont-Saint-Eloi","83_25_13_58_29_93_82_40_38"
"DOUAI173","Lille","83_25_13_58_29_93_82_72_38"
"BERL78","Margr. Skulesdatter","83_25_13_58_29_93_82_72_38"
"CPHT542","","83_25_13_58_29_93_82_72_38"
"BN13312","Phalempin","83_25_13_58_29_93_82_72_38"
"BN24063","Lille","83_25_13_58_29_93_82_72_38"
"BN1326","Henin-Lietard","83_25_13_58_29_93_82_72_38"
"AM679","Nidaros","83_25_13_58_93_29_40_82_38"
"AM241","Skalholt","83_25_13_58_93_29_40_82_38"
"ST.OM363","Andres","83_25_13_58_93_29_72_82_38"
"DARM4161","St. Omer","83_25_13_58_93_29_72_82_38"
"BRU11790","St. Omer","83_25_13_58_93_29_72_82_38"
"BRU653","St. Omer","83_25_13_58_93_29_72_82_38"
"ARRAS230V","S. Vedast","83_25_13_93_18_65_29_44_38"
"CAMBR75D","S. Vedast","83_25_13_93_52_18_29_44_47"
"CPHN31","Bremen","83_44_47_1_58_79_18_76_38"
"CPHV3412","Lübeck","83_44_47_1_58_79_18_76_38"
"CPHV902","Lübeck","83_44_47_1_58_79_18_76_38"
"CPHV3413","Lübeck","83_44_47_1_58_79_18_76_38"
"CPHN39A","Bremen","83_44_47_1_58_79_18_76_38"
"BRU2810A","Nivelles","83_57_79_70_58_40_44_47_18"
"LUND34D","Lund","83_82_58_1_44_47_79_18_38"
"ROUEN225A","St. Wandrille","85_44_10_47_1_76_27_18_38"
"OXF71A","St. Wandrille","85_44_10_47_1_76_27_18_38"
"MTP314A","St. Stephen's, Caen","85_44_10_47_76_1_27_18_12"
"BN13242A","Troarn","85_44_10_47_76_1_27_18_38"
"EVREUX43","St. Sauveur, Evreux","85_44_10_47_76_12_1_27_38"
"CPHN45A","Roskilde","85_44_47_10_58_1_79_18_38"
"KALMAR","Roskilde","85_44_47_10_58_1_79_18_38"
"CPH32A","Roskilde","85_44_47_10_58_1_79_18_38"
"FULD136A","Fulda","85_44_47_76_10_27_83_18_38"
"STUTT75","St. Ulrich & Afra Augsburg","85_58_70_44_79_47_18_10_38"
"BL10A","St. Emmeram","85_58_70_47_44_79_1_18_38"
"MUN26221","","85_70_58_44_76_79_1_18_38"
"BN1310A","Worms","85_76_83_79_47_18_44_10_1"
"MAZ1231A","Worms","85_76_83_79_47_18_44_10_1"
"BL1146A","Worms","85_76_83_79_47_18_44_10_1"
"BL19415A","Worms","85_76_83_79_47_18_44_10_1"
"B1271A","Worms","85_76_83_79_47_18_44_10_1"
"KASS129","Fritzlar","85_79_44_47_10_76_27_18_38"
"KASS124","Fritzlar","85_79_44_47_10_76_27_18_38"
"GORZ(A)D","Aquileia","85_79_76_83_4_1_47_27_38"
"GORZ(B)D","Aquileia","85_79_76_83_4_1_47_27_38"
"CIVD57","Cividale","85_79_76_83_4_58_47_27_38"
"UPS461D","Linköping","85_83_44_10_47_58_1_79_18"
"STKHRA2D","Linköping","85_83_44_10_47_58_1_79_18"
"UPS435D","Linköping","85_83_44_10_47_58_1_79_18"
"CAM7D","Linköping","85_83_44_10_47_58_1_79_18"
"VATPROPD","Schleswig","85_83_44_10_47_58_1_79_38"
"CPH33D","Schleswig","85_83_44_10_47_58_1_79_38"
"PORRSN","Basle","85_83_44_47_76_10_1_27_18"
"TREV439A","Eberhardsklausen","85_83_44_47_76_10_1_27_18"
"BN223A","Mainz","85_83_44_47_76_10_1_27_18"
"MAINZ950A","Mainz","85_83_44_47_76_10_1_27_18"
"BN2442","Mainz","85_83_44_47_76_10_1_27_18"
"BN1678A","Mainz","85_83_44_47_76_10_1_27_18"
"BL37099","Basle","85_83_44_47_76_10_1_27_18"
"CPHV904A","Mainz","85_83_44_47_76_10_1_27_18"
"CPHV893D","Basle","85_83_44_47_76_10_1_27_18"
"MAZ801","Mainz","85_83_44_47_76_10_1_27_18"
"BN149","Mainz","85_83_44_47_76_10_1_27_18"
"VAT211","Montecassino","90_72_24_32_57_28_71_79_38"
"CASS198","Sta Maria di Albaneta","90_72_24_46_32_57_28_71_38"
"VALL32","Sta Sophia","90_72_24_46_32_57_28_71_40"
"GEN998","Nevers","90_79_8_32_68_12_57_46_38"
"DOLE41","Nevers","90_79_8_32_68_12_57_46_38"
"BN908","Nevers","90_79_8_32_68_12_57_46_38"
"BARCL73","St. Cugat","92_90_21_14_32_79_68_83_38"
"BN1231S1","Otto of Riedenburg's Pontifici","10_10_10_10_10_10_10_10_10"
"ORLE125D","St. Benoit-sur-Loire","11_10_84_10_36_38_67_75_12"
"ORLE129D","St. Benoit-sur-Loire","11_10_84_10_36_38_67_75_12"
"ORLE776D","St. Benoit-sur-Loire","11_10_84_10_36_38_67_75_12"
"BN976","St. Denis","13_14_44_57_24_38_28_40_58"
"BN976E","St. Denis","13_14_44_57_24_38_68_40_58"
"BN1072E","St. Denis","13_44_76_10_58_38_83_18_12"
"ALBI44","","72_82_14_1_24_56_36_93_28"
"VIE1894","Dominican Vienna","14_72_24_32_57_28_68_46_38"
"VIE1824","Ratisbon","70_44_47_79_83_76_58_18_38"
"MUN23037","St. Georg Prüfening","14_72_24_32_57_68_82_83_38"
"HEIL65","Heiligenkreuz","14_72_46_32_57_40_68_28_38"
"VIE1309","Carthusian","14_36_46_67_51_33_60_95_53"
"LAMB103A","Lambach (OSB)","14_72_24_32_57_68_28_82_38"
"LAMB103B","Lambach (OSB)","79_83_76_44_47_18_10_58_38"
"LAMB164","Lambach (OSB)","79_83_76_44_47_18_10_58_38"
"GRAZ1119","Lambach (OSB)?","14_72_24_32_57_68_28_82_38"
"BRIXEN_MIN","Brixen diocese","14_72_24_32_57_68_28_40_38"
"BRIXEN_MAI","Brixen diocese","70_44_83_79_76_1_47_18_30"
"PAVM12","Pavia","14_72_24_57_32_68_67_68_40"
"IVREA31","Ivrea","14_72_24_90_32_57_68_52_40"
"NEU405","Neustift?","44_47_1_58_79_18_83_76_38"
"NEU15063","Neustift?","70_44_47_58_83_76_1_18_38"
"NEU654","Neustift?","79_44_47_83_76_1_10_18_38"
"AQUIC6","Aquilaea, Süddeutsch","79_44_47_83_76_1_58_18_38"
"MOOS149A","Moosburg","14_72_24_32_57_82_68_28_40"
"MOOS149B","Moosburg","70_47_1_27_44_18_79_83_38"
